index,Sku,Style Id,Catalog,Category,Weight,TP,MRP Old,Final MRP Old,Ajio MRP,Amazon MRP,Amazon FBA MRP,Flipkart MRP,Limeroad MRP,Myntra MRP,Paytm MRP,Snapdeal MRP,Markup,Markup %,Price_Outlier
0,Os206_3141_S,Os206_3141,Moments,Kurta,0.3,538.0,2178.0,2295.0,2295.0,2295.0,2295.0,2295.0,2295.0,2295.0,2295.0,2295.0,1757.0,326.57992565055764,False
1,Os206_3141_M,Os206_3141,Moments,Kurta,0.3,538.0,2178.0,2295.0,2295.0,2295.0,2295.0,2295.0,2295.0,2295.0,2295.0,2295.0,1757.0,326.57992565055764,False
2,Os206_3141_L,Os206_3141,Moments,Kurta,0.3,538.0,2178.0,2295.0,2295.0,2295.0,2295.0,2295.0,2295.0,2295.0,2295.0,2295.0,1757.0,326.57992565055764,False
3,Os206_3141_XL,Os206_3141,Moments,Kurta,0.3,538.0,2178.0,2295.0,2295.0,2295.0,2295.0,2295.0,2295.0,2295.0,2295.0,2295.0,1757.0,326.57992565055764,False
4,Os206_3141_2XL,Os206_3141,Moments,Kurta,0.3,538.0,2178.0,2295.0,2295.0,2295.0,2295.0,2295.0,2295.0,2295.0,2295.0,2295.0,1757.0,326.57992565055764,False
5,Os206_3141_3XL,Os206_3141,Moments,Kurta,0.3,538.0,2178.0,2295.0,2295.0,2295.0,2295.0,2295.0,2295.0,2295.0,2295.0,2295.0,1757.0,326.57992565055764,False
6,Os223_3142_S,Os223_3142,Moments,Kurta,0.3,538.0,2178.0,2295.0,2295.0,2295.0,2295.0,2295.0,2295.0,2295.0,2295.0,2295.0,1757.0,326.57992565055764,False
7,Os223_3142_M,Os223_3142,Moments,Kurta,0.3,538.0,2178.0,2295.0,2295.0,2295.0,2295.0,2295.0,2295.0,2295.0,2295.0,2295.0,1757.0,326.57992565055764,False
8,Os223_3142_L,Os223_3142,Moments,Kurta,0.3,538.0,2178.0,2295.0,2295.0,2295.0,2295.0,2295.0,2295.0,2295.0,2295.0,2295.0,1757.0,326.57992565055764,False
9,Os223_3142_XL,Os223_3142,Moments,Kurta,0.3,538.0,2178.0,2295.0,2295.0,2295.0,2295.0,2295.0,2295.0,2295.0,2295.0,2295.0,1757.0,326.57992565055764,False
10,Os223_3142_2XL,Os223_3142,Moments,Kurta,0.3,538.0,2178.0,2295.0,2295.0,2295.0,2295.0,2295.0,2295.0,2295.0,2295.0,2295.0,1757.0,326.57992565055764,False
11,Os223_3142_3XL,Os223_3142,Moments,Kurta,0.3,538.0,2178.0,2295.0,2295.0,2295.0,2295.0,2295.0,2295.0,2295.0,2295.0,2295.0,1757.0,326.57992565055764,False
12,Os212_3143_S,Os212_3143,Moments,Kurta,0.3,538.0,2178.0,2295.0,2295.0,2295.0,2295.0,2295.0,2295.0,2295.0,2295.0,2295.0,1757.0,326.57992565055764,False
13,Os212_3143_M,Os212_3143,Moments,Kurta,0.3,538.0,2178.0,2295.0,2295.0,2295.0,2295.0,2295.0,2295.0,2295.0,2295.0,2295.0,1757.0,326.57992565055764,False
14,Os212_3143_L,Os212_3143,Moments,Kurta,0.3,538.0,2178.0,2295.0,2295.0,2295.0,2295.0,2295.0,2295.0,2295.0,2295.0,2295.0,1757.0,326.57992565055764,False
15,Os212_3143_XL,Os212_3143,Moments,Kurta,0.3,538.0,2178.0,2295.0,2295.0,2295.0,2295.0,2295.0,2295.0,2295.0,2295.0,2295.0,1757.0,326.57992565055764,False
16,Os212_3143_2XL,Os212_3143,Moments,Kurta,0.3,538.0,2178.0,2295.0,2295.0,2295.0,2295.0,2295.0,2295.0,2295.0,2295.0,2295.0,1757.0,326.57992565055764,False
17,Os212_3143_3XL,Os212_3143,Moments,Kurta,0.3,538.0,2178.0,2295.0,2295.0,2295.0,2295.0,2295.0,2295.0,2295.0,2295.0,2295.0,1757.0,326.57992565055764,False
18,Os214_3144_S,Os214_3144,Moments,Kurta,0.3,538.0,2178.0,2295.0,2295.0,2295.0,2295.0,2295.0,2295.0,2295.0,2295.0,2295.0,1757.0,326.57992565055764,False
19,Os214_3144_M,Os214_3144,Moments,Kurta,0.3,538.0,2178.0,2295.0,2295.0,2295.0,2295.0,2295.0,2295.0,2295.0,2295.0,2295.0,1757.0,326.57992565055764,False
20,Os214_3144_L,Os214_3144,Moments,Kurta,0.3,538.0,2178.0,2295.0,2295.0,2295.0,2295.0,2295.0,2295.0,2295.0,2295.0,2295.0,1757.0,326.57992565055764,False
21,Os214_3144_XL,Os214_3144,Moments,Kurta,0.3,538.0,2178.0,2295.0,2295.0,2295.0,2295.0,2295.0,2295.0,2295.0,2295.0,2295.0,1757.0,326.57992565055764,False
22,Os214_3144_2XL,Os214_3144,Moments,Kurta,0.3,538.0,2178.0,2295.0,2295.0,2295.0,2295.0,2295.0,2295.0,2295.0,2295.0,2295.0,1757.0,326.57992565055764,False
23,Os214_3144_3XL,Os214_3144,Moments,Kurta,0.3,538.0,2178.0,2295.0,2295.0,2295.0,2295.0,2295.0,2295.0,2295.0,2295.0,2295.0,1757.0,326.57992565055764,False
24,Os207_3145_S,Os207_3145,Moments,Kurta,0.3,538.0,2178.0,2295.0,2295.0,2295.0,2295.0,2295.0,2295.0,2295.0,2295.0,2295.0,1757.0,326.57992565055764,False
25,Os207_3145_M,Os207_3145,Moments,Kurta,0.3,538.0,2178.0,2295.0,2295.0,2295.0,2295.0,2295.0,2295.0,2295.0,2295.0,2295.0,1757.0,326.57992565055764,False
26,Os207_3145_L,Os207_3145,Moments,Kurta,0.3,538.0,2178.0,2295.0,2295.0,2295.0,2295.0,2295.0,2295.0,2295.0,2295.0,2295.0,1757.0,326.57992565055764,False
27,Os207_3145_XL,Os207_3145,Moments,Kurta,0.3,538.0,2178.0,2295.0,2295.0,2295.0,2295.0,2295.0,2295.0,2295.0,2295.0,2295.0,1757.0,326.57992565055764,False
28,Os207_3145_2XL,Os207_3145,Moments,Kurta,0.3,538.0,2178.0,2295.0,2295.0,2295.0,2295.0,2295.0,2295.0,2295.0,2295.0,2295.0,1757.0,326.57992565055764,False
29,Os207_3145_3XL,Os207_3145,Moments,Kurta,0.3,538.0,2178.0,2295.0,2295.0,2295.0,2295.0,2295.0,2295.0,2295.0,2295.0,2295.0,1757.0,326.57992565055764,False
30,Os202_3146_S,Os202_3146,Moments,Kurta,0.3,538.0,2178.0,2295.0,2295.0,2295.0,2295.0,2295.0,2295.0,2295.0,2295.0,2295.0,1757.0,326.57992565055764,False
31,Os202_3146_M,Os202_3146,Moments,Kurta,0.3,538.0,2178.0,2295.0,2295.0,2295.0,2295.0,2295.0,2295.0,2295.0,2295.0,2295.0,1757.0,326.57992565055764,False
32,Os202_3146_L,Os202_3146,Moments,Kurta,0.3,538.0,2178.0,2295.0,2295.0,2295.0,2295.0,2295.0,2295.0,2295.0,2295.0,2295.0,1757.0,326.57992565055764,False
33,Os202_3146_XL,Os202_3146,Moments,Kurta,0.3,538.0,2178.0,2295.0,2295.0,2295.0,2295.0,2295.0,2295.0,2295.0,2295.0,2295.0,1757.0,326.57992565055764,False
34,Os202_3146_2XL,Os202_3146,Moments,Kurta,0.3,538.0,2178.0,2295.0,2295.0,2295.0,2295.0,2295.0,2295.0,2295.0,2295.0,2295.0,1757.0,326.57992565055764,False
35,Os202_3146_3XL,Os202_3146,Moments,Kurta,0.3,538.0,2178.0,2295.0,2295.0,2295.0,2295.0,2295.0,2295.0,2295.0,2295.0,2295.0,1757.0,326.57992565055764,False
36,Os181_5051_S,Os181_5051,Colors-8,Kurta,0.3,438.0,1778.0,1895.0,1895.0,1895.0,1895.0,1895.0,1895.0,1895.0,1895.0,1895.0,1457.0,332.648401826484,False
37,Os181_5051_M,Os181_5051,Colors-8,Kurta,0.3,438.0,1778.0,1895.0,1895.0,1895.0,1895.0,1895.0,1895.0,1895.0,1895.0,1895.0,1457.0,332.648401826484,False
38,Os181_5051_L,Os181_5051,Colors-8,Kurta,0.3,438.0,1778.0,1895.0,1895.0,1895.0,1895.0,1895.0,1895.0,1895.0,1895.0,1895.0,1457.0,332.648401826484,False
39,Os181_5051_XL,Os181_5051,Colors-8,Kurta,0.3,438.0,1778.0,1895.0,1895.0,1895.0,1895.0,1895.0,1895.0,1895.0,1895.0,1895.0,1457.0,332.648401826484,False
40,Os181_5051_2XL,Os181_5051,Colors-8,Kurta,0.3,438.0,1778.0,1895.0,1895.0,1895.0,1895.0,1895.0,1895.0,1895.0,1895.0,1895.0,1457.0,332.648401826484,False
41,Os181_5051_3XL,Os181_5051,Colors-8,Kurta,0.3,438.0,1778.0,1895.0,1895.0,1895.0,1895.0,1895.0,1895.0,1895.0,1895.0,1895.0,1457.0,332.648401826484,False
42,Os191_5052_S,Os191_5052,Colors-8,Kurta,0.3,438.0,1778.0,1895.0,1895.0,1895.0,1895.0,1895.0,1895.0,1895.0,1895.0,1895.0,1457.0,332.648401826484,False
43,Os191_5052_M,Os191_5052,Colors-8,Kurta,0.3,438.0,1778.0,1895.0,1895.0,1895.0,1895.0,1895.0,1895.0,1895.0,1895.0,1895.0,1457.0,332.648401826484,False
44,Os191_5052_L,Os191_5052,Colors-8,Kurta,0.3,438.0,1778.0,1895.0,1895.0,1895.0,1895.0,1895.0,1895.0,1895.0,1895.0,1895.0,1457.0,332.648401826484,False
45,Os191_5052_XL,Os191_5052,Colors-8,Kurta,0.3,438.0,1778.0,1895.0,1895.0,1895.0,1895.0,1895.0,1895.0,1895.0,1895.0,1895.0,1457.0,332.648401826484,False
46,Os191_5052_2XL,Os191_5052,Colors-8,Kurta,0.3,438.0,1778.0,1895.0,1895.0,1895.0,1895.0,1895.0,1895.0,1895.0,1895.0,1895.0,1457.0,332.648401826484,False
47,Os191_5052_3XL,Os191_5052,Colors-8,Kurta,0.3,438.0,1778.0,1895.0,1895.0,1895.0,1895.0,1895.0,1895.0,1895.0,1895.0,1895.0,1457.0,332.648401826484,False
48,Os197_5053_S,Os197_5053,Colors-8,Kurta,0.3,438.0,1895.0,1895.0,1895.0,1895.0,1895.0,1895.0,1895.0,1895.0,1895.0,1895.0,1457.0,332.648401826484,False
49,Os197_5053_M,Os197_5053,Colors-8,Kurta,0.3,438.0,1895.0,1895.0,1895.0,1895.0,1895.0,1895.0,1895.0,1895.0,1895.0,1895.0,1457.0,332.648401826484,False
50,Os197_5053_L,Os197_5053,Colors-8,Kurta,0.3,438.0,1895.0,1895.0,1895.0,1895.0,1895.0,1895.0,1895.0,1895.0,1895.0,1895.0,1457.0,332.648401826484,False
51,Os197_5053_XL,Os197_5053,Colors-8,Kurta,0.3,438.0,1895.0,1895.0,1895.0,1895.0,1895.0,1895.0,1895.0,1895.0,1895.0,1895.0,1457.0,332.648401826484,False
52,Os197_5053_2XL,Os197_5053,Colors-8,Kurta,0.3,438.0,1895.0,1895.0,1895.0,1895.0,1895.0,1895.0,1895.0,1895.0,1895.0,1895.0,1457.0,332.648401826484,False
53,Os197_5053_3XL,Os197_5053,Colors-8,Kurta,0.3,438.0,1895.0,1895.0,1895.0,1895.0,1895.0,1895.0,1895.0,1895.0,1895.0,1895.0,1457.0,332.648401826484,False
54,OS219_5054_S,OS219_5054,Colors-8,Kurta,0.3,438.0,1778.0,1895.0,1895.0,1895.0,1895.0,1895.0,1895.0,1895.0,1895.0,1895.0,1457.0,332.648401826484,False
55,OS219_5054_M,OS219_5054,Colors-8,Kurta,0.3,438.0,1778.0,1895.0,1895.0,1895.0,1895.0,1895.0,1895.0,1895.0,1895.0,1895.0,1457.0,332.648401826484,False
56,OS219_5054_L,OS219_5054,Colors-8,Kurta,0.3,438.0,1778.0,1895.0,1895.0,1895.0,1895.0,1895.0,1895.0,1895.0,1895.0,1895.0,1457.0,332.648401826484,False
57,OS219_5054_XL,OS219_5054,Colors-8,Kurta,0.3,438.0,1778.0,1895.0,1895.0,1895.0,1895.0,1895.0,1895.0,1895.0,1895.0,1895.0,1457.0,332.648401826484,False
58,OS219_5054_2XL,OS219_5054,Colors-8,Kurta,0.3,438.0,1778.0,1895.0,1895.0,1895.0,1895.0,1895.0,1895.0,1895.0,1895.0,1895.0,1457.0,332.648401826484,False
59,OS219_5054_3XL,OS219_5054,Colors-8,Kurta,0.3,438.0,1778.0,1895.0,1895.0,1895.0,1895.0,1895.0,1895.0,1895.0,1895.0,1895.0,1457.0,332.648401826484,False
60,Os195_5055_S,Os195_5055,Colors-8,Kurta,0.3,438.0,1778.0,1895.0,1895.0,1895.0,1895.0,1895.0,1895.0,1895.0,1895.0,1895.0,1457.0,332.648401826484,False
61,Os195_5055_M,Os195_5055,Colors-8,Kurta,0.3,438.0,1778.0,1895.0,1895.0,1895.0,1895.0,1895.0,1895.0,1895.0,1895.0,1895.0,1457.0,332.648401826484,False
62,Os195_5055_L,Os195_5055,Colors-8,Kurta,0.3,438.0,1778.0,1895.0,1895.0,1895.0,1895.0,1895.0,1895.0,1895.0,1895.0,1895.0,1457.0,332.648401826484,False
63,Os195_5055_XL,Os195_5055,Colors-8,Kurta,0.3,438.0,1778.0,1895.0,1895.0,1895.0,1895.0,1895.0,1895.0,1895.0,1895.0,1895.0,1457.0,332.648401826484,False
64,Os195_5055_2XL,Os195_5055,Colors-8,Kurta,0.3,438.0,1778.0,1895.0,1895.0,1895.0,1895.0,1895.0,1895.0,1895.0,1895.0,1895.0,1457.0,332.648401826484,False
65,Os195_5055_3XL,Os195_5055,Colors-8,Kurta,0.3,438.0,1778.0,1895.0,1895.0,1895.0,1895.0,1895.0,1895.0,1895.0,1895.0,1895.0,1457.0,332.648401826484,False
66,Os189_5056_S,Os189_5056,Colors-8,Kurta,0.3,438.0,1778.0,1895.0,1895.0,1895.0,1895.0,1895.0,1895.0,1895.0,1895.0,1895.0,1457.0,332.648401826484,False
67,Os189_5056_M,Os189_5056,Colors-8,Kurta,0.3,438.0,1778.0,1895.0,1895.0,1895.0,1895.0,1895.0,1895.0,1895.0,1895.0,1895.0,1457.0,332.648401826484,False
68,Os189_5056_L,Os189_5056,Colors-8,Kurta,0.3,438.0,1778.0,1895.0,1895.0,1895.0,1895.0,1895.0,1895.0,1895.0,1895.0,1895.0,1457.0,332.648401826484,False
69,Os189_5056_XL,Os189_5056,Colors-8,Kurta,0.3,438.0,1778.0,1895.0,1895.0,1895.0,1895.0,1895.0,1895.0,1895.0,1895.0,1895.0,1457.0,332.648401826484,False
70,Os189_5056_2XL,Os189_5056,Colors-8,Kurta,0.3,438.0,1778.0,1895.0,1895.0,1895.0,1895.0,1895.0,1895.0,1895.0,1895.0,1895.0,1457.0,332.648401826484,False
71,Os189_5056_3XL,Os189_5056,Colors-8,Kurta,0.3,438.0,1778.0,1895.0,1895.0,1895.0,1895.0,1895.0,1895.0,1895.0,1895.0,1895.0,1457.0,332.648401826484,False
72,Os182_5057_S,Os182_5057,Colors-8,Kurta,0.3,438.0,1895.0,254.0,1895.0,1895.0,1895.0,1895.0,1895.0,1895.0,1895.0,1895.0,-184.0,-42.00913242009132,True
73,Os182_5057_M,Os182_5057,Colors-8,Kurta,0.3,438.0,1895.0,1895.0,1895.0,1895.0,1895.0,1895.0,1895.0,1895.0,1895.0,1895.0,1457.0,332.648401826484,False
74,Os182_5057_L,Os182_5057,Colors-8,Kurta,0.3,438.0,1895.0,1895.0,1895.0,1895.0,1895.0,1895.0,1895.0,1895.0,1895.0,1895.0,1457.0,332.648401826484,False
75,Os182_5057_XL,Os182_5057,Colors-8,Kurta,0.3,438.0,1895.0,1895.0,1895.0,1895.0,1895.0,1895.0,1895.0,1895.0,1895.0,1895.0,1457.0,332.648401826484,False
76,Os182_5057_2XL,Os182_5057,Colors-8,Kurta,0.3,438.0,1895.0,1895.0,1895.0,1895.0,1895.0,1895.0,1895.0,1895.0,1895.0,1895.0,1457.0,332.648401826484,False
77,Os182_5057_3XL,Os182_5057,Colors-8,Kurta,0.3,438.0,1895.0,1895.0,1895.0,1895.0,1895.0,1895.0,1895.0,1895.0,1895.0,1895.0,1457.0,332.648401826484,False
78,Os209_5058_S,Os209_5058,Colors-8,Kurta,0.3,438.0,1778.0,1895.0,1895.0,1895.0,1895.0,1895.0,1895.0,1895.0,1895.0,1895.0,1457.0,332.648401826484,False
79,Os209_5058_M,Os209_5058,Colors-8,Kurta,0.3,438.0,1778.0,1895.0,1895.0,1895.0,1895.0,1895.0,1895.0,1895.0,1895.0,1895.0,1457.0,332.648401826484,False
80,Os209_5058_L,Os209_5058,Colors-8,Kurta,0.3,438.0,1778.0,1895.0,1895.0,1895.0,1895.0,1895.0,1895.0,1895.0,1895.0,1895.0,1457.0,332.648401826484,False
81,Os209_5058_XL,Os209_5058,Colors-8,Kurta,0.3,438.0,1778.0,1895.0,1895.0,1895.0,1895.0,1895.0,1895.0,1895.0,1895.0,1895.0,1457.0,332.648401826484,False
82,Os209_5058_2XL,Os209_5058,Colors-8,Kurta,0.3,438.0,1778.0,1895.0,1895.0,1895.0,1895.0,1895.0,1895.0,1895.0,1895.0,1895.0,1457.0,332.648401826484,False
83,Os209_5058_3XL,Os209_5058,Colors-8,Kurta,0.3,438.0,1778.0,1895.0,1895.0,1895.0,1895.0,1895.0,1895.0,1895.0,1895.0,1895.0,1457.0,332.648401826484,False
84,Os218_3151_S,Os218_3151,Breeze-4,Kurta,0.3,505.0,2038.0,2195.0,2195.0,2195.0,2195.0,2195.0,2195.0,2195.0,2195.0,2195.0,1690.0,334.65346534653463,False
85,Os218_3151_M,Os218_3151,Breeze-4,Kurta,0.3,505.0,2038.0,2195.0,2195.0,2195.0,2195.0,2195.0,2195.0,2195.0,2195.0,2195.0,1690.0,334.65346534653463,False
86,Os218_3151_L,Os218_3151,Breeze-4,Kurta,0.3,505.0,2038.0,2195.0,2195.0,2195.0,2195.0,2195.0,2195.0,2195.0,2195.0,2195.0,1690.0,334.65346534653463,False
87,Os218_3151_XL,Os218_3151,Breeze-4,Kurta,0.3,505.0,2038.0,2195.0,2195.0,2195.0,2195.0,2195.0,2195.0,2195.0,2195.0,2195.0,1690.0,334.65346534653463,False
88,Os218_3151_2XL,Os218_3151,Breeze-4,Kurta,0.3,505.0,2038.0,2195.0,2195.0,2195.0,2195.0,2195.0,2195.0,2195.0,2195.0,2195.0,1690.0,334.65346534653463,False
89,Os218_3151_3XL,Os218_3151,Breeze-4,Kurta,0.3,505.0,2038.0,2195.0,2195.0,2195.0,2195.0,2195.0,2195.0,2195.0,2195.0,2195.0,1690.0,334.65346534653463,False
90,Os201_3152_S,Os201_3152,Breeze-4,Kurta,0.3,505.0,2038.0,2195.0,2195.0,2195.0,2195.0,2195.0,2195.0,2195.0,2195.0,2195.0,1690.0,334.65346534653463,False
91,Os201_3152_M,Os201_3152,Breeze-4,Kurta,0.3,505.0,2038.0,2195.0,2195.0,2195.0,2195.0,2195.0,2195.0,2195.0,2195.0,2195.0,1690.0,334.65346534653463,False
92,Os201_3152_L,Os201_3152,Breeze-4,Kurta,0.3,505.0,2038.0,2195.0,2195.0,2195.0,2195.0,2195.0,2195.0,2195.0,2195.0,2195.0,1690.0,334.65346534653463,False
93,Os201_3152_XL,Os201_3152,Breeze-4,Kurta,0.3,505.0,2038.0,2195.0,2195.0,2195.0,2195.0,2195.0,2195.0,2195.0,2195.0,2195.0,1690.0,334.65346534653463,False
94,Os201_3152_2XL,Os201_3152,Breeze-4,Kurta,0.3,505.0,2038.0,2195.0,2195.0,2195.0,2195.0,2195.0,2195.0,2195.0,2195.0,2195.0,1690.0,334.65346534653463,False
95,Os201_3152_3XL,Os201_3152,Breeze-4,Kurta,0.3,505.0,2038.0,2195.0,2195.0,2195.0,2195.0,2195.0,2195.0,2195.0,2195.0,2195.0,1690.0,334.65346534653463,False
96,Os175_3153_S,Os175_3153,Breeze-4,Kurta,0.3,505.0,2038.0,2195.0,2195.0,2195.0,2195.0,2195.0,2195.0,2195.0,2195.0,2195.0,1690.0,334.65346534653463,False
97,Os175_3153_M,Os175_3153,Breeze-4,Kurta,0.3,505.0,2038.0,2195.0,2195.0,2195.0,2195.0,2195.0,2195.0,2195.0,2195.0,2195.0,1690.0,334.65346534653463,False
98,Os175_3153_L,Os175_3153,Breeze-4,Kurta,0.3,505.0,2038.0,2195.0,2195.0,2195.0,2195.0,2195.0,2195.0,2195.0,2195.0,2195.0,1690.0,334.65346534653463,False
99,Os175_3153_XL,Os175_3153,Breeze-4,Kurta,0.3,505.0,2038.0,2195.0,2195.0,2195.0,2195.0,2195.0,2195.0,2195.0,2195.0,2195.0,1690.0,334.65346534653463,False
100,Os175_3153_2XL,Os175_3153,Breeze-4,Kurta,0.3,505.0,2038.0,2195.0,2195.0,2195.0,2195.0,2195.0,2195.0,2195.0,2195.0,2195.0,1690.0,334.65346534653463,False
101,Os175_3153_3XL,Os175_3153,Breeze-4,Kurta,0.3,505.0,2038.0,2195.0,2195.0,2195.0,2195.0,2195.0,2195.0,2195.0,2195.0,2195.0,1690.0,334.65346534653463,False
102,Os220_3154_S,Os220_3154,Breeze-4,Kurta,0.3,505.0,2038.0,2195.0,2195.0,2195.0,2195.0,2195.0,2195.0,2195.0,2195.0,2195.0,1690.0,334.65346534653463,False
103,Os220_3154_M,Os220_3154,Breeze-4,Kurta,0.3,505.0,2038.0,2195.0,2195.0,2195.0,2195.0,2195.0,2195.0,2195.0,2195.0,2195.0,1690.0,334.65346534653463,False
104,Os220_3154_L,Os220_3154,Breeze-4,Kurta,0.3,505.0,2038.0,2195.0,2195.0,2195.0,2195.0,2195.0,2195.0,2195.0,2195.0,2195.0,1690.0,334.65346534653463,False
105,Os220_3154_XL,Os220_3154,Breeze-4,Kurta,0.3,505.0,2038.0,2195.0,2195.0,2195.0,2195.0,2195.0,2195.0,2195.0,2195.0,2195.0,1690.0,334.65346534653463,False
106,Os220_3154_2XL,Os220_3154,Breeze-4,Kurta,0.3,505.0,2038.0,2195.0,2195.0,2195.0,2195.0,2195.0,2195.0,2195.0,2195.0,2195.0,1690.0,334.65346534653463,False
107,Os220_3154_3XL,Os220_3154,Breeze-4,Kurta,0.3,505.0,2038.0,2195.0,2195.0,2195.0,2195.0,2195.0,2195.0,2195.0,2195.0,2195.0,1690.0,334.65346534653463,False
108,Os174_3155_S,Os174_3155,Breeze-4,Kurta,0.3,505.0,2038.0,2195.0,2195.0,2195.0,2195.0,2195.0,2195.0,2195.0,2195.0,2195.0,1690.0,334.65346534653463,False
109,Os174_3155_M,Os174_3155,Breeze-4,Kurta,0.3,505.0,2038.0,2195.0,2195.0,2195.0,2195.0,2195.0,2195.0,2195.0,2195.0,2195.0,1690.0,334.65346534653463,False
110,Os174_3155_L,Os174_3155,Breeze-4,Kurta,0.3,505.0,2038.0,2195.0,2195.0,2195.0,2195.0,2195.0,2195.0,2195.0,2195.0,2195.0,1690.0,334.65346534653463,False
111,Os174_3155_XL,Os174_3155,Breeze-4,Kurta,0.3,505.0,2038.0,2195.0,2195.0,2195.0,2195.0,2195.0,2195.0,2195.0,2195.0,2195.0,1690.0,334.65346534653463,False
112,Os174_3155_2XL,Os174_3155,Breeze-4,Kurta,0.3,505.0,2038.0,2195.0,2195.0,2195.0,2195.0,2195.0,2195.0,2195.0,2195.0,2195.0,1690.0,334.65346534653463,False
113,Os174_3155_3XL,Os174_3155,Breeze-4,Kurta,0.3,505.0,2038.0,2195.0,2195.0,2195.0,2195.0,2195.0,2195.0,2195.0,2195.0,2195.0,1690.0,334.65346534653463,False
114,Os222_3156_S,Os222_3156,Breeze-4,Kurta,0.3,505.0,2038.0,2195.0,2195.0,2195.0,2195.0,2195.0,2195.0,2195.0,2195.0,2195.0,1690.0,334.65346534653463,False
115,Os222_3156_M,Os222_3156,Breeze-4,Kurta,0.3,505.0,2038.0,2195.0,2195.0,2195.0,2195.0,2195.0,2195.0,2195.0,2195.0,2195.0,1690.0,334.65346534653463,False
116,Os222_3156_L,Os222_3156,Breeze-4,Kurta,0.3,505.0,2038.0,2195.0,2195.0,2195.0,2195.0,2195.0,2195.0,2195.0,2195.0,2195.0,1690.0,334.65346534653463,False
117,Os222_3156_XL,Os222_3156,Breeze-4,Kurta,0.3,505.0,2038.0,2195.0,2195.0,2195.0,2195.0,2195.0,2195.0,2195.0,2195.0,2195.0,1690.0,334.65346534653463,False
118,Os222_3156_2XL,Os222_3156,Breeze-4,Kurta,0.3,505.0,2038.0,2195.0,2195.0,2195.0,2195.0,2195.0,2195.0,2195.0,2195.0,2195.0,1690.0,334.65346534653463,False
119,Os222_3156_3XL,Os222_3156,Breeze-4,Kurta,0.3,505.0,2038.0,2195.0,2195.0,2195.0,2195.0,2195.0,2195.0,2195.0,2195.0,2195.0,1690.0,334.65346534653463,False
120,Os228_1432_S,Os228_1432,Rozana,Kurta Set,0.4,590.0,2378.0,2495.0,2495.0,2495.0,2495.0,2495.0,2495.0,2495.0,2495.0,2495.0,1905.0,322.88135593220335,False
121,Os228_1432_M,Os228_1432,Rozana,Kurta Set,0.4,590.0,2378.0,2495.0,2495.0,2495.0,2495.0,2495.0,2495.0,2495.0,2495.0,2495.0,1905.0,322.88135593220335,False
122,Os228_1432_L,Os228_1432,Rozana,Kurta Set,0.4,590.0,2378.0,2495.0,2495.0,2495.0,2495.0,2495.0,2495.0,2495.0,2495.0,2495.0,1905.0,322.88135593220335,False
123,Os228_1432_XL,Os228_1432,Rozana,Kurta Set,0.4,590.0,2378.0,2495.0,2495.0,2495.0,2495.0,2495.0,2495.0,2495.0,2495.0,2495.0,1905.0,322.88135593220335,False
124,Os228_1432_2XL,Os228_1432,Rozana,Kurta Set,0.4,590.0,2378.0,2495.0,2495.0,2495.0,2495.0,2495.0,2495.0,2495.0,2495.0,2495.0,1905.0,322.88135593220335,False
125,Os228_1432_3XL,Os228_1432,Rozana,Kurta Set,0.4,590.0,2378.0,2495.0,2495.0,2495.0,2495.0,2495.0,2495.0,2495.0,2495.0,2495.0,1905.0,322.88135593220335,False
126,Os227_1437_S,Os227_1437,Rozana,Kurta Set,0.4,590.0,2378.0,2495.0,2495.0,2495.0,2495.0,2495.0,2495.0,2495.0,2495.0,2495.0,1905.0,322.88135593220335,False
127,Os227_1437_M,Os227_1437,Rozana,Kurta Set,0.4,590.0,2378.0,2495.0,2495.0,2495.0,2495.0,2495.0,2495.0,2495.0,2495.0,2495.0,1905.0,322.88135593220335,False
128,Os227_1437_L,Os227_1437,Rozana,Kurta Set,0.4,590.0,2378.0,2495.0,2495.0,2495.0,2495.0,2495.0,2495.0,2495.0,2495.0,2495.0,1905.0,322.88135593220335,False
129,Os227_1437_XL,Os227_1437,Rozana,Kurta Set,0.4,590.0,2378.0,2495.0,2495.0,2495.0,2495.0,2495.0,2495.0,2495.0,2495.0,2495.0,1905.0,322.88135593220335,False
130,Os227_1437_2XL,Os227_1437,Rozana,Kurta Set,0.4,590.0,2378.0,2495.0,2495.0,2495.0,2495.0,2495.0,2495.0,2495.0,2495.0,2495.0,1905.0,322.88135593220335,False
131,Os227_1437_3XL,Os227_1437,Rozana,Kurta Set,0.4,590.0,2378.0,2495.0,2495.0,2495.0,2495.0,2495.0,2495.0,2495.0,2495.0,2495.0,1905.0,322.88135593220335,False
132,OS224_1433_S,OS224_1433,Rozana,Kurta Set,0.4,590.0,2378.0,2495.0,2495.0,2495.0,2495.0,2495.0,2495.0,2495.0,2495.0,2495.0,1905.0,322.88135593220335,False
133,OS224_1433_M,OS224_1433,Rozana,Kurta Set,0.4,590.0,2378.0,2495.0,2495.0,2495.0,2495.0,2495.0,2495.0,2495.0,2495.0,2495.0,1905.0,322.88135593220335,False
134,OS224_1433_L,OS224_1433,Rozana,Kurta Set,0.4,590.0,2378.0,2495.0,2495.0,2495.0,2495.0,2495.0,2495.0,2495.0,2495.0,2495.0,1905.0,322.88135593220335,False
135,OS224_1433_XL,OS224_1433,Rozana,Kurta Set,0.4,590.0,2378.0,2495.0,2495.0,2495.0,2495.0,2495.0,2495.0,2495.0,2495.0,2495.0,1905.0,322.88135593220335,False
136,OS224_1433_2XL,OS224_1433,Rozana,Kurta Set,0.4,590.0,2378.0,2495.0,2495.0,2495.0,2495.0,2495.0,2495.0,2495.0,2495.0,2495.0,1905.0,322.88135593220335,False
137,OS224_1433_3XL,OS224_1433,Rozana,Kurta Set,0.4,590.0,2378.0,2495.0,2495.0,2495.0,2495.0,2495.0,2495.0,2495.0,2495.0,2495.0,1905.0,322.88135593220335,False
138,Os232_1431_S,Os232_1431,Rozana,Kurta Set,0.4,590.0,2378.0,2495.0,2495.0,2495.0,2495.0,2495.0,2495.0,2495.0,2495.0,2495.0,1905.0,322.88135593220335,False
139,Os232_1431_M,Os232_1431,Rozana,Kurta Set,0.4,590.0,2378.0,2495.0,2495.0,2495.0,2495.0,2495.0,2495.0,2495.0,2495.0,2495.0,1905.0,322.88135593220335,False
140,Os232_1431_L,Os232_1431,Rozana,Kurta Set,0.4,590.0,2378.0,2495.0,2495.0,2495.0,2495.0,2495.0,2495.0,2495.0,2495.0,2495.0,1905.0,322.88135593220335,False
141,Os232_1431_XL,Os232_1431,Rozana,Kurta Set,0.4,590.0,2378.0,2495.0,2495.0,2495.0,2495.0,2495.0,2495.0,2495.0,2495.0,2495.0,1905.0,322.88135593220335,False
142,Os232_1431_2XL,Os232_1431,Rozana,Kurta Set,0.4,590.0,2378.0,2495.0,2495.0,2495.0,2495.0,2495.0,2495.0,2495.0,2495.0,2495.0,1905.0,322.88135593220335,False
143,Os232_1431_3XL,Os232_1431,Rozana,Kurta Set,0.4,590.0,2378.0,2495.0,2495.0,2495.0,2495.0,2495.0,2495.0,2495.0,2495.0,2495.0,1905.0,322.88135593220335,False
144,Os226_1436_S,Os226_1436,Rozana,Kurta Set,0.4,590.0,2378.0,2495.0,2495.0,2495.0,2495.0,2495.0,2495.0,2495.0,2495.0,2495.0,1905.0,322.88135593220335,False
145,Os226_1436_M,Os226_1436,Rozana,Kurta Set,0.4,590.0,2378.0,2495.0,2495.0,2495.0,2495.0,2495.0,2495.0,2495.0,2495.0,2495.0,1905.0,322.88135593220335,False
146,Os226_1436_L,Os226_1436,Rozana,Kurta Set,0.4,590.0,2378.0,2495.0,2495.0,2495.0,2495.0,2495.0,2495.0,2495.0,2495.0,2495.0,1905.0,322.88135593220335,False
147,Os226_1436_XL,Os226_1436,Rozana,Kurta Set,0.4,590.0,2378.0,2495.0,2495.0,2495.0,2495.0,2495.0,2495.0,2495.0,2495.0,2495.0,1905.0,322.88135593220335,False
148,Os226_1436_2XL,Os226_1436,Rozana,Kurta Set,0.4,590.0,2378.0,2495.0,2495.0,2495.0,2495.0,2495.0,2495.0,2495.0,2495.0,2495.0,1905.0,322.88135593220335,False
149,Os226_1436_3XL,Os226_1436,Rozana,Kurta Set,0.4,590.0,2378.0,2495.0,2495.0,2495.0,2495.0,2495.0,2495.0,2495.0,2495.0,2495.0,1905.0,322.88135593220335,False
150,Os230_1438_S,Os230_1438,Rozana,Kurta Set,0.4,590.0,2378.0,2495.0,2495.0,2495.0,2495.0,2495.0,2495.0,2495.0,2495.0,2495.0,1905.0,322.88135593220335,False
151,Os230_1438_M,Os230_1438,Rozana,Kurta Set,0.4,590.0,2378.0,2495.0,2495.0,2495.0,2495.0,2495.0,2495.0,2495.0,2495.0,2495.0,1905.0,322.88135593220335,False
152,Os230_1438_L,Os230_1438,Rozana,Kurta Set,0.4,590.0,2378.0,2495.0,2495.0,2495.0,2495.0,2495.0,2495.0,2495.0,2495.0,2495.0,1905.0,322.88135593220335,False
153,Os230_1438_XL,Os230_1438,Rozana,Kurta Set,0.4,590.0,2378.0,2495.0,2495.0,2495.0,2495.0,2495.0,2495.0,2495.0,2495.0,2495.0,1905.0,322.88135593220335,False
154,Os230_1438_2XL,Os230_1438,Rozana,Kurta Set,0.4,590.0,2378.0,2495.0,2495.0,2495.0,2495.0,2495.0,2495.0,2495.0,2495.0,2495.0,1905.0,322.88135593220335,False
155,Os230_1438_3XL,Os230_1438,Rozana,Kurta Set,0.4,590.0,2378.0,2495.0,2495.0,2495.0,2495.0,2495.0,2495.0,2495.0,2495.0,2495.0,1905.0,322.88135593220335,False
156,Os225_1434_S,Os225_1434,Rozana,Kurta Set,0.4,590.0,2378.0,2495.0,2495.0,2495.0,2495.0,2495.0,2495.0,2495.0,2495.0,2495.0,1905.0,322.88135593220335,False
157,Os225_1434_M,Os225_1434,Rozana,Kurta Set,0.4,590.0,2378.0,2495.0,2495.0,2495.0,2495.0,2495.0,2495.0,2495.0,2495.0,2495.0,1905.0,322.88135593220335,False
158,Os225_1434_L,Os225_1434,Rozana,Kurta Set,0.4,590.0,2378.0,2495.0,2495.0,2495.0,2495.0,2495.0,2495.0,2495.0,2495.0,2495.0,1905.0,322.88135593220335,False
159,Os225_1434_XL,Os225_1434,Rozana,Kurta Set,0.4,590.0,2378.0,2495.0,2495.0,2495.0,2495.0,2495.0,2495.0,2495.0,2495.0,2495.0,1905.0,322.88135593220335,False
160,Os225_1434_2XL,Os225_1434,Rozana,Kurta Set,0.4,590.0,2378.0,2495.0,2495.0,2495.0,2495.0,2495.0,2495.0,2495.0,2495.0,2495.0,1905.0,322.88135593220335,False
161,Os225_1434_3XL,Os225_1434,Rozana,Kurta Set,0.4,590.0,2378.0,2495.0,2495.0,2495.0,2495.0,2495.0,2495.0,2495.0,2495.0,2495.0,1905.0,322.88135593220335,False
162,Os229_1435_S,Os229_1435,Rozana,Kurta Set,0.4,590.0,2378.0,2495.0,2495.0,2495.0,2495.0,2495.0,2495.0,2495.0,2495.0,2495.0,1905.0,322.88135593220335,False
163,Os229_1435_M,Os229_1435,Rozana,Kurta Set,0.4,590.0,2378.0,2495.0,2495.0,2495.0,2495.0,2495.0,2495.0,2495.0,2495.0,2495.0,1905.0,322.88135593220335,False
164,Os229_1435_L,Os229_1435,Rozana,Kurta Set,0.4,590.0,2378.0,2495.0,2495.0,2495.0,2495.0,2495.0,2495.0,2495.0,2495.0,2495.0,1905.0,322.88135593220335,False
165,Os229_1435_XL,Os229_1435,Rozana,Kurta Set,0.4,590.0,2378.0,2495.0,2495.0,2495.0,2495.0,2495.0,2495.0,2495.0,2495.0,2495.0,1905.0,322.88135593220335,False
166,Os229_1435_2XL,Os229_1435,Rozana,Kurta Set,0.4,590.0,2378.0,2495.0,2495.0,2495.0,2495.0,2495.0,2495.0,2495.0,2495.0,2495.0,1905.0,322.88135593220335,False
167,Os229_1435_3XL,Os229_1435,Rozana,Kurta Set,0.4,590.0,2378.0,2495.0,2495.0,2495.0,2495.0,2495.0,2495.0,2495.0,2495.0,2495.0,1905.0,322.88135593220335,False
168,Os200_5041_S,Os200_5041,Colors-7,Kurta,0.3,381.0,1538.0,1595.0,1595.0,1595.0,1595.0,1595.0,1595.0,1595.0,1595.0,1595.0,1214.0,318.6351706036745,False
169,Os200_5041_M,Os200_5041,Colors-7,Kurta,0.3,381.0,1538.0,1595.0,1595.0,1595.0,1595.0,1595.0,1595.0,1595.0,1595.0,1595.0,1214.0,318.6351706036745,False
170,Os200_5041_L,Os200_5041,Colors-7,Kurta,0.3,381.0,1538.0,1595.0,1595.0,1595.0,1595.0,1595.0,1595.0,1595.0,1595.0,1595.0,1214.0,318.6351706036745,False
171,Os200_5041_XL,Os200_5041,Colors-7,Kurta,0.3,381.0,1538.0,1595.0,1595.0,1595.0,1595.0,1595.0,1595.0,1595.0,1595.0,1595.0,1214.0,318.6351706036745,False
172,Os200_5041_2XL,Os200_5041,Colors-7,Kurta,0.3,381.0,1538.0,1595.0,1595.0,1595.0,1595.0,1595.0,1595.0,1595.0,1595.0,1595.0,1214.0,318.6351706036745,False
173,Os200_5041_3XL,Os200_5041,Colors-7,Kurta,0.3,381.0,1538.0,1595.0,1595.0,1595.0,1595.0,1595.0,1595.0,1595.0,1595.0,1595.0,1214.0,318.6351706036745,False
174,Os188_5042_S,Os188_5042,Colors-7,Kurta,0.3,381.0,1538.0,1595.0,1595.0,1595.0,1595.0,1595.0,1595.0,1595.0,1595.0,1595.0,1214.0,318.6351706036745,False
175,Os188_5042_M,Os188_5042,Colors-7,Kurta,0.3,381.0,1538.0,1595.0,1595.0,1595.0,1595.0,1595.0,1595.0,1595.0,1595.0,1595.0,1214.0,318.6351706036745,False
176,Os188_5042_L,Os188_5042,Colors-7,Kurta,0.3,381.0,1538.0,1595.0,1595.0,1595.0,1595.0,1595.0,1595.0,1595.0,1595.0,1595.0,1214.0,318.6351706036745,False
177,Os188_5042_XL,Os188_5042,Colors-7,Kurta,0.3,381.0,1538.0,1595.0,1595.0,1595.0,1595.0,1595.0,1595.0,1595.0,1595.0,1595.0,1214.0,318.6351706036745,False
178,Os188_5042_2XL,Os188_5042,Colors-7,Kurta,0.3,381.0,1538.0,1595.0,1595.0,1595.0,1595.0,1595.0,1595.0,1595.0,1595.0,1595.0,1214.0,318.6351706036745,False
179,Os188_5042_3XL,Os188_5042,Colors-7,Kurta,0.3,381.0,1538.0,1595.0,1595.0,1595.0,1595.0,1595.0,1595.0,1595.0,1595.0,1595.0,1214.0,318.6351706036745,False
180,Os208_5043_S,Os208_5043,Colors-7,Kurta,0.3,381.0,1538.0,1595.0,1595.0,1595.0,1595.0,1595.0,1595.0,1595.0,1595.0,1595.0,1214.0,318.6351706036745,False
181,Os208_5043_M,Os208_5043,Colors-7,Kurta,0.3,381.0,1538.0,1595.0,1595.0,1595.0,1595.0,1595.0,1595.0,1595.0,1595.0,1595.0,1214.0,318.6351706036745,False
182,Os208_5043_L,Os208_5043,Colors-7,Kurta,0.3,381.0,1538.0,1595.0,1595.0,1595.0,1595.0,1595.0,1595.0,1595.0,1595.0,1595.0,1214.0,318.6351706036745,False
183,Os208_5043_XL,Os208_5043,Colors-7,Kurta,0.3,381.0,1538.0,1595.0,1595.0,1595.0,1595.0,1595.0,1595.0,1595.0,1595.0,1595.0,1214.0,318.6351706036745,False
184,Os208_5043_2XL,Os208_5043,Colors-7,Kurta,0.3,381.0,1538.0,1595.0,1595.0,1595.0,1595.0,1595.0,1595.0,1595.0,1595.0,1595.0,1214.0,318.6351706036745,False
185,Os208_5043_3XL,Os208_5043,Colors-7,Kurta,0.3,381.0,1538.0,1595.0,1595.0,1595.0,1595.0,1595.0,1595.0,1595.0,1595.0,1595.0,1214.0,318.6351706036745,False
186,Os183_5044_S,Os183_5044,Colors-7,Kurta,0.3,381.0,1538.0,1595.0,1595.0,1595.0,1595.0,1595.0,1595.0,1595.0,1595.0,1595.0,1214.0,318.6351706036745,False
187,Os183_5044_M,Os183_5044,Colors-7,Kurta,0.3,381.0,1538.0,1595.0,1595.0,1595.0,1595.0,1595.0,1595.0,1595.0,1595.0,1595.0,1214.0,318.6351706036745,False
188,Os183_5044_L,Os183_5044,Colors-7,Kurta,0.3,381.0,1538.0,1595.0,1595.0,1595.0,1595.0,1595.0,1595.0,1595.0,1595.0,1595.0,1214.0,318.6351706036745,False
189,Os183_5044_XL,Os183_5044,Colors-7,Kurta,0.3,381.0,1538.0,1595.0,1595.0,1595.0,1595.0,1595.0,1595.0,1595.0,1595.0,1595.0,1214.0,318.6351706036745,False
190,Os183_5044_2XL,Os183_5044,Colors-7,Kurta,0.3,381.0,1538.0,1595.0,1595.0,1595.0,1595.0,1595.0,1595.0,1595.0,1595.0,1595.0,1214.0,318.6351706036745,False
191,Os183_5044_3XL,Os183_5044,Colors-7,Kurta,0.3,381.0,1538.0,1595.0,1595.0,1595.0,1595.0,1595.0,1595.0,1595.0,1595.0,1595.0,1214.0,318.6351706036745,False
192,Os198_5045_S,Os198_5045,Colors-7,Kurta,0.3,381.0,1538.0,1595.0,1595.0,1595.0,1595.0,1595.0,1595.0,1595.0,1595.0,1595.0,1214.0,318.6351706036745,False
193,Os198_5045_M,Os198_5045,Colors-7,Kurta,0.3,381.0,1538.0,1595.0,1595.0,1595.0,1595.0,1595.0,1595.0,1595.0,1595.0,1595.0,1214.0,318.6351706036745,False
194,Os198_5045_L,Os198_5045,Colors-7,Kurta,0.3,381.0,1538.0,1595.0,1595.0,1595.0,1595.0,1595.0,1595.0,1595.0,1595.0,1595.0,1214.0,318.6351706036745,False
195,Os198_5045_XL,Os198_5045,Colors-7,Kurta,0.3,381.0,1538.0,1595.0,1595.0,1595.0,1595.0,1595.0,1595.0,1595.0,1595.0,1595.0,1214.0,318.6351706036745,False
196,Os198_5045_2XL,Os198_5045,Colors-7,Kurta,0.3,381.0,1538.0,1595.0,1595.0,1595.0,1595.0,1595.0,1595.0,1595.0,1595.0,1595.0,1214.0,318.6351706036745,False
197,Os198_5045_3XL,Os198_5045,Colors-7,Kurta,0.3,381.0,1538.0,1595.0,1595.0,1595.0,1595.0,1595.0,1595.0,1595.0,1595.0,1595.0,1214.0,318.6351706036745,False
198,Os199_5046_S,Os199_5046,Colors-7,Kurta,0.3,381.0,1538.0,1595.0,1595.0,1595.0,1595.0,1595.0,1595.0,1595.0,1595.0,1595.0,1214.0,318.6351706036745,False
199,Os199_5046_M,Os199_5046,Colors-7,Kurta,0.3,381.0,1538.0,1595.0,1595.0,1595.0,1595.0,1595.0,1595.0,1595.0,1595.0,1595.0,1214.0,318.6351706036745,False
200,Os199_5046_L,Os199_5046,Colors-7,Kurta,0.3,381.0,1538.0,1595.0,1595.0,1595.0,1595.0,1595.0,1595.0,1595.0,1595.0,1595.0,1214.0,318.6351706036745,False
201,Os199_5046_XL,Os199_5046,Colors-7,Kurta,0.3,381.0,1538.0,1595.0,1595.0,1595.0,1595.0,1595.0,1595.0,1595.0,1595.0,1595.0,1214.0,318.6351706036745,False
202,Os199_5046_2XL,Os199_5046,Colors-7,Kurta,0.3,381.0,1538.0,1595.0,1595.0,1595.0,1595.0,1595.0,1595.0,1595.0,1595.0,1595.0,1214.0,318.6351706036745,False
203,Os199_5046_3XL,Os199_5046,Colors-7,Kurta,0.3,381.0,1538.0,1595.0,1595.0,1595.0,1595.0,1595.0,1595.0,1595.0,1595.0,1595.0,1214.0,318.6351706036745,False
204,Os170_5048_S,Os170_5048,Colors-7,Kurta,0.3,381.0,1538.0,1595.0,1595.0,1595.0,1595.0,1595.0,1595.0,1595.0,1595.0,1595.0,1214.0,318.6351706036745,False
205,Os170_5048_M,Os170_5048,Colors-7,Kurta,0.3,381.0,1538.0,1595.0,1595.0,1595.0,1595.0,1595.0,1595.0,1595.0,1595.0,1595.0,1214.0,318.6351706036745,False
206,Os170_5048_L,Os170_5048,Colors-7,Kurta,0.3,381.0,1538.0,1595.0,1595.0,1595.0,1595.0,1595.0,1595.0,1595.0,1595.0,1595.0,1214.0,318.6351706036745,False
207,Os170_5048_XL,Os170_5048,Colors-7,Kurta,0.3,381.0,1538.0,1595.0,1595.0,1595.0,1595.0,1595.0,1595.0,1595.0,1595.0,1595.0,1214.0,318.6351706036745,False
208,Os170_5048_2XL,Os170_5048,Colors-7,Kurta,0.3,381.0,1538.0,1595.0,1595.0,1595.0,1595.0,1595.0,1595.0,1595.0,1595.0,1595.0,1214.0,318.6351706036745,False
209,Os170_5048_3XL,Os170_5048,Colors-7,Kurta,0.3,381.0,1538.0,1595.0,1595.0,1595.0,1595.0,1595.0,1595.0,1595.0,1595.0,1595.0,1214.0,318.6351706036745,False
210,Os235_1112_S,Os235_1112,Mix,Kurta,0.3,952.0,3858.0,3995.0,3995.0,3995.0,3995.0,3995.0,3995.0,3995.0,3995.0,3995.0,3043.0,319.64285714285717,True
211,Os235_1112_M,Os235_1112,Mix,Kurta,0.3,952.0,3858.0,3995.0,3995.0,3995.0,3995.0,3995.0,3995.0,3995.0,3995.0,3995.0,3043.0,319.64285714285717,True
212,Os235_1112_L,Os235_1112,Mix,Kurta,0.3,952.0,3858.0,3995.0,3995.0,3995.0,3995.0,3995.0,3995.0,3995.0,3995.0,3995.0,3043.0,319.64285714285717,True
213,Os235_1112_XL,Os235_1112,Mix,Kurta,0.3,952.0,3858.0,3995.0,3995.0,3995.0,3995.0,3995.0,3995.0,3995.0,3995.0,3995.0,3043.0,319.64285714285717,True
214,Os235_1112_2XL,Os235_1112,Mix,Kurta,0.3,952.0,3858.0,3995.0,3995.0,3995.0,3995.0,3995.0,3995.0,3995.0,3995.0,3995.0,3043.0,319.64285714285717,True
215,Os235_1112_3XL,Os235_1112,Mix,Kurta,0.3,952.0,3858.0,3995.0,3995.0,3995.0,3995.0,3995.0,3995.0,3995.0,3995.0,3995.0,3043.0,319.64285714285717,True
216,Os233_1058_S,Os233_1058,Mix,Kurta,0.3,952.0,3858.0,3995.0,3995.0,3995.0,3995.0,3995.0,3995.0,3995.0,3995.0,3995.0,3043.0,319.64285714285717,True
217,Os233_1058_M,Os233_1058,Mix,Kurta,0.3,952.0,3858.0,3995.0,3995.0,3995.0,3995.0,3995.0,3995.0,3995.0,3995.0,3995.0,3043.0,319.64285714285717,True
218,Os233_1058_L,Os233_1058,Mix,Kurta,0.3,952.0,3858.0,3995.0,3995.0,3995.0,3995.0,3995.0,3995.0,3995.0,3995.0,3995.0,3043.0,319.64285714285717,True
219,Os233_1058_XL,Os233_1058,Mix,Kurta,0.3,952.0,3858.0,3995.0,3995.0,3995.0,3995.0,3995.0,3995.0,3995.0,3995.0,3995.0,3043.0,319.64285714285717,True
220,Os233_1058_2XL,Os233_1058,Mix,Kurta,0.3,952.0,3858.0,3995.0,3995.0,3995.0,3995.0,3995.0,3995.0,3995.0,3995.0,3995.0,3043.0,319.64285714285717,True
221,Os233_1058_3XL,Os233_1058,Mix,Kurta,0.3,952.0,3858.0,3995.0,3995.0,3995.0,3995.0,3995.0,3995.0,3995.0,3995.0,3995.0,3043.0,319.64285714285717,True
222,Os179_1116_S,Os179_1116,Mix,Kurta,0.3,570.0,2298.0,2395.0,2395.0,2395.0,2395.0,2395.0,2395.0,2395.0,2395.0,2395.0,1825.0,320.17543859649123,False
223,Os179_1116_M,Os179_1116,Mix,Kurta,0.3,570.0,2298.0,2395.0,2395.0,2395.0,2395.0,2395.0,2395.0,2395.0,2395.0,2395.0,1825.0,320.17543859649123,False
224,Os179_1116_L,Os179_1116,Mix,Kurta,0.3,570.0,2298.0,2395.0,2395.0,2395.0,2395.0,2395.0,2395.0,2395.0,2395.0,2395.0,1825.0,320.17543859649123,False
225,Os179_1116_XL,Os179_1116,Mix,Kurta,0.3,570.0,2298.0,2395.0,2395.0,2395.0,2395.0,2395.0,2395.0,2395.0,2395.0,2395.0,1825.0,320.17543859649123,False
226,Os179_1116_2XL,Os179_1116,Mix,Kurta,0.3,570.0,2298.0,2395.0,2395.0,2395.0,2395.0,2395.0,2395.0,2395.0,2395.0,2395.0,1825.0,320.17543859649123,False
227,Os179_1116_3XL,Os179_1116,Mix,Kurta,0.3,570.0,2298.0,2395.0,2395.0,2395.0,2395.0,2395.0,2395.0,2395.0,2395.0,2395.0,1825.0,320.17543859649123,False
228,Os210_3137_S,Os210_3137,Mix,Kurta,0.3,519.0,2098.0,2195.0,2195.0,2195.0,2195.0,2195.0,2195.0,2195.0,2195.0,2195.0,1676.0,322.9287090558767,False
229,Os210_3137_M,Os210_3137,Mix,Kurta,0.3,519.0,2098.0,2195.0,2195.0,2195.0,2195.0,2195.0,2195.0,2195.0,2195.0,2195.0,1676.0,322.9287090558767,False
230,Os210_3137_L,Os210_3137,Mix,Kurta,0.3,519.0,2098.0,2195.0,2195.0,2195.0,2195.0,2195.0,2195.0,2195.0,2195.0,2195.0,1676.0,322.9287090558767,False
231,Os210_3137_XL,Os210_3137,Mix,Kurta,0.3,519.0,2098.0,2195.0,2195.0,2195.0,2195.0,2195.0,2195.0,2195.0,2195.0,2195.0,1676.0,322.9287090558767,False
232,Os210_3137_2XL,Os210_3137,Mix,Kurta,0.3,519.0,2098.0,2195.0,2195.0,2195.0,2195.0,2195.0,2195.0,2195.0,2195.0,2195.0,1676.0,322.9287090558767,False
233,Os210_3137_3XL,Os210_3137,Mix,Kurta,0.3,519.0,2098.0,2195.0,2195.0,2195.0,2195.0,2195.0,2195.0,2195.0,2195.0,2195.0,1676.0,322.9287090558767,False
234,Os177_1057_S,Os177_1057,Mix,Kurta,0.3,714.0,2878.0,2995.0,2995.0,2995.0,2995.0,2995.0,2995.0,2995.0,2995.0,2995.0,2281.0,319.467787114846,False
235,Os177_1057_M,Os177_1057,Mix,Kurta,0.3,714.0,2878.0,2995.0,2995.0,2995.0,2995.0,2995.0,2995.0,2995.0,2995.0,2995.0,2281.0,319.467787114846,False
236,Os177_1057_L,Os177_1057,Mix,Kurta,0.3,714.0,2878.0,2995.0,2995.0,2995.0,2995.0,2995.0,2995.0,2995.0,2995.0,2995.0,2281.0,319.467787114846,False
237,Os177_1057_XL,Os177_1057,Mix,Kurta,0.3,714.0,2878.0,2995.0,2995.0,2995.0,2995.0,2995.0,2995.0,2995.0,2995.0,2995.0,2281.0,319.467787114846,False
238,Os177_1057_2XL,Os177_1057,Mix,Kurta,0.3,714.0,2878.0,2995.0,2995.0,2995.0,2995.0,2995.0,2995.0,2995.0,2995.0,2995.0,2281.0,319.467787114846,False
239,Os177_1057_3XL,Os177_1057,Mix,Kurta,0.3,714.0,2878.0,2995.0,2995.0,2995.0,2995.0,2995.0,2995.0,2995.0,2995.0,2995.0,2281.0,319.467787114846,False
240,Os180_3134_S,Os180_3134,Mix,Kurta,0.3,519.0,2098.0,2195.0,2195.0,2195.0,2195.0,2195.0,2195.0,2195.0,2195.0,2195.0,1676.0,322.9287090558767,False
241,Os180_3134_M,Os180_3134,Mix,Kurta,0.3,519.0,2098.0,2195.0,2195.0,2195.0,2195.0,2195.0,2195.0,2195.0,2195.0,2195.0,1676.0,322.9287090558767,False
242,Os180_3134_L,Os180_3134,Mix,Kurta,0.3,519.0,2098.0,2195.0,2195.0,2195.0,2195.0,2195.0,2195.0,2195.0,2195.0,2195.0,1676.0,322.9287090558767,False
243,Os180_3134_XL,Os180_3134,Mix,Kurta,0.3,519.0,2098.0,2195.0,2195.0,2195.0,2195.0,2195.0,2195.0,2195.0,2195.0,2195.0,1676.0,322.9287090558767,False
244,Os180_3134_2XL,Os180_3134,Mix,Kurta,0.3,519.0,2098.0,2195.0,2195.0,2195.0,2195.0,2195.0,2195.0,2195.0,2195.0,2195.0,1676.0,322.9287090558767,False
245,Os180_3134_3XL,Os180_3134,Mix,Kurta,0.3,519.0,2098.0,2195.0,2195.0,2195.0,2195.0,2195.0,2195.0,2195.0,2195.0,2195.0,1676.0,322.9287090558767,False
246,Os178_1115_S,Os178_1115,Mix,Kurta,0.3,595.0,2398.0,2495.0,2495.0,2495.0,2495.0,2495.0,2495.0,2495.0,2495.0,2495.0,1900.0,319.327731092437,False
247,Os178_1115_M,Os178_1115,Mix,Kurta,0.3,595.0,2398.0,2495.0,2495.0,2495.0,2495.0,2495.0,2495.0,2495.0,2495.0,2495.0,1900.0,319.327731092437,False
248,Os178_1115_L,Os178_1115,Mix,Kurta,0.3,595.0,2398.0,2495.0,2495.0,2495.0,2495.0,2495.0,2495.0,2495.0,2495.0,2495.0,1900.0,319.327731092437,False
249,Os178_1115_XL,Os178_1115,Mix,Kurta,0.3,595.0,2398.0,2495.0,2495.0,2495.0,2495.0,2495.0,2495.0,2495.0,2495.0,2495.0,1900.0,319.327731092437,False
250,Os178_1115_2XL,Os178_1115,Mix,Kurta,0.3,595.0,2398.0,2495.0,2495.0,2495.0,2495.0,2495.0,2495.0,2495.0,2495.0,2495.0,1900.0,319.327731092437,False
251,Os178_1115_3XL,Os178_1115,Mix,Kurta,0.3,595.0,2398.0,2495.0,2495.0,2495.0,2495.0,2495.0,2495.0,2495.0,2495.0,2495.0,1900.0,319.327731092437,False
252,Os211_3011_S,Os211_3011,Mix,Kurta,0.3,467.0,1878.0,1995.0,1995.0,1995.0,1995.0,1995.0,1995.0,1995.0,1995.0,1995.0,1528.0,327.1948608137045,False
253,Os211_3011_M,Os211_3011,Mix,Kurta,0.3,467.0,1878.0,1995.0,1995.0,1995.0,1995.0,1995.0,1995.0,1995.0,1995.0,1995.0,1528.0,327.1948608137045,False
254,Os211_3011_L,Os211_3011,Mix,Kurta,0.3,467.0,1878.0,1995.0,1995.0,1995.0,1995.0,1995.0,1995.0,1995.0,1995.0,1995.0,1528.0,327.1948608137045,False
255,Os211_3011_XL,Os211_3011,Mix,Kurta,0.3,467.0,1878.0,1995.0,1995.0,1995.0,1995.0,1995.0,1995.0,1995.0,1995.0,1995.0,1528.0,327.1948608137045,False
256,Os211_3011_2XL,Os211_3011,Mix,Kurta,0.3,467.0,1878.0,1995.0,1995.0,1995.0,1995.0,1995.0,1995.0,1995.0,1995.0,1995.0,1528.0,327.1948608137045,False
257,Os211_3011_3XL,Os211_3011,Mix,Kurta,0.3,467.0,1878.0,1995.0,1995.0,1995.0,1995.0,1995.0,1995.0,1995.0,1995.0,1995.0,1528.0,327.1948608137045,False
258,Os171_1096_S,Os171_1096,Mix,Kurta,0.3,552.0,2238.0,2395.0,2395.0,2395.0,2395.0,2395.0,2395.0,2395.0,2395.0,2395.0,1843.0,333.8768115942029,False
259,Os171_1096_M,Os171_1096,Mix,Kurta,0.3,552.0,2238.0,2395.0,2395.0,2395.0,2395.0,2395.0,2395.0,2395.0,2395.0,2395.0,1843.0,333.8768115942029,False
260,Os171_1096_L,Os171_1096,Mix,Kurta,0.3,552.0,2238.0,2395.0,2395.0,2395.0,2395.0,2395.0,2395.0,2395.0,2395.0,2395.0,1843.0,333.8768115942029,False
261,Os171_1096_XL,Os171_1096,Mix,Kurta,0.3,552.0,2238.0,2395.0,2395.0,2395.0,2395.0,2395.0,2395.0,2395.0,2395.0,2395.0,1843.0,333.8768115942029,False
262,Os171_1096_2XL,Os171_1096,Mix,Kurta,0.3,552.0,2238.0,2395.0,2395.0,2395.0,2395.0,2395.0,2395.0,2395.0,2395.0,2395.0,1843.0,333.8768115942029,False
263,Os171_1096_3XL,Os171_1096,Mix,Kurta,0.3,552.0,2238.0,2395.0,2395.0,2395.0,2395.0,2395.0,2395.0,2395.0,2395.0,2395.0,1843.0,333.8768115942029,False
264,Os184_1127_S,Os184_1127,Mix,Kurta,0.3,529.0,2138.0,2295.0,2295.0,2295.0,2295.0,2295.0,2295.0,2295.0,2295.0,2295.0,1766.0,333.8374291115312,False
265,Os184_1127_M,Os184_1127,Mix,Kurta,0.3,529.0,2138.0,2295.0,2295.0,2295.0,2295.0,2295.0,2295.0,2295.0,2295.0,2295.0,1766.0,333.8374291115312,False
266,Os184_1127_L,Os184_1127,Mix,Kurta,0.3,529.0,2138.0,2295.0,2295.0,2295.0,2295.0,2295.0,2295.0,2295.0,2295.0,2295.0,1766.0,333.8374291115312,False
267,Os184_1127_XL,Os184_1127,Mix,Kurta,0.3,529.0,2138.0,2295.0,2295.0,2295.0,2295.0,2295.0,2295.0,2295.0,2295.0,2295.0,1766.0,333.8374291115312,False
268,Os184_1127_2XL,Os184_1127,Mix,Kurta,0.3,529.0,2138.0,2295.0,2295.0,2295.0,2295.0,2295.0,2295.0,2295.0,2295.0,2295.0,1766.0,333.8374291115312,False
269,Os184_1127_3XL,Os184_1127,Mix,Kurta,0.3,529.0,2138.0,2295.0,2295.0,2295.0,2295.0,2295.0,2295.0,2295.0,2295.0,2295.0,1766.0,333.8374291115312,False
270,Os231_1384_S,Os231_1384,Mix,Kurta Set,0.4,662.0,2678.0,2795.0,2795.0,2795.0,2795.0,2795.0,2795.0,2795.0,2795.0,2795.0,2133.0,322.20543806646526,False
271,Os231_1384_M,Os231_1384,Mix,Kurta Set,0.4,662.0,2678.0,2795.0,2795.0,2795.0,2795.0,2795.0,2795.0,2795.0,2795.0,2795.0,2133.0,322.20543806646526,False
272,Os231_1384_L,Os231_1384,Mix,Kurta Set,0.4,662.0,2678.0,2795.0,2795.0,2795.0,2795.0,2795.0,2795.0,2795.0,2795.0,2795.0,2133.0,322.20543806646526,False
273,Os231_1384_XL,Os231_1384,Mix,Kurta Set,0.4,662.0,2678.0,2795.0,2795.0,2795.0,2795.0,2795.0,2795.0,2795.0,2795.0,2795.0,2133.0,322.20543806646526,False
274,Os231_1384_2XL,Os231_1384,Mix,Kurta Set,0.4,662.0,2678.0,2795.0,2795.0,2795.0,2795.0,2795.0,2795.0,2795.0,2795.0,2795.0,2133.0,322.20543806646526,False
275,Os231_1384_3XL,Os231_1384,Mix,Kurta Set,0.4,662.0,2678.0,2795.0,2795.0,2795.0,2795.0,2795.0,2795.0,2795.0,2795.0,2795.0,2133.0,322.20543806646526,False
276,Os186_1377_S,Os186_1377,Mix,Kurta,0.3,538.0,2178.0,2295.0,2295.0,2295.0,2295.0,2295.0,2295.0,2295.0,2295.0,2295.0,1757.0,326.57992565055764,False
277,Os186_1377_M,Os186_1377,Mix,Kurta,0.3,538.0,2178.0,2295.0,2295.0,2295.0,2295.0,2295.0,2295.0,2295.0,2295.0,2295.0,1757.0,326.57992565055764,False
278,Os186_1377_L,Os186_1377,Mix,Kurta,0.3,538.0,2178.0,2295.0,2295.0,2295.0,2295.0,2295.0,2295.0,2295.0,2295.0,2295.0,1757.0,326.57992565055764,False
279,Os186_1377_XL,Os186_1377,Mix,Kurta,0.3,538.0,2178.0,2295.0,2295.0,2295.0,2295.0,2295.0,2295.0,2295.0,2295.0,2295.0,1757.0,326.57992565055764,False
280,Os186_1377_2XL,Os186_1377,Mix,Kurta,0.3,538.0,2178.0,2295.0,2295.0,2295.0,2295.0,2295.0,2295.0,2295.0,2295.0,2295.0,1757.0,326.57992565055764,False
281,Os186_1377_3XL,Os186_1377,Mix,Kurta,0.3,538.0,2178.0,2295.0,2295.0,2295.0,2295.0,2295.0,2295.0,2295.0,2295.0,2295.0,1757.0,326.57992565055764,False
282,Os185_1105_S,Os185_1105,Mix,Kurta,0.3,529.0,2138.0,2295.0,2295.0,2295.0,2295.0,2295.0,2295.0,2295.0,2295.0,2295.0,1766.0,333.8374291115312,False
283,Os185_1105_M,Os185_1105,Mix,Kurta,0.3,529.0,2138.0,2295.0,2295.0,2295.0,2295.0,2295.0,2295.0,2295.0,2295.0,2295.0,1766.0,333.8374291115312,False
284,Os185_1105_L,Os185_1105,Mix,Kurta,0.3,529.0,2138.0,2295.0,2295.0,2295.0,2295.0,2295.0,2295.0,2295.0,2295.0,2295.0,1766.0,333.8374291115312,False
285,Os185_1105_XL,Os185_1105,Mix,Kurta,0.3,529.0,2138.0,2295.0,2295.0,2295.0,2295.0,2295.0,2295.0,2295.0,2295.0,2295.0,1766.0,333.8374291115312,False
286,Os185_1105_2XL,Os185_1105,Mix,Kurta,0.3,529.0,2138.0,2295.0,2295.0,2295.0,2295.0,2295.0,2295.0,2295.0,2295.0,2295.0,1766.0,333.8374291115312,False
287,Os185_1105_3XL,Os185_1105,Mix,Kurta,0.3,529.0,2138.0,2295.0,2295.0,2295.0,2295.0,2295.0,2295.0,2295.0,2295.0,2295.0,1766.0,333.8374291115312,False
288,Os190_1128_S,Os190_1128,Mix,Kurta,0.3,570.0,2298.0,2295.0,2295.0,2295.0,2295.0,2295.0,2295.0,2295.0,2295.0,2295.0,1725.0,302.6315789473684,False
289,Os190_1128_M,Os190_1128,Mix,Kurta,0.3,570.0,2298.0,2295.0,2295.0,2295.0,2295.0,2295.0,2295.0,2295.0,2295.0,2295.0,1725.0,302.6315789473684,False
290,Os190_1128_L,Os190_1128,Mix,Kurta,0.3,570.0,2298.0,2295.0,2295.0,2295.0,2295.0,2295.0,2295.0,2295.0,2295.0,2295.0,1725.0,302.6315789473684,False
291,Os190_1128_XL,Os190_1128,Mix,Kurta,0.3,570.0,2298.0,2295.0,2295.0,2295.0,2295.0,2295.0,2295.0,2295.0,2295.0,2295.0,1725.0,302.6315789473684,False
292,Os190_1128_2XL,Os190_1128,Mix,Kurta,0.3,570.0,2298.0,2295.0,2295.0,2295.0,2295.0,2295.0,2295.0,2295.0,2295.0,2295.0,1725.0,302.6315789473684,False
293,Os190_1128_3XL,Os190_1128,Mix,Kurta,0.3,570.0,2298.0,2295.0,2295.0,2295.0,2295.0,2295.0,2295.0,2295.0,2295.0,2295.0,1725.0,302.6315789473684,False
294,Os192_1124_S,Os192_1124,Mix,Kurta,0.3,570.0,2298.0,2295.0,2295.0,2295.0,2295.0,2295.0,2295.0,2295.0,2295.0,2295.0,1725.0,302.6315789473684,False
295,Os192_1124_M,Os192_1124,Mix,Kurta,0.3,570.0,2298.0,2295.0,2295.0,2295.0,2295.0,2295.0,2295.0,2295.0,2295.0,2295.0,1725.0,302.6315789473684,False
296,Os192_1124_L,Os192_1124,Mix,Kurta,0.3,570.0,2298.0,2295.0,2295.0,2295.0,2295.0,2295.0,2295.0,2295.0,2295.0,2295.0,1725.0,302.6315789473684,False
297,Os192_1124_XL,Os192_1124,Mix,Kurta,0.3,570.0,2298.0,2295.0,2295.0,2295.0,2295.0,2295.0,2295.0,2295.0,2295.0,2295.0,1725.0,302.6315789473684,False
298,Os192_1124_2XL,Os192_1124,Mix,Kurta,0.3,570.0,2298.0,2295.0,2295.0,2295.0,2295.0,2295.0,2295.0,2295.0,2295.0,2295.0,1725.0,302.6315789473684,False
299,Os192_1124_3XL,Os192_1124,Mix,Kurta,0.3,570.0,2298.0,2295.0,2295.0,2295.0,2295.0,2295.0,2295.0,2295.0,2295.0,2295.0,1725.0,302.6315789473684,False
300,Os172_1092_S,Os172_1092,Mix,Kurta,0.3,570.0,2298.0,2295.0,2295.0,2295.0,2295.0,2295.0,2295.0,2295.0,2295.0,2295.0,1725.0,302.6315789473684,False
301,Os172_1092_M,Os172_1092,Mix,Kurta,0.3,570.0,2298.0,2295.0,2295.0,2295.0,2295.0,2295.0,2295.0,2295.0,2295.0,2295.0,1725.0,302.6315789473684,False
302,Os172_1092_L,Os172_1092,Mix,Kurta,0.3,570.0,2298.0,2295.0,2295.0,2295.0,2295.0,2295.0,2295.0,2295.0,2295.0,2295.0,1725.0,302.6315789473684,False
303,Os172_1092_XL,Os172_1092,Mix,Kurta,0.3,570.0,2298.0,2295.0,2295.0,2295.0,2295.0,2295.0,2295.0,2295.0,2295.0,2295.0,1725.0,302.6315789473684,False
304,Os172_1092_2XL,Os172_1092,Mix,Kurta,0.3,570.0,2298.0,2295.0,2295.0,2295.0,2295.0,2295.0,2295.0,2295.0,2295.0,2295.0,1725.0,302.6315789473684,False
305,Os172_1092_3XL,Os172_1092,Mix,Kurta,0.3,570.0,2298.0,2295.0,2295.0,2295.0,2295.0,2295.0,2295.0,2295.0,2295.0,2295.0,1725.0,302.6315789473684,False
306,Os176_1015_S,Os176_1015,Mix,Kurta,0.3,724.0,2918.0,3095.0,3095.0,3095.0,3095.0,3095.0,3095.0,3095.0,3095.0,3095.0,2371.0,327.4861878453039,False
307,Os176_1015_M,Os176_1015,Mix,Kurta,0.3,724.0,2918.0,3095.0,3095.0,3095.0,3095.0,3095.0,3095.0,3095.0,3095.0,3095.0,2371.0,327.4861878453039,False
308,Os176_1015_L,Os176_1015,Mix,Kurta,0.3,724.0,2918.0,3095.0,3095.0,3095.0,3095.0,3095.0,3095.0,3095.0,3095.0,3095.0,2371.0,327.4861878453039,False
309,Os176_1015_XL,Os176_1015,Mix,Kurta,0.3,724.0,2918.0,3095.0,3095.0,3095.0,3095.0,3095.0,3095.0,3095.0,3095.0,3095.0,2371.0,327.4861878453039,False
310,Os176_1015_2XL,Os176_1015,Mix,Kurta,0.3,724.0,2918.0,3095.0,3095.0,3095.0,3095.0,3095.0,3095.0,3095.0,3095.0,3095.0,2371.0,327.4861878453039,False
311,Os176_1015_3XL,Os176_1015,Mix,Kurta,0.3,724.0,2918.0,3095.0,3095.0,3095.0,3095.0,3095.0,3095.0,3095.0,3095.0,3095.0,2371.0,327.4861878453039,False
312,Os196_1371_S,Os196_1371,Mix,Kurta,0.3,538.0,2178.0,2295.0,2295.0,2295.0,2295.0,2295.0,2295.0,2295.0,2295.0,2295.0,1757.0,326.57992565055764,False
313,Os196_1371_M,Os196_1371,Mix,Kurta,0.3,538.0,2178.0,2295.0,2295.0,2295.0,2295.0,2295.0,2295.0,2295.0,2295.0,2295.0,1757.0,326.57992565055764,False
314,Os196_1371_L,Os196_1371,Mix,Kurta,0.3,538.0,2178.0,2295.0,2295.0,2295.0,2295.0,2295.0,2295.0,2295.0,2295.0,2295.0,1757.0,326.57992565055764,False
315,Os196_1371_XL,Os196_1371,Mix,Kurta,0.3,538.0,2178.0,2295.0,2295.0,2295.0,2295.0,2295.0,2295.0,2295.0,2295.0,2295.0,1757.0,326.57992565055764,False
316,Os196_1371_2XL,Os196_1371,Mix,Kurta,0.3,538.0,2178.0,2295.0,2295.0,2295.0,2295.0,2295.0,2295.0,2295.0,2295.0,2295.0,1757.0,326.57992565055764,False
317,Os196_1371_3XL,Os196_1371,Mix,Kurta,0.3,538.0,2178.0,2295.0,2295.0,2295.0,2295.0,2295.0,2295.0,2295.0,2295.0,2295.0,1757.0,326.57992565055764,False
318,Os193_1062_S,Os193_1062,Mix,Kurta,0.3,570.0,2298.0,2395.0,2395.0,2395.0,2395.0,2395.0,2395.0,2395.0,2395.0,2395.0,1825.0,320.17543859649123,False
319,Os193_1062_M,Os193_1062,Mix,Kurta,0.3,570.0,2298.0,2395.0,2395.0,2395.0,2395.0,2395.0,2395.0,2395.0,2395.0,2395.0,1825.0,320.17543859649123,False
320,Os193_1062_L,Os193_1062,Mix,Kurta,0.3,570.0,2298.0,2395.0,2395.0,2395.0,2395.0,2395.0,2395.0,2395.0,2395.0,2395.0,1825.0,320.17543859649123,False
321,Os193_1062_XL,Os193_1062,Mix,Kurta,0.3,570.0,2298.0,2395.0,2395.0,2395.0,2395.0,2395.0,2395.0,2395.0,2395.0,2395.0,1825.0,320.17543859649123,False
322,Os193_1062_2XL,Os193_1062,Mix,Kurta,0.3,570.0,2298.0,2395.0,2395.0,2395.0,2395.0,2395.0,2395.0,2395.0,2395.0,2395.0,1825.0,320.17543859649123,False
323,Os193_1062_3XL,Os193_1062,Mix,Kurta,0.3,570.0,2298.0,2395.0,2395.0,2395.0,2395.0,2395.0,2395.0,2395.0,2395.0,2395.0,1825.0,320.17543859649123,False
324,Os205_1054_S,Os205_1054,Mix,Kurta,0.3,570.0,2298.0,2395.0,2395.0,2395.0,2395.0,2395.0,2395.0,2395.0,2395.0,2395.0,1825.0,320.17543859649123,False
325,Os205_1054_M,Os205_1054,Mix,Kurta,0.3,570.0,2298.0,2395.0,2395.0,2395.0,2395.0,2395.0,2395.0,2395.0,2395.0,2395.0,1825.0,320.17543859649123,False
326,Os205_1054_L,Os205_1054,Mix,Kurta,0.3,570.0,2298.0,2395.0,2395.0,2395.0,2395.0,2395.0,2395.0,2395.0,2395.0,2395.0,1825.0,320.17543859649123,False
327,Os205_1054_XL,Os205_1054,Mix,Kurta,0.3,570.0,2298.0,2395.0,2395.0,2395.0,2395.0,2395.0,2395.0,2395.0,2395.0,2395.0,1825.0,320.17543859649123,False
328,Os205_1054_2XL,Os205_1054,Mix,Kurta,0.3,570.0,2298.0,2395.0,2395.0,2395.0,2395.0,2395.0,2395.0,2395.0,2395.0,2395.0,1825.0,320.17543859649123,False
329,Os205_1054_3XL,Os205_1054,Mix,Kurta,0.3,570.0,2298.0,2395.0,2395.0,2395.0,2395.0,2395.0,2395.0,2395.0,2395.0,2395.0,1825.0,320.17543859649123,False
330,Os203_1100_S,Os203_1100,Mix,Kurta,0.3,529.0,2138.0,2395.0,2395.0,2395.0,2395.0,2395.0,2395.0,2395.0,2395.0,2395.0,1866.0,352.74102079395084,False
331,Os203_1100_M,Os203_1100,Mix,Kurta,0.3,529.0,2138.0,2395.0,2395.0,2395.0,2395.0,2395.0,2395.0,2395.0,2395.0,2395.0,1866.0,352.74102079395084,False
332,Os203_1100_L,Os203_1100,Mix,Kurta,0.3,529.0,2138.0,2395.0,2395.0,2395.0,2395.0,2395.0,2395.0,2395.0,2395.0,2395.0,1866.0,352.74102079395084,False
333,Os203_1100_XL,Os203_1100,Mix,Kurta,0.3,529.0,2138.0,2395.0,2395.0,2395.0,2395.0,2395.0,2395.0,2395.0,2395.0,2395.0,1866.0,352.74102079395084,False
334,Os203_1100_2XL,Os203_1100,Mix,Kurta,0.3,529.0,2138.0,2395.0,2395.0,2395.0,2395.0,2395.0,2395.0,2395.0,2395.0,2395.0,1866.0,352.74102079395084,False
335,Os203_1100_3XL,Os203_1100,Mix,Kurta,0.3,529.0,2138.0,2395.0,2395.0,2395.0,2395.0,2395.0,2395.0,2395.0,2395.0,2395.0,1866.0,352.74102079395084,False
336,Os204_3091_S,Os204_3091,Mix,Kurta,0.3,529.0,2138.0,2395.0,2395.0,2395.0,2395.0,2395.0,2395.0,2395.0,2395.0,2395.0,1866.0,352.74102079395084,False
337,Os204_3091_M,Os204_3091,Mix,Kurta,0.3,529.0,2138.0,2395.0,2395.0,2395.0,2395.0,2395.0,2395.0,2395.0,2395.0,2395.0,1866.0,352.74102079395084,False
338,Os204_3091_L,Os204_3091,Mix,Kurta,0.3,529.0,2138.0,2395.0,2395.0,2395.0,2395.0,2395.0,2395.0,2395.0,2395.0,2395.0,1866.0,352.74102079395084,False
339,Os204_3091_XL,Os204_3091,Mix,Kurta,0.3,529.0,2138.0,2395.0,2395.0,2395.0,2395.0,2395.0,2395.0,2395.0,2395.0,2395.0,1866.0,352.74102079395084,False
340,Os204_3091_2XL,Os204_3091,Mix,Kurta,0.3,529.0,2138.0,2395.0,2395.0,2395.0,2395.0,2395.0,2395.0,2395.0,2395.0,2395.0,1866.0,352.74102079395084,False
341,Os204_3091_3XL,Os204_3091,Mix,Kurta,0.3,529.0,2210.0,2395.0,2395.0,2395.0,2395.0,2295.0,2295.0,2395.0,2395.0,2395.0,1866.0,352.74102079395084,False
342,Os160_S,Os160,Mix,Kurta,0.3,424.0,2240.0,1695.0,1695.0,1695.0,1695.0,1695.0,1795.0,1695.0,1895.0,1695.0,1271.0,299.76415094339626,False
343,Os160_M,Os160,Mix,Kurta,0.3,424.0,1695.0,1695.0,1695.0,1695.0,1695.0,1695.0,1795.0,1695.0,1895.0,1695.0,1271.0,299.76415094339626,False
344,Os160_L,Os160,Mix,Kurta,0.3,424.0,1695.0,1695.0,1695.0,1695.0,1695.0,1695.0,1795.0,1695.0,1895.0,1695.0,1271.0,299.76415094339626,False
345,Os160_XL,Os160,Mix,Kurta,0.3,424.0,1695.0,1695.0,1695.0,1695.0,1695.0,1695.0,1795.0,1695.0,1895.0,1695.0,1271.0,299.76415094339626,False
346,Os160_2XL,Os160,Mix,Kurta,0.3,424.0,1695.0,1695.0,1695.0,1695.0,1695.0,1695.0,1795.0,1695.0,1895.0,1695.0,1271.0,299.76415094339626,False
347,Os160_3XL,Os160,Mix,Kurta,0.3,424.0,1695.0,1695.0,1695.0,1695.0,1695.0,1695.0,1795.0,1695.0,1895.0,1695.0,1271.0,299.76415094339626,False
348,Os162_S,Os162,Mix,Kurta,0.3,424.0,1695.0,1695.0,1695.0,1695.0,1695.0,1695.0,1795.0,1695.0,1895.0,1695.0,1271.0,299.76415094339626,False
349,Os162_M,Os162,Mix,Kurta,0.3,424.0,1695.0,1695.0,1695.0,1695.0,1695.0,1695.0,1795.0,1695.0,1895.0,1695.0,1271.0,299.76415094339626,False
350,Os162_L,Os162,Mix,Kurta,0.3,424.0,1695.0,1695.0,1695.0,1695.0,1695.0,1695.0,1795.0,1695.0,1895.0,1695.0,1271.0,299.76415094339626,False
351,Os162_XL,Os162,Mix,Kurta,0.3,424.0,1695.0,1695.0,1695.0,1695.0,1695.0,1695.0,1795.0,1695.0,1895.0,1695.0,1271.0,299.76415094339626,False
352,Os162_2XL,Os162,Mix,Kurta,0.3,424.0,1695.0,1695.0,1695.0,1695.0,1695.0,1695.0,1795.0,1695.0,1895.0,1695.0,1271.0,299.76415094339626,False
353,Os162_3XL,Os162,Mix,Kurta,0.3,424.0,1695.0,1695.0,1695.0,1695.0,1695.0,1695.0,1795.0,1695.0,1895.0,1695.0,1271.0,299.76415094339626,False
354,Os110_14253_S,Os110_14253,Mix,Kurta,0.3,381.0,1595.0,1595.0,1595.0,1595.0,1595.0,1595.0,1595.0,1595.0,1595.0,1595.0,1214.0,318.6351706036745,False
355,Os110_14253_M,Os110_14253,Mix,Kurta,0.3,381.0,1595.0,1595.0,1595.0,1595.0,1595.0,1595.0,1595.0,1595.0,1595.0,1595.0,1214.0,318.6351706036745,False
356,Os110_14253_L,Os110_14253,Mix,Kurta,0.3,381.0,1595.0,1595.0,1595.0,1595.0,1595.0,1595.0,1595.0,1595.0,1595.0,1595.0,1214.0,318.6351706036745,False
357,Os110_14253_XL,Os110_14253,Mix,Kurta,0.3,381.0,1595.0,1595.0,1595.0,1595.0,1595.0,1595.0,1595.0,1595.0,1595.0,1595.0,1214.0,318.6351706036745,False
358,Os110_14253_2XL,Os110_14253,Mix,Kurta,0.3,381.0,1595.0,1595.0,1595.0,1595.0,1595.0,1595.0,1595.0,1595.0,1595.0,1595.0,1214.0,318.6351706036745,False
359,Os110_14253_3XL,Os110_14253,Mix,Kurta,0.3,381.0,1595.0,1595.0,1595.0,1595.0,1595.0,1595.0,1595.0,1595.0,1595.0,1595.0,1214.0,318.6351706036745,False
360,Os117_3063_S,Os117_3063,Mix,Kurta,0.3,381.0,1595.0,1595.0,1595.0,1595.0,1595.0,1595.0,1595.0,1595.0,1595.0,1595.0,1214.0,318.6351706036745,False
361,Os117_3063_M,Os117_3063,Mix,Kurta,0.3,381.0,1595.0,1595.0,1595.0,1595.0,1595.0,1595.0,1595.0,1595.0,1595.0,1595.0,1214.0,318.6351706036745,False
362,Os117_3063_L,Os117_3063,Mix,Kurta,0.3,381.0,1595.0,1595.0,1595.0,1595.0,1595.0,1595.0,1595.0,1595.0,1595.0,1595.0,1214.0,318.6351706036745,False
363,Os117_3063_XL,Os117_3063,Mix,Kurta,0.3,381.0,1595.0,1595.0,1595.0,1595.0,1595.0,1595.0,1595.0,1595.0,1595.0,1595.0,1214.0,318.6351706036745,False
364,Os117_3063_2XL,Os117_3063,Mix,Kurta,0.3,381.0,1595.0,1595.0,1595.0,1595.0,1595.0,1595.0,1595.0,1595.0,1595.0,1595.0,1214.0,318.6351706036745,False
365,Os117_3063_3XL,Os117_3063,Mix,Kurta,0.3,381.0,1595.0,1595.0,1595.0,1595.0,1595.0,1595.0,1595.0,1595.0,1595.0,1595.0,1214.0,318.6351706036745,False
366,Os122_1736_S,Os122_1736,Mix,Kurta,0.3,471.0,1895.0,1895.0,1895.0,1895.0,1895.0,1895.0,1995.0,1895.0,1895.0,1895.0,1424.0,302.3354564755839,False
367,Os122_1736_M,Os122_1736,Mix,Kurta,0.3,471.0,1895.0,1895.0,1895.0,1895.0,1895.0,1895.0,1995.0,1895.0,1895.0,1895.0,1424.0,302.3354564755839,False
368,Os122_1736_L,Os122_1736,Mix,Kurta,0.3,471.0,1895.0,1895.0,1895.0,1895.0,1895.0,1895.0,1995.0,1895.0,1895.0,1995.0,1424.0,302.3354564755839,False
369,Os122_1736_XL,Os122_1736,Mix,Kurta,0.3,471.0,1895.0,1895.0,1895.0,1895.0,1895.0,1895.0,1995.0,1895.0,1895.0,1995.0,1424.0,302.3354564755839,False
370,Os122_1736_2XL,Os122_1736,Mix,Kurta,0.3,471.0,1895.0,1895.0,1895.0,1895.0,1895.0,1895.0,1995.0,1895.0,1895.0,1895.0,1424.0,302.3354564755839,False
371,Os122_1736_3XL,Os122_1736,Mix,Kurta,0.3,471.0,1895.0,1895.0,1895.0,1895.0,1895.0,1895.0,1995.0,1895.0,1895.0,1895.0,1424.0,302.3354564755839,False
372,Os119_3094_S,Os119_3094,Mix,Kurta,0.3,471.0,1895.0,1895.0,1895.0,1895.0,1895.0,1895.0,1995.0,1895.0,1895.0,1995.0,1424.0,302.3354564755839,False
373,Os119_3094_M,Os119_3094,Mix,Kurta,0.3,471.0,1895.0,1895.0,1895.0,1895.0,1895.0,1895.0,1995.0,1895.0,1895.0,1995.0,1424.0,302.3354564755839,False
374,Os119_3094_L,Os119_3094,Mix,Kurta,0.3,471.0,1895.0,1895.0,1895.0,1895.0,1895.0,1895.0,1995.0,1895.0,1895.0,1995.0,1424.0,302.3354564755839,False
375,Os119_3094_XL,Os119_3094,Mix,Kurta,0.3,471.0,1895.0,1895.0,1895.0,1895.0,1895.0,1895.0,1995.0,1895.0,1895.0,1995.0,1424.0,302.3354564755839,False
376,Os119_3094_2XL,Os119_3094,Mix,Kurta,0.3,471.0,1895.0,1895.0,1895.0,1895.0,1895.0,1895.0,1995.0,1895.0,1895.0,1995.0,1424.0,302.3354564755839,False
377,Os119_3094_3XL,Os119_3094,Mix,Kurta,0.3,471.0,1895.0,1895.0,1895.0,1895.0,1895.0,1895.0,1995.0,1895.0,1895.0,1995.0,1424.0,302.3354564755839,False
378,Os120_14412_S,Os120_14412,Mix,Kurta,0.3,471.0,1895.0,1895.0,1895.0,1895.0,1895.0,1895.0,1995.0,1895.0,1895.0,1895.0,1424.0,302.3354564755839,False
379,Os120_14412_M,Os120_14412,Mix,Kurta,0.3,471.0,1895.0,1895.0,1895.0,1895.0,1895.0,1895.0,1995.0,1895.0,1895.0,1995.0,1424.0,302.3354564755839,False
380,Os120_14412_L,Os120_14412,Mix,Kurta,0.3,471.0,1895.0,1895.0,1895.0,1895.0,1895.0,1895.0,1995.0,1895.0,1895.0,1995.0,1424.0,302.3354564755839,False
381,Os120_14412_XL,Os120_14412,Mix,Kurta,0.3,471.0,1895.0,1895.0,1895.0,1895.0,1895.0,1895.0,1995.0,1895.0,1895.0,1995.0,1424.0,302.3354564755839,False
382,Os120_14412_2XL,Os120_14412,Mix,Kurta,0.3,471.0,1895.0,1895.0,1895.0,1895.0,1895.0,1895.0,1995.0,1895.0,1895.0,1895.0,1424.0,302.3354564755839,False
383,Os120_14412_3XL,Os120_14412,Mix,Kurta,0.3,471.0,1895.0,1895.0,1895.0,1895.0,1895.0,1895.0,1995.0,1895.0,1895.0,1895.0,1424.0,302.3354564755839,False
384,Os126_14249_S,Os126_14249,Mix,Kurta,0.3,381.0,1595.0,1595.0,1595.0,1595.0,1595.0,1595.0,1595.0,1595.0,1595.0,1595.0,1214.0,318.6351706036745,False
385,Os126_14249_M,Os126_14249,Mix,Kurta,0.3,381.0,1595.0,1595.0,1595.0,1595.0,1595.0,1595.0,1595.0,1595.0,1595.0,1595.0,1214.0,318.6351706036745,False
386,Os126_14249_L,Os126_14249,Mix,Kurta,0.3,381.0,1595.0,1595.0,1595.0,1595.0,1595.0,1595.0,1595.0,1595.0,1595.0,1595.0,1214.0,318.6351706036745,False
387,Os126_14249_XL,Os126_14249,Mix,Kurta,0.3,381.0,1595.0,1595.0,1595.0,1595.0,1595.0,1595.0,1595.0,1595.0,1595.0,1595.0,1214.0,318.6351706036745,False
388,Os126_14249_2XL,Os126_14249,Mix,Kurta,0.3,381.0,1595.0,1595.0,1595.0,1595.0,1595.0,1595.0,1595.0,1595.0,1595.0,1595.0,1214.0,318.6351706036745,False
389,Os126_14249_3XL,Os126_14249,Mix,Kurta,0.3,381.0,1595.0,1595.0,1595.0,1595.0,1595.0,1595.0,1595.0,1595.0,1595.0,1595.0,1214.0,318.6351706036745,False
390,Os132_1866_S,Os132_1866,Mix,Kurta,0.3,286.0,1195.0,1195.0,1195.0,1195.0,1195.0,1195.0,1195.0,1195.0,1195.0,1195.0,909.0,317.83216783216784,False
391,Os132_1866_M,Os132_1866,Mix,Kurta,0.3,286.0,1195.0,1195.0,1195.0,1195.0,1195.0,1195.0,1195.0,1195.0,1195.0,1195.0,909.0,317.83216783216784,False
392,Os132_1866_L,Os132_1866,Mix,Kurta,0.3,286.0,1195.0,1195.0,1195.0,1195.0,1195.0,1195.0,1195.0,1195.0,1195.0,1195.0,909.0,317.83216783216784,False
393,Os132_1866_XL,Os132_1866,Mix,Kurta,0.3,286.0,1195.0,1195.0,1195.0,1195.0,1195.0,1195.0,1195.0,1195.0,1195.0,1195.0,909.0,317.83216783216784,False
394,Os132_1866_2XL,Os132_1866,Mix,Kurta,0.3,286.0,1195.0,1195.0,1195.0,1195.0,1195.0,1195.0,1195.0,1195.0,1195.0,1195.0,909.0,317.83216783216784,False
395,Os132_1866_3XL,Os132_1866,Mix,Kurta,0.3,286.0,1195.0,1195.0,1195.0,1195.0,1195.0,1195.0,1195.0,1195.0,1195.0,1195.0,909.0,317.83216783216784,False
396,Os116_14254_S,Os116_14254,Mix,Kurta,0.3,381.0,1595.0,1595.0,1595.0,1595.0,1595.0,1595.0,1595.0,1595.0,1595.0,1595.0,1214.0,318.6351706036745,False
397,Os116_14254_M,Os116_14254,Mix,Kurta,0.3,381.0,1595.0,1595.0,1595.0,1595.0,1595.0,1595.0,1595.0,1595.0,1595.0,1595.0,1214.0,318.6351706036745,False
398,Os116_14254_L,Os116_14254,Mix,Kurta,0.3,381.0,1595.0,1595.0,1595.0,1595.0,1595.0,1595.0,1595.0,1595.0,1595.0,1595.0,1214.0,318.6351706036745,False
399,Os116_14254_XL,Os116_14254,Mix,Kurta,0.3,381.0,1595.0,1595.0,1595.0,1595.0,1595.0,1595.0,1595.0,1595.0,1595.0,1595.0,1214.0,318.6351706036745,False
400,Os116_14254_2XL,Os116_14254,Mix,Kurta,0.3,381.0,1595.0,1595.0,1595.0,1595.0,1595.0,1595.0,1595.0,1595.0,1595.0,1595.0,1214.0,318.6351706036745,False
401,Os116_14254_3XL,Os116_14254,Mix,Kurta,0.3,381.0,1595.0,1595.0,1595.0,1595.0,1595.0,1595.0,1595.0,1595.0,1595.0,1595.0,1214.0,318.6351706036745,False
402,Os113_3090_S,Os113_3090,Mix,Kurta,0.3,500.0,1995.0,1995.0,1995.0,1995.0,1995.0,1995.0,2095.0,1995.0,1995.0,2095.0,1495.0,299.0,False
403,Os113_3090_M,Os113_3090,Mix,Kurta,0.3,500.0,1995.0,1995.0,1995.0,1995.0,1995.0,1995.0,2095.0,1995.0,1995.0,2095.0,1495.0,299.0,False
404,Os113_3090_L,Os113_3090,Mix,Kurta,0.3,500.0,1995.0,1995.0,1995.0,1995.0,1995.0,1995.0,2095.0,1995.0,1995.0,2095.0,1495.0,299.0,False
405,Os113_3090_XL,Os113_3090,Mix,Kurta,0.3,500.0,1995.0,1995.0,1995.0,1995.0,1995.0,1995.0,2095.0,1995.0,1995.0,2095.0,1495.0,299.0,False
406,Os113_3090_2XL,Os113_3090,Mix,Kurta,0.3,500.0,1995.0,1995.0,1995.0,1995.0,1995.0,1995.0,2095.0,1995.0,1995.0,2095.0,1495.0,299.0,False
407,Os113_3090_3XL,Os113_3090,Mix,Kurta,0.3,500.0,1995.0,1995.0,1995.0,1995.0,1995.0,1995.0,2095.0,1995.0,1995.0,2095.0,1495.0,299.0,False
408,Os111_3074_S,Os111_3074,Mix,Kurta,0.3,471.0,1895.0,1895.0,1895.0,1895.0,1895.0,1895.0,1995.0,1895.0,1895.0,1995.0,1424.0,302.3354564755839,False
409,Os111_3074_M,Os111_3074,Mix,Kurta,0.3,471.0,1895.0,1895.0,1895.0,1895.0,1895.0,1895.0,1995.0,1895.0,1895.0,1995.0,1424.0,302.3354564755839,False
410,Os111_3074_L,Os111_3074,Mix,Kurta,0.3,471.0,1895.0,1895.0,1895.0,1895.0,1895.0,1895.0,1995.0,1895.0,1895.0,1995.0,1424.0,302.3354564755839,False
411,Os111_3074_XL,Os111_3074,Mix,Kurta,0.3,471.0,1895.0,1895.0,1895.0,1895.0,1895.0,1895.0,1995.0,1895.0,1895.0,1995.0,1424.0,302.3354564755839,False
412,Os111_3074_2XL,Os111_3074,Mix,Kurta,0.3,471.0,1895.0,1895.0,1895.0,1895.0,1895.0,1895.0,1995.0,1895.0,1895.0,1995.0,1424.0,302.3354564755839,False
413,Os111_3074_3XL,Os111_3074,Mix,Kurta,0.3,471.0,1895.0,1895.0,1895.0,1895.0,1895.0,1895.0,1995.0,1895.0,1895.0,1995.0,1424.0,302.3354564755839,False
414,Os123_1332_S,Os123_1332,Mix,Kurta,0.3,381.0,1595.0,1595.0,1595.0,1595.0,1595.0,1595.0,1595.0,1595.0,1595.0,1595.0,1214.0,318.6351706036745,False
415,Os123_1332_M,Os123_1332,Mix,Kurta,0.3,381.0,1595.0,1595.0,1595.0,1595.0,1595.0,1595.0,1595.0,1595.0,1595.0,1595.0,1214.0,318.6351706036745,False
416,Os123_1332_L,Os123_1332,Mix,Kurta,0.3,381.0,1595.0,1595.0,1595.0,1595.0,1595.0,1595.0,1595.0,1595.0,1595.0,1595.0,1214.0,318.6351706036745,False
417,Os123_1332_XL,Os123_1332,Mix,Kurta,0.3,381.0,1595.0,1595.0,1595.0,1595.0,1595.0,1595.0,1595.0,1595.0,1595.0,1595.0,1214.0,318.6351706036745,False
418,Os123_1332_2XL,Os123_1332,Mix,Kurta,0.3,381.0,1595.0,1595.0,1595.0,1595.0,1595.0,1595.0,1595.0,1595.0,1595.0,1595.0,1214.0,318.6351706036745,False
419,Os123_1332_3XL,Os123_1332,Mix,Kurta,0.3,381.0,1595.0,1595.0,1595.0,1595.0,1595.0,1595.0,1595.0,1595.0,1595.0,1595.0,1214.0,318.6351706036745,False
420,Os141_1331_S,Os141_1331,Mix,Kurta,0.3,381.0,1595.0,1595.0,1595.0,1595.0,1595.0,1595.0,1595.0,1595.0,1595.0,1595.0,1214.0,318.6351706036745,False
421,Os141_1331_M,Os141_1331,Mix,Kurta,0.3,381.0,1595.0,1595.0,1595.0,1595.0,1595.0,1595.0,1595.0,1595.0,1595.0,1595.0,1214.0,318.6351706036745,False
422,Os141_1331_L,Os141_1331,Mix,Kurta,0.3,381.0,1595.0,1595.0,1595.0,1595.0,1595.0,1595.0,1595.0,1595.0,1595.0,1595.0,1214.0,318.6351706036745,False
423,Os141_1331_XL,Os141_1331,Mix,Kurta,0.3,381.0,1595.0,1595.0,1595.0,1595.0,1595.0,1595.0,1595.0,1595.0,1595.0,1595.0,1214.0,318.6351706036745,False
424,Os141_1331_2XL,Os141_1331,Mix,Kurta,0.3,381.0,1595.0,1595.0,1595.0,1595.0,1595.0,1595.0,1595.0,1595.0,1595.0,1595.0,1214.0,318.6351706036745,False
425,Os141_1331_3XL,Os141_1331,Mix,Kurta,0.3,381.0,1595.0,1595.0,1595.0,1595.0,1595.0,1595.0,1595.0,1595.0,1595.0,1595.0,1214.0,318.6351706036745,False
426,Os102_14255_S,Os102_14255,Mix,Kurta,0.3,381.0,1595.0,1595.0,1595.0,1595.0,1595.0,1595.0,1595.0,1595.0,1595.0,1595.0,1214.0,318.6351706036745,False
427,Os102_14255_M,Os102_14255,Mix,Kurta,0.3,381.0,1595.0,1595.0,1595.0,1595.0,1595.0,1595.0,1595.0,1595.0,1595.0,1595.0,1214.0,318.6351706036745,False
428,Os102_14255_L,Os102_14255,Mix,Kurta,0.3,381.0,1595.0,1595.0,1595.0,1595.0,1595.0,1595.0,1595.0,1595.0,1595.0,1595.0,1214.0,318.6351706036745,False
429,Os102_14255_XL,Os102_14255,Mix,Kurta,0.3,381.0,1595.0,1595.0,1595.0,1595.0,1595.0,1595.0,1595.0,1595.0,1595.0,1595.0,1214.0,318.6351706036745,False
430,Os102_14255_2XL,Os102_14255,Mix,Kurta,0.3,381.0,1595.0,1595.0,1595.0,1595.0,1595.0,1595.0,1595.0,1595.0,1595.0,1595.0,1214.0,318.6351706036745,False
431,Os102_14255_3XL,Os102_14255,Mix,Kurta,0.3,381.0,1595.0,1595.0,1595.0,1595.0,1595.0,1595.0,1595.0,1595.0,1595.0,1595.0,1214.0,318.6351706036745,False
432,Os104_1276_S,Os104_1276,Mix,Kurta,0.3,381.0,1595.0,1595.0,1595.0,1595.0,1595.0,1595.0,1595.0,1595.0,1595.0,1595.0,1214.0,318.6351706036745,False
433,Os104_1276_M,Os104_1276,Mix,Kurta,0.3,381.0,1595.0,1595.0,1595.0,1595.0,1595.0,1595.0,1595.0,1595.0,1595.0,1595.0,1214.0,318.6351706036745,False
434,Os104_1276_L,Os104_1276,Mix,Kurta,0.3,381.0,1595.0,1595.0,1595.0,1595.0,1595.0,1595.0,1595.0,1595.0,1595.0,1595.0,1214.0,318.6351706036745,False
435,Os104_1276_XL,Os104_1276,Mix,Kurta,0.3,381.0,1595.0,1595.0,1595.0,1595.0,1595.0,1595.0,1595.0,1595.0,1595.0,1595.0,1214.0,318.6351706036745,False
436,Os104_1276_2XL,Os104_1276,Mix,Kurta,0.3,381.0,1595.0,1595.0,1595.0,1595.0,1595.0,1595.0,1595.0,1595.0,1595.0,1595.0,1214.0,318.6351706036745,False
437,Os104_1276_3XL,Os104_1276,Mix,Kurta,0.3,381.0,1595.0,1595.0,1595.0,1595.0,1595.0,1595.0,1595.0,1595.0,1595.0,1595.0,1214.0,318.6351706036745,False
438,Os106_14213_S,Os106_14213,Mix,Kurta,0.3,581.0,2395.0,2395.0,2395.0,2395.0,2395.0,2395.0,2495.0,2395.0,2395.0,2395.0,1814.0,312.2203098106712,False
439,Os106_14213_M,Os106_14213,Mix,Kurta,0.3,581.0,2395.0,2395.0,2395.0,2395.0,2395.0,2395.0,2495.0,2395.0,2395.0,2395.0,1814.0,312.2203098106712,False
440,Os106_14213_L,Os106_14213,Mix,Kurta,0.3,581.0,2395.0,2395.0,2395.0,2395.0,2395.0,2395.0,2495.0,2395.0,2395.0,2495.0,1814.0,312.2203098106712,False
441,Os106_14213_XL,Os106_14213,Mix,Kurta,0.3,581.0,2395.0,2395.0,2395.0,2395.0,2395.0,2395.0,2495.0,2395.0,2395.0,2495.0,1814.0,312.2203098106712,False
442,Os106_14213_2XL,Os106_14213,Mix,Kurta,0.3,581.0,2395.0,2395.0,2395.0,2395.0,2395.0,2395.0,2495.0,2395.0,2395.0,2395.0,1814.0,312.2203098106712,False
443,Os106_14213_3XL,Os106_14213,Mix,Kurta,0.3,581.0,2395.0,2395.0,2395.0,2395.0,2395.0,2395.0,2495.0,2395.0,2395.0,2395.0,1814.0,312.2203098106712,False
444,Os105_3062_S,Os105_3062,Mix,Kurta,0.3,381.0,1595.0,1595.0,1595.0,1595.0,1595.0,1595.0,1595.0,1595.0,1595.0,1595.0,1214.0,318.6351706036745,False
445,Os105_3062_M,Os105_3062,Mix,Kurta,0.3,381.0,1595.0,1595.0,1595.0,1595.0,1595.0,1595.0,1595.0,1595.0,1595.0,1595.0,1214.0,318.6351706036745,False
446,Os105_3062_L,Os105_3062,Mix,Kurta,0.3,381.0,1595.0,1595.0,1595.0,1595.0,1595.0,1595.0,1595.0,1595.0,1595.0,1595.0,1214.0,318.6351706036745,False
447,Os105_3062_XL,Os105_3062,Mix,Kurta,0.3,381.0,1595.0,1595.0,1595.0,1595.0,1595.0,1595.0,1595.0,1595.0,1595.0,1595.0,1214.0,318.6351706036745,False
448,Os105_3062_2XL,Os105_3062,Mix,Kurta,0.3,381.0,1595.0,1595.0,1595.0,1595.0,1595.0,1595.0,1595.0,1595.0,1595.0,1595.0,1214.0,318.6351706036745,False
449,Os105_3062_3XL,Os105_3062,Mix,Kurta,0.3,381.0,1595.0,1595.0,1595.0,1595.0,1595.0,1595.0,1595.0,1595.0,1595.0,1595.0,1214.0,318.6351706036745,False
450,Os109_3095_S,Os109_3095,Mix,Kurta,0.3,471.0,1895.0,1895.0,1895.0,1895.0,1895.0,1895.0,1995.0,1895.0,1895.0,1995.0,1424.0,302.3354564755839,False
451,Os109_3095_M,Os109_3095,Mix,Kurta,0.3,471.0,1895.0,1895.0,1895.0,1895.0,1895.0,1895.0,1995.0,1895.0,1895.0,1995.0,1424.0,302.3354564755839,False
452,Os109_3095_L,Os109_3095,Mix,Kurta,0.3,471.0,1895.0,1895.0,1895.0,1895.0,1895.0,1895.0,1995.0,1895.0,1895.0,1995.0,1424.0,302.3354564755839,False
453,Os109_3095_XL,Os109_3095,Mix,Kurta,0.3,471.0,1895.0,1895.0,1895.0,1895.0,1895.0,1895.0,1995.0,1895.0,1895.0,1995.0,1424.0,302.3354564755839,False
454,Os109_3095_2XL,Os109_3095,Mix,Kurta,0.3,471.0,1895.0,1895.0,1895.0,1895.0,1895.0,1895.0,1995.0,1895.0,1895.0,1995.0,1424.0,302.3354564755839,False
455,Os109_3095_3XL,Os109_3095,Mix,Kurta,0.3,471.0,1895.0,1895.0,1895.0,1895.0,1895.0,1895.0,1995.0,1895.0,1895.0,1995.0,1424.0,302.3354564755839,False
456,Os173_3090_S,Os173_3090,Mix,Kurta,0.3,457.0,1895.0,1895.0,1895.0,1895.0,1895.0,1895.0,1895.0,1895.0,1895.0,1895.0,1438.0,314.66083150984684,False
457,Os173_3090_M,Os173_3090,Mix,Kurta,0.3,457.0,1895.0,1895.0,1895.0,1895.0,1895.0,1895.0,1895.0,1895.0,1895.0,1895.0,1438.0,314.66083150984684,False
458,Os173_3090_L,Os173_3090,Mix,Kurta,0.3,457.0,1895.0,1895.0,1895.0,1895.0,1895.0,1895.0,1895.0,1895.0,1895.0,1895.0,1438.0,314.66083150984684,False
459,Os173_3090_XL,Os173_3090,Mix,Kurta,0.3,457.0,1895.0,1895.0,1895.0,1895.0,1895.0,1895.0,1895.0,1895.0,1895.0,1895.0,1438.0,314.66083150984684,False
460,Os173_3090_2XL,Os173_3090,Mix,Kurta,0.3,457.0,1895.0,1895.0,1895.0,1895.0,1895.0,1895.0,1895.0,1895.0,1895.0,1895.0,1438.0,314.66083150984684,False
461,Os173_3090_3XL,Os173_3090,Mix,Kurta,0.3,457.0,1895.0,1895.0,1895.0,1895.0,1895.0,1895.0,1895.0,1895.0,1895.0,1895.0,1438.0,314.66083150984684,False
462,Os187_5073_S,Os187_5073,Mix,Kurta,0.3,424.0,1695.0,1695.0,1695.0,1695.0,1695.0,1695.0,1795.0,1695.0,1695.0,1695.0,1271.0,299.76415094339626,False
463,Os187_5073_M,Os187_5073,Mix,Kurta,0.3,424.0,1695.0,1695.0,1695.0,1695.0,1695.0,1695.0,1795.0,1695.0,1695.0,1695.0,1271.0,299.76415094339626,False
464,Os187_5073_L,Os187_5073,Mix,Kurta,0.3,424.0,1695.0,1695.0,1695.0,1695.0,1695.0,1695.0,1795.0,1695.0,1695.0,1695.0,1271.0,299.76415094339626,False
465,Os187_5073_XL,Os187_5073,Mix,Kurta,0.3,424.0,1695.0,1695.0,1695.0,1695.0,1695.0,1695.0,1795.0,1695.0,1695.0,1695.0,1271.0,299.76415094339626,False
466,Os187_5073_2XL,Os187_5073,Mix,Kurta,0.3,424.0,1695.0,1695.0,1695.0,1695.0,1695.0,1695.0,1795.0,1695.0,1695.0,1695.0,1271.0,299.76415094339626,False
467,Os187_5073_3XL,Os187_5073,Mix,Kurta,0.3,424.0,1695.0,1695.0,1695.0,1695.0,1695.0,1695.0,1795.0,1695.0,1695.0,1695.0,1271.0,299.76415094339626,False
468,Os215_5072_S,Os215_5072,Mix,Kurta,0.3,424.0,1695.0,1695.0,1695.0,1695.0,1695.0,1695.0,1795.0,1695.0,1695.0,1795.0,1271.0,299.76415094339626,False
469,Os215_5072_M,Os215_5072,Mix,Kurta,0.3,424.0,1695.0,1695.0,1695.0,1695.0,1695.0,1695.0,1795.0,1695.0,1695.0,1795.0,1271.0,299.76415094339626,False
470,Os215_5072_L,Os215_5072,Mix,Kurta,0.3,424.0,1695.0,1695.0,1695.0,1695.0,1695.0,1695.0,1795.0,1695.0,1695.0,1795.0,1271.0,299.76415094339626,False
471,Os215_5072_XL,Os215_5072,Mix,Kurta,0.3,424.0,1695.0,1695.0,1695.0,1695.0,1695.0,1695.0,1795.0,1695.0,1695.0,1795.0,1271.0,299.76415094339626,False
472,Os215_5072_2XL,Os215_5072,Mix,Kurta,0.3,424.0,1695.0,1695.0,1695.0,1695.0,1695.0,1695.0,1795.0,1695.0,1695.0,1795.0,1271.0,299.76415094339626,False
473,Os215_5072_3XL,Os215_5072,Mix,Kurta,0.3,424.0,1695.0,1695.0,1695.0,1695.0,1695.0,1695.0,1795.0,1695.0,1695.0,1795.0,1271.0,299.76415094339626,False
474,Os103_4171_S,Os103_4171,Mix,Kurta,0.3,500.0,1995.0,1995.0,1995.0,1995.0,1995.0,1995.0,2095.0,1995.0,1995.0,2095.0,1495.0,299.0,False
475,Os103_4171_XS,Os103_4171,Mix,Kurta,0.3,500.0,1995.0,1995.0,1995.0,1995.0,1995.0,1995.0,2095.0,1995.0,1995.0,2095.0,1495.0,299.0,False
476,Os103_4171_M,Os103_4171,Mix,Kurta,0.3,500.0,1995.0,1995.0,1995.0,1995.0,1995.0,1995.0,2095.0,1995.0,1995.0,2095.0,1495.0,299.0,False
477,Os103_4171_L,Os103_4171,Mix,Kurta,0.3,500.0,1995.0,1995.0,1995.0,1995.0,1995.0,1995.0,2095.0,1995.0,1995.0,2095.0,1495.0,299.0,False
478,Os103_4171_XL,Os103_4171,Mix,Kurta,0.3,500.0,1995.0,1995.0,1995.0,1995.0,1995.0,1995.0,2095.0,1995.0,1995.0,2095.0,1495.0,299.0,False
479,Os103_4171_2XL,Os103_4171,Mix,Kurta,0.3,500.0,1995.0,1995.0,1995.0,1995.0,1995.0,1995.0,2095.0,1995.0,1995.0,2095.0,1495.0,299.0,False
480,Os103_4171_3XL,Os103_4171,Mix,Kurta,0.3,500.0,1995.0,1995.0,1995.0,1995.0,1995.0,1995.0,2095.0,1995.0,1995.0,2095.0,1495.0,299.0,False
481,Os216_3095_M,Os216_3095,Mix,Kurta,0.3,457.0,1895.0,1895.0,1895.0,1895.0,1895.0,1895.0,1995.0,1895.0,1895.0,1995.0,1438.0,314.66083150984684,False
482,Os216_3095_S,Os216_3095,Mix,Kurta,0.3,457.0,1895.0,1895.0,1895.0,1895.0,1895.0,1895.0,1995.0,1895.0,1895.0,1995.0,1438.0,314.66083150984684,False
483,Os216_3095_L,Os216_3095,Mix,Kurta,0.3,457.0,1895.0,1895.0,1895.0,1895.0,1895.0,1895.0,1995.0,1895.0,1895.0,1995.0,1438.0,314.66083150984684,False
484,Os216_3095_XL,Os216_3095,Mix,Kurta,0.3,457.0,1895.0,1895.0,1895.0,1895.0,1895.0,1895.0,1995.0,1895.0,1895.0,1995.0,1438.0,314.66083150984684,False
485,Os216_3095_2XL,Os216_3095,Mix,Kurta,0.3,457.0,1895.0,1895.0,1895.0,1895.0,1895.0,1895.0,1995.0,1895.0,1895.0,1995.0,1438.0,314.66083150984684,False
486,Os216_3095_3XL,Os216_3095,Mix,Kurta,0.3,457.0,1895.0,1895.0,1895.0,1895.0,1895.0,1895.0,1995.0,1895.0,1895.0,1995.0,1438.0,314.66083150984684,False
487,Os217_5071_S,Os217_5071,Mix,Kurta,0.3,424.0,1695.0,1695.0,1695.0,1695.0,1695.0,1695.0,1795.0,1695.0,1695.0,1695.0,1271.0,299.76415094339626,False
488,Os217_5071_M,Os217_5071,Mix,Kurta,0.3,424.0,1695.0,1695.0,1695.0,1695.0,1695.0,1695.0,1795.0,1695.0,1695.0,1695.0,1271.0,299.76415094339626,False
489,Os217_5071_L,Os217_5071,Mix,Kurta,0.3,424.0,1695.0,1695.0,1695.0,1695.0,1695.0,1695.0,1795.0,1695.0,1695.0,1695.0,1271.0,299.76415094339626,False
490,Os217_5071_XL,Os217_5071,Mix,Kurta,0.3,424.0,1695.0,1695.0,1695.0,1695.0,1695.0,1695.0,1795.0,1695.0,1695.0,1695.0,1271.0,299.76415094339626,False
491,Os217_5071_2XL,Os217_5071,Mix,Kurta,0.3,424.0,1695.0,1695.0,1695.0,1695.0,1695.0,1695.0,1795.0,1695.0,1695.0,1695.0,1271.0,299.76415094339626,False
492,Os217_5071_3XL,Os217_5071,Mix,Kurta,0.3,424.0,1695.0,1695.0,1695.0,1695.0,1695.0,1695.0,1795.0,1695.0,1695.0,1695.0,1271.0,299.76415094339626,False
493,Os152_S,Os152,Mix,Kurta,0.3,425.0,1795.0,1795.0,1795.0,1695.0,1695.0,1795.0,1795.0,1795.0,1795.0,1795.0,1370.0,322.3529411764706,False
494,Os152_M,Os152,Mix,Kurta,0.3,425.0,1795.0,1795.0,1795.0,1695.0,1695.0,1795.0,1795.0,1795.0,1795.0,1795.0,1370.0,322.3529411764706,False
495,Os152_L,Os152,Mix,Kurta,0.3,425.0,1795.0,1795.0,1795.0,1695.0,1695.0,1795.0,1795.0,1795.0,1795.0,1795.0,1370.0,322.3529411764706,False
496,Os152_XL,Os152,Mix,Kurta,0.3,425.0,1795.0,1795.0,1795.0,1695.0,1695.0,1795.0,1795.0,1795.0,1795.0,1795.0,1370.0,322.3529411764706,False
497,Os152_2XL,Os152,Mix,Kurta,0.3,425.0,1795.0,1795.0,1795.0,1695.0,1695.0,1795.0,1795.0,1795.0,1795.0,1795.0,1370.0,322.3529411764706,False
498,Os152_3XL,Os152,Mix,Kurta,0.3,425.0,1795.0,1795.0,1795.0,1695.0,1695.0,1795.0,1795.0,1795.0,1795.0,1795.0,1370.0,322.3529411764706,False
499,Os149_S,Os149,Mix,Kurta,0.3,425.0,1795.0,1795.0,1795.0,1695.0,1695.0,1795.0,1795.0,1795.0,1795.0,1795.0,1370.0,322.3529411764706,False
500,Os149_M,Os149,Mix,Kurta,0.3,425.0,1795.0,1795.0,1795.0,1695.0,1695.0,1795.0,1795.0,1795.0,1795.0,1795.0,1370.0,322.3529411764706,False
501,Os149_L,Os149,Mix,Kurta,0.3,425.0,1795.0,1795.0,1795.0,1695.0,1695.0,1795.0,1795.0,1795.0,1795.0,1795.0,1370.0,322.3529411764706,False
502,Os149_XL,Os149,Mix,Kurta,0.3,425.0,1795.0,1795.0,1795.0,1695.0,1695.0,1795.0,1795.0,1795.0,1795.0,1795.0,1370.0,322.3529411764706,False
503,Os149_2XL,Os149,Mix,Kurta,0.3,425.0,1795.0,1795.0,1795.0,1695.0,1695.0,1795.0,1795.0,1795.0,1795.0,1795.0,1370.0,322.3529411764706,False
504,Os149_3XL,Os149,Mix,Kurta,0.3,425.0,1795.0,1795.0,1795.0,1695.0,1695.0,1795.0,1795.0,1795.0,1795.0,1795.0,1370.0,322.3529411764706,False
505,Os221_S,Os221,Mix,Kurta,0.3,425.0,1795.0,1795.0,1795.0,1695.0,1695.0,1795.0,1795.0,1795.0,1795.0,1795.0,1370.0,322.3529411764706,False
506,Os221_M,Os221,Mix,Kurta,0.3,425.0,1795.0,1795.0,1795.0,1695.0,1695.0,1795.0,1795.0,1795.0,1795.0,1795.0,1370.0,322.3529411764706,False
507,Os221_L,Os221,Mix,Kurta,0.3,425.0,1795.0,1795.0,1795.0,1695.0,1695.0,1795.0,1795.0,1795.0,1795.0,1795.0,1370.0,322.3529411764706,False
508,Os221_XL,Os221,Mix,Kurta,0.3,425.0,1795.0,1795.0,1795.0,1695.0,1695.0,1795.0,1795.0,1795.0,1795.0,1795.0,1370.0,322.3529411764706,False
509,Os221_2XL,Os221,Mix,Kurta,0.3,425.0,1795.0,1795.0,1795.0,1695.0,1695.0,1795.0,1795.0,1795.0,1795.0,1795.0,1370.0,322.3529411764706,False
510,Os221_3XL,Os221,Mix,Kurta,0.3,425.0,1795.0,1795.0,1795.0,1695.0,1695.0,1795.0,1795.0,1795.0,1795.0,1795.0,1370.0,322.3529411764706,False
511,Os153_S,Os153,Mix,Kurta,0.3,395.0,1695.0,1695.0,1695.0,1895.0,1895.0,1695.0,1695.0,1695.0,1695.0,1695.0,1300.0,329.11392405063293,False
512,Os153_M,Os153,Mix,Kurta,0.3,395.0,1695.0,1695.0,1695.0,1895.0,1895.0,1695.0,1695.0,1695.0,1695.0,1695.0,1300.0,329.11392405063293,False
513,Os153_L,Os153,Mix,Kurta,0.3,395.0,1695.0,1695.0,1695.0,1895.0,1895.0,1695.0,1695.0,1695.0,1695.0,1695.0,1300.0,329.11392405063293,False
514,Os153_XL,Os153,Mix,Kurta,0.3,395.0,1695.0,1695.0,1695.0,1895.0,1895.0,1695.0,1695.0,1695.0,1695.0,1695.0,1300.0,329.11392405063293,False
515,Os153_2XL,Os153,Mix,Kurta,0.3,395.0,1695.0,1695.0,1695.0,1895.0,1895.0,1695.0,1695.0,1695.0,1695.0,1695.0,1300.0,329.11392405063293,False
516,Os153_3XL,Os153,Mix,Kurta,0.3,395.0,1695.0,1695.0,1695.0,1895.0,1895.0,1695.0,1695.0,1695.0,1695.0,1695.0,1300.0,329.11392405063293,False
517,Os158_S,Os158,Mix,Kurta,0.3,395.0,1695.0,1695.0,1695.0,1895.0,1895.0,1695.0,1695.0,1695.0,1695.0,1695.0,1300.0,329.11392405063293,False
518,Os158_M,Os158,Mix,Kurta,0.3,395.0,1695.0,1695.0,1695.0,1895.0,1895.0,1695.0,1695.0,1695.0,1695.0,1695.0,1300.0,329.11392405063293,False
519,Os158_L,Os158,Mix,Kurta,0.3,395.0,1695.0,1695.0,1695.0,1895.0,1895.0,1695.0,1695.0,1695.0,1695.0,1695.0,1300.0,329.11392405063293,False
520,Os158_XL,Os158,Mix,Kurta,0.3,395.0,1695.0,1695.0,1695.0,1895.0,1895.0,1695.0,1695.0,1695.0,1695.0,1695.0,1300.0,329.11392405063293,False
521,Os158_2XL,Os158,Mix,Kurta,0.3,395.0,1695.0,1695.0,1695.0,1895.0,1895.0,1695.0,1695.0,1695.0,1695.0,1695.0,1300.0,329.11392405063293,False
522,Os158_3XL,Os158,Mix,Kurta,0.3,395.0,1695.0,1695.0,1695.0,1895.0,1895.0,1695.0,1695.0,1695.0,1695.0,1695.0,1300.0,329.11392405063293,False
523,Os150_S,Os150,Mix,Kurta,0.3,395.0,1695.0,1695.0,1695.0,1895.0,1895.0,1695.0,1695.0,1695.0,1695.0,1695.0,1300.0,329.11392405063293,False
524,Os150_M,Os150,Mix,Kurta,0.3,395.0,1695.0,1695.0,1695.0,1895.0,1895.0,1695.0,1695.0,1695.0,1695.0,1695.0,1300.0,329.11392405063293,False
525,Os150_L,Os150,Mix,Kurta,0.3,395.0,1695.0,1695.0,1695.0,1895.0,1895.0,1695.0,1695.0,1695.0,1695.0,1695.0,1300.0,329.11392405063293,False
526,Os150_XL,Os150,Mix,Kurta,0.3,395.0,1695.0,1695.0,1695.0,1895.0,1895.0,1695.0,1695.0,1695.0,1695.0,1695.0,1300.0,329.11392405063293,False
527,Os150_2XL,Os150,Mix,Kurta,0.3,395.0,1695.0,1695.0,1695.0,1895.0,1895.0,1695.0,1695.0,1695.0,1695.0,1695.0,1300.0,329.11392405063293,False
528,Os150_3XL,Os150,Mix,Kurta,0.3,395.0,1695.0,1695.0,1695.0,1895.0,1895.0,1695.0,1695.0,1695.0,1695.0,1695.0,1300.0,329.11392405063293,False
529,Os148_S,Os148,Mix,Kurta,0.3,395.0,1695.0,1695.0,1695.0,1695.0,1695.0,1695.0,1695.0,1695.0,1695.0,1695.0,1300.0,329.11392405063293,False
530,Os148_M,Os148,Mix,Kurta,0.3,395.0,1695.0,1695.0,1695.0,1695.0,1695.0,1695.0,1695.0,1695.0,1695.0,1695.0,1300.0,329.11392405063293,False
531,Os148_L,Os148,Mix,Kurta,0.3,395.0,1695.0,1695.0,1695.0,1695.0,1695.0,1695.0,1695.0,1695.0,1695.0,1695.0,1300.0,329.11392405063293,False
532,Os148_XL,Os148,Mix,Kurta,0.3,395.0,1695.0,1695.0,1695.0,1695.0,1695.0,1695.0,1695.0,1695.0,1695.0,1695.0,1300.0,329.11392405063293,False
533,Os148_2XL,Os148,Mix,Kurta,0.3,395.0,1695.0,1695.0,1695.0,1695.0,1695.0,1695.0,1695.0,1695.0,1695.0,1695.0,1300.0,329.11392405063293,False
534,Os148_3XL,Os148,Mix,Kurta,0.3,395.0,1695.0,1695.0,1695.0,1695.0,1695.0,1695.0,1695.0,1695.0,1695.0,1695.0,1300.0,329.11392405063293,False
535,Os154_S,Os154,Mix,Kurta,0.3,395.0,1695.0,1695.0,1695.0,1895.0,1895.0,1695.0,1695.0,1695.0,1695.0,1695.0,1300.0,329.11392405063293,False
536,Os154_M,Os154,Mix,Kurta,0.3,395.0,1695.0,1695.0,1695.0,1895.0,1895.0,1695.0,1695.0,1695.0,1695.0,1695.0,1300.0,329.11392405063293,False
537,Os154_L,Os154,Mix,Kurta,0.3,395.0,1695.0,1695.0,1695.0,1895.0,1895.0,1695.0,1695.0,1695.0,1695.0,1695.0,1300.0,329.11392405063293,False
538,Os154_XL,Os154,Mix,Kurta,0.3,395.0,1695.0,1695.0,1695.0,1895.0,1895.0,1695.0,1695.0,1695.0,1695.0,1695.0,1300.0,329.11392405063293,False
539,Os154_2XL,Os154,Mix,Kurta,0.3,395.0,1695.0,1695.0,1695.0,1895.0,1895.0,1695.0,1695.0,1695.0,1695.0,1695.0,1300.0,329.11392405063293,False
540,Os154_3XL,Os154,Mix,Kurta,0.3,395.0,1695.0,1695.0,1695.0,1895.0,1895.0,1695.0,1695.0,1695.0,1695.0,1695.0,1300.0,329.11392405063293,False
541,Os164_S,Os164,Mix,Kurta,0.3,395.0,1695.0,1695.0,1695.0,1695.0,1695.0,1695.0,1695.0,1695.0,1695.0,1695.0,1300.0,329.11392405063293,False
542,Os164_M,Os164,Mix,Kurta,0.3,395.0,1695.0,1695.0,1695.0,1695.0,1695.0,1695.0,1695.0,1695.0,1695.0,1695.0,1300.0,329.11392405063293,False
543,Os164_L,Os164,Mix,Kurta,0.3,395.0,1695.0,1695.0,1695.0,1695.0,1695.0,1695.0,1695.0,1695.0,1695.0,1695.0,1300.0,329.11392405063293,False
544,Os164_XL,Os164,Mix,Kurta,0.3,395.0,1695.0,1695.0,1695.0,1695.0,1695.0,1695.0,1695.0,1695.0,1695.0,1695.0,1300.0,329.11392405063293,False
545,Os164_2XL,Os164,Mix,Kurta,0.3,395.0,1695.0,1695.0,1695.0,1695.0,1695.0,1695.0,1695.0,1695.0,1695.0,1695.0,1300.0,329.11392405063293,False
546,Os164_3XL,Os164,Mix,Kurta,0.3,395.0,1695.0,1695.0,1695.0,1695.0,1695.0,1695.0,1695.0,1695.0,1695.0,1695.0,1300.0,329.11392405063293,False
547,Os168_S,Os168,Mix,Kurta,0.3,395.0,1695.0,1695.0,1695.0,2495.0,2495.0,1695.0,1695.0,1695.0,1695.0,1695.0,1300.0,329.11392405063293,False
548,Os168_M,Os168,Mix,Kurta,0.3,395.0,1695.0,1695.0,1695.0,2495.0,2495.0,1695.0,1695.0,1695.0,1695.0,1695.0,1300.0,329.11392405063293,False
549,Os168_L,Os168,Mix,Kurta,0.3,395.0,1695.0,1695.0,1695.0,2495.0,2495.0,1695.0,1695.0,1695.0,1695.0,1695.0,1300.0,329.11392405063293,False
550,Os168_XL,Os168,Mix,Kurta,0.3,395.0,1695.0,1695.0,1695.0,2495.0,2495.0,1695.0,1695.0,1695.0,1695.0,1695.0,1300.0,329.11392405063293,False
551,Os168_2XL,Os168,Mix,Kurta,0.3,395.0,1695.0,1695.0,1695.0,2495.0,2495.0,1695.0,1695.0,1695.0,1695.0,1695.0,1300.0,329.11392405063293,False
552,Os168_3XL,Os168,Mix,Kurta,0.3,395.0,1695.0,1695.0,1695.0,2495.0,2495.0,1695.0,1695.0,1695.0,1695.0,1695.0,1300.0,329.11392405063293,False
553,Os157_S,Os157,Mix,Kurta,0.3,425.0,1795.0,1795.0,1795.0,1795.0,1795.0,1795.0,1795.0,1795.0,1795.0,1795.0,1370.0,322.3529411764706,False
554,Os157_M,Os157,Mix,Kurta,0.3,425.0,1795.0,1795.0,1795.0,1795.0,1795.0,1795.0,1795.0,1795.0,1795.0,1795.0,1370.0,322.3529411764706,False
555,Os157_L,Os157,Mix,Kurta,0.3,425.0,1795.0,1795.0,1795.0,1795.0,1795.0,1795.0,1795.0,1795.0,1795.0,1795.0,1370.0,322.3529411764706,False
556,Os157_XL,Os157,Mix,Kurta,0.3,425.0,1795.0,1795.0,1795.0,1795.0,1795.0,1795.0,1795.0,1795.0,1795.0,1795.0,1370.0,322.3529411764706,False
557,Os157_2XL,Os157,Mix,Kurta,0.3,425.0,1795.0,1795.0,1795.0,1795.0,1795.0,1795.0,1795.0,1795.0,1795.0,1795.0,1370.0,322.3529411764706,False
558,Os157_3XL,Os157,Mix,Kurta,0.3,425.0,1795.0,1795.0,1795.0,1795.0,1795.0,1795.0,1795.0,1795.0,1795.0,1795.0,1370.0,322.3529411764706,False
559,Os167_XS,Os167,Mix,Kurta,0.3,395.0,1695.0,1695.0,1695.0,1695.0,1695.0,1695.0,1695.0,1695.0,1695.0,1695.0,1300.0,329.11392405063293,False
560,Os167_S,Os167,Mix,Kurta,0.3,395.0,1695.0,1695.0,1695.0,1695.0,1695.0,1695.0,1695.0,1695.0,1695.0,1695.0,1300.0,329.11392405063293,False
561,Os167_M,Os167,Mix,Kurta,0.3,395.0,1695.0,1695.0,1695.0,1695.0,1695.0,1695.0,1695.0,1695.0,1695.0,1695.0,1300.0,329.11392405063293,False
562,Os167_L,Os167,Mix,Kurta,0.3,395.0,1695.0,1695.0,1695.0,1695.0,1695.0,1695.0,1695.0,1695.0,1695.0,1695.0,1300.0,329.11392405063293,False
563,Os167_XL,Os167,Mix,Kurta,0.3,395.0,1695.0,1695.0,1695.0,1695.0,1695.0,1695.0,1695.0,1695.0,1695.0,1695.0,1300.0,329.11392405063293,False
564,Os167_2XL,Os167,Mix,Kurta,0.3,395.0,1695.0,1695.0,1695.0,1695.0,1695.0,1695.0,1695.0,1695.0,1695.0,1695.0,1300.0,329.11392405063293,False
565,Os167_3XL,Os167,Mix,Kurta,0.3,395.0,1695.0,1695.0,1695.0,1695.0,1695.0,1695.0,1695.0,1695.0,1695.0,1695.0,1300.0,329.11392405063293,False
566,Os161_S,Os161,Mix,Kurta,0.3,395.0,1695.0,1695.0,1695.0,1695.0,1695.0,1695.0,1695.0,1695.0,1695.0,1695.0,1300.0,329.11392405063293,False
567,Os161_M,Os161,Mix,Kurta,0.3,395.0,1695.0,1695.0,1695.0,1695.0,1695.0,1695.0,1695.0,1695.0,1695.0,1695.0,1300.0,329.11392405063293,False
568,Os161_L,Os161,Mix,Kurta,0.3,395.0,1695.0,1695.0,1695.0,1695.0,1695.0,1695.0,1695.0,1695.0,1695.0,1695.0,1300.0,329.11392405063293,False
569,Os161_XL,Os161,Mix,Kurta,0.3,395.0,1695.0,1695.0,1695.0,1695.0,1695.0,1695.0,1695.0,1695.0,1695.0,1695.0,1300.0,329.11392405063293,False
570,Os161_2XL,Os161,Mix,Kurta,0.3,395.0,1695.0,1695.0,1695.0,1695.0,1695.0,1695.0,1695.0,1695.0,1695.0,1695.0,1300.0,329.11392405063293,False
571,Os161_3XL,Os161,Mix,Kurta,0.3,395.0,1695.0,1695.0,1695.0,1695.0,1695.0,1695.0,1695.0,1695.0,1695.0,1695.0,1300.0,329.11392405063293,False
572,Os135_14274_S,Os135_14274,Mix,Gown,0.4,695.0,2795.0,2795.0,2795.0,2795.0,2795.0,2795.0,2795.0,2795.0,2795.0,2795.0,2100.0,302.158273381295,False
573,Os135_14274_M,Os135_14274,Mix,Gown,0.4,695.0,2795.0,2795.0,2795.0,2795.0,2795.0,2795.0,2795.0,2795.0,2795.0,2795.0,2100.0,302.158273381295,False
574,Os135_14274_L,Os135_14274,Mix,Gown,0.4,695.0,2795.0,2795.0,2795.0,2795.0,2795.0,2795.0,2795.0,2795.0,2795.0,2795.0,2100.0,302.158273381295,False
575,Os135_14274_XL,Os135_14274,Mix,Gown,0.4,695.0,2795.0,2795.0,2795.0,2795.0,2795.0,2795.0,2795.0,2795.0,2795.0,2795.0,2100.0,302.158273381295,False
576,Os135_14274_2XL,Os135_14274,Mix,Gown,0.4,695.0,2795.0,2795.0,2795.0,2795.0,2795.0,2795.0,2795.0,2795.0,2795.0,2795.0,2100.0,302.158273381295,False
577,Os137_14380_S,Os137_14380,Mix,Gown,0.4,695.0,2795.0,2795.0,2795.0,2795.0,2795.0,2795.0,2795.0,2795.0,2795.0,2795.0,2100.0,302.158273381295,False
578,Os137_14380_M,Os137_14380,Mix,Gown,0.4,695.0,2795.0,2795.0,2795.0,2795.0,2795.0,2795.0,2795.0,2795.0,2795.0,2795.0,2100.0,302.158273381295,False
579,Os137_14380_L,Os137_14380,Mix,Gown,0.4,695.0,2795.0,2795.0,2795.0,2795.0,2795.0,2795.0,2795.0,2795.0,2795.0,2795.0,2100.0,302.158273381295,False
580,Os137_14380_XL,Os137_14380,Mix,Gown,0.4,695.0,2795.0,2795.0,2795.0,2795.0,2795.0,2795.0,2795.0,2795.0,2795.0,2795.0,2100.0,302.158273381295,False
581,Os137_14380_2XL,Os137_14380,Mix,Gown,0.4,695.0,2795.0,2795.0,2795.0,2795.0,2795.0,2795.0,2795.0,2795.0,2795.0,2795.0,2100.0,302.158273381295,False
582,Os138_14206_S,Os138_14206,Mix,Gown,0.4,695.0,2795.0,2795.0,2795.0,2795.0,2795.0,2795.0,2795.0,2795.0,2795.0,2795.0,2100.0,302.158273381295,False
583,Os138_14206_M,Os138_14206,Mix,Gown,0.4,695.0,2795.0,2795.0,2795.0,2795.0,2795.0,2795.0,2795.0,2795.0,2795.0,2795.0,2100.0,302.158273381295,False
584,Os138_14206_L,Os138_14206,Mix,Gown,0.4,695.0,2795.0,2795.0,2795.0,2795.0,2795.0,2795.0,2795.0,2795.0,2795.0,2795.0,2100.0,302.158273381295,False
585,Os138_14206_XL,Os138_14206,Mix,Gown,0.4,695.0,2795.0,2795.0,2795.0,2795.0,2795.0,2795.0,2795.0,2795.0,2795.0,2795.0,2100.0,302.158273381295,False
586,Os138_14206_2XL,Os138_14206,Mix,Gown,0.4,695.0,2795.0,2795.0,2795.0,2795.0,2795.0,2795.0,2795.0,2795.0,2795.0,2795.0,2100.0,302.158273381295,False
587,Os139_14275_S,Os139_14275,Mix,Gown,0.4,695.0,2795.0,2795.0,2795.0,2795.0,2795.0,2795.0,2795.0,2795.0,2795.0,2795.0,2100.0,302.158273381295,False
588,Os139_14275_M,Os139_14275,Mix,Gown,0.4,695.0,2795.0,2795.0,2795.0,2795.0,2795.0,2795.0,2795.0,2795.0,2795.0,2795.0,2100.0,302.158273381295,False
589,Os139_14275_L,Os139_14275,Mix,Gown,0.4,695.0,2795.0,2795.0,2795.0,2795.0,2795.0,2795.0,2795.0,2795.0,2795.0,2795.0,2100.0,302.158273381295,False
590,Os139_14275_XL,Os139_14275,Mix,Gown,0.4,695.0,2795.0,2795.0,2795.0,2795.0,2795.0,2795.0,2795.0,2795.0,2795.0,2795.0,2100.0,302.158273381295,False
591,Os139_14275_2XL,Os139_14275,Mix,Gown,0.4,695.0,2795.0,2795.0,2795.0,2795.0,2795.0,2795.0,2795.0,2795.0,2795.0,2795.0,2100.0,302.158273381295,False
592,Os254_15374_S,Os254_15374,Mix,Kurta,0.3,395.0,1695.0,1695.0,1695.0,1695.0,1695.0,1695.0,1695.0,1695.0,1695.0,1695.0,1300.0,329.11392405063293,False
593,Os254_15374_M,Os254_15374,Mix,Kurta,0.3,395.0,1695.0,1695.0,1695.0,1695.0,1695.0,1695.0,1695.0,1695.0,1695.0,1695.0,1300.0,329.11392405063293,False
594,Os254_15374_L,Os254_15374,Mix,Kurta,0.3,395.0,1695.0,1695.0,1695.0,1695.0,1695.0,1695.0,1695.0,1695.0,1695.0,1695.0,1300.0,329.11392405063293,False
595,Os254_15374_XL,Os254_15374,Mix,Kurta,0.3,395.0,1695.0,1695.0,1695.0,1695.0,1695.0,1695.0,1695.0,1695.0,1695.0,1695.0,1300.0,329.11392405063293,False
596,Os254_15374_2XL,Os254_15374,Mix,Kurta,0.3,395.0,1695.0,1695.0,1695.0,1695.0,1695.0,1695.0,1695.0,1695.0,1695.0,1695.0,1300.0,329.11392405063293,False
597,Os254_15374_3XL,Os254_15374,Mix,Kurta,0.3,395.0,1695.0,1695.0,1695.0,1695.0,1695.0,1695.0,1695.0,1695.0,1695.0,1695.0,1300.0,329.11392405063293,False
598,Os255_15375_S,Os255_15375,Mix,Kurta,0.3,395.0,1695.0,1695.0,1695.0,1695.0,1695.0,1695.0,1695.0,1695.0,1695.0,1695.0,1300.0,329.11392405063293,False
599,Os255_15375_M,Os255_15375,Mix,Kurta,0.3,395.0,1695.0,1695.0,1695.0,1695.0,1695.0,1695.0,1695.0,1695.0,1695.0,1695.0,1300.0,329.11392405063293,False
600,Os255_15375_L,Os255_15375,Mix,Kurta,0.3,395.0,1695.0,1695.0,1695.0,1695.0,1695.0,1695.0,1695.0,1695.0,1695.0,1695.0,1300.0,329.11392405063293,False
601,Os255_15375_XL,Os255_15375,Mix,Kurta,0.3,395.0,1695.0,1695.0,1695.0,1695.0,1695.0,1695.0,1695.0,1695.0,1695.0,1695.0,1300.0,329.11392405063293,False
602,Os255_15375_2XL,Os255_15375,Mix,Kurta,0.3,395.0,1695.0,1695.0,1695.0,1695.0,1695.0,1695.0,1695.0,1695.0,1695.0,1695.0,1300.0,329.11392405063293,False
603,Os255_15375_3XL,Os255_15375,Mix,Kurta,0.3,395.0,1695.0,1695.0,1695.0,1695.0,1695.0,1695.0,1695.0,1695.0,1695.0,1695.0,1300.0,329.11392405063293,False
604,Os256_15376_S,Os256_15376,Mix,Kurta,0.3,395.0,1695.0,1695.0,1695.0,1695.0,1695.0,1695.0,1695.0,1695.0,1695.0,1695.0,1300.0,329.11392405063293,False
605,Os256_15376_M,Os256_15376,Mix,Kurta,0.3,395.0,1695.0,1695.0,1695.0,1695.0,1695.0,1695.0,1695.0,1695.0,1695.0,1695.0,1300.0,329.11392405063293,False
606,Os256_15376_L,Os256_15376,Mix,Kurta,0.3,395.0,1695.0,1695.0,1695.0,1695.0,1695.0,1695.0,1695.0,1695.0,1695.0,1695.0,1300.0,329.11392405063293,False
607,Os256_15376_XL,Os256_15376,Mix,Kurta,0.3,395.0,1695.0,1695.0,1695.0,1695.0,1695.0,1695.0,1695.0,1695.0,1695.0,1695.0,1300.0,329.11392405063293,False
608,Os256_15376_2XL,Os256_15376,Mix,Kurta,0.3,395.0,1695.0,1695.0,1695.0,1695.0,1695.0,1695.0,1695.0,1695.0,1695.0,1695.0,1300.0,329.11392405063293,False
609,Os256_15376_3XL,Os256_15376,Mix,Kurta,0.3,395.0,1695.0,1695.0,1695.0,1695.0,1695.0,1695.0,1695.0,1695.0,1695.0,1695.0,1300.0,329.11392405063293,False
610,Os257_15377_S,Os257_15377,Mix,Kurta,0.3,395.0,1695.0,1695.0,1695.0,1695.0,1695.0,1695.0,1695.0,1695.0,1695.0,1695.0,1300.0,329.11392405063293,False
611,Os257_15377_M,Os257_15377,Mix,Kurta,0.3,395.0,1695.0,1695.0,1695.0,1695.0,1695.0,1695.0,1695.0,1695.0,1695.0,1695.0,1300.0,329.11392405063293,False
612,Os257_15377_L,Os257_15377,Mix,Kurta,0.3,395.0,1695.0,1695.0,1695.0,1695.0,1695.0,1695.0,1695.0,1695.0,1695.0,1695.0,1300.0,329.11392405063293,False
613,Os257_15377_XL,Os257_15377,Mix,Kurta,0.3,395.0,1695.0,1695.0,1695.0,1695.0,1695.0,1695.0,1695.0,1695.0,1695.0,1695.0,1300.0,329.11392405063293,False
614,Os257_15377_2XL,Os257_15377,Mix,Kurta,0.3,395.0,1695.0,1695.0,1695.0,1695.0,1695.0,1695.0,1695.0,1695.0,1695.0,1695.0,1300.0,329.11392405063293,False
615,Os257_15377_3XL,Os257_15377,Mix,Kurta,0.3,395.0,1695.0,1695.0,1695.0,1695.0,1695.0,1695.0,1695.0,1695.0,1695.0,1695.0,1300.0,329.11392405063293,False
616,Os258_15378_S,Os258_15378,Mix,Kurta,0.3,395.0,1695.0,1695.0,1695.0,1695.0,1695.0,1695.0,1695.0,1695.0,1695.0,1695.0,1300.0,329.11392405063293,False
617,Os258_15378_M,Os258_15378,Mix,Kurta,0.3,395.0,1695.0,1695.0,1695.0,1695.0,1695.0,1695.0,1695.0,1695.0,1695.0,1695.0,1300.0,329.11392405063293,False
618,Os258_15378_L,Os258_15378,Mix,Kurta,0.3,395.0,1695.0,1695.0,1695.0,1695.0,1695.0,1695.0,1695.0,1695.0,1695.0,1695.0,1300.0,329.11392405063293,False
619,Os258_15378_XL,Os258_15378,Mix,Kurta,0.3,395.0,1695.0,1695.0,1695.0,1695.0,1695.0,1695.0,1695.0,1695.0,1695.0,1695.0,1300.0,329.11392405063293,False
620,Os258_15378_2XL,Os258_15378,Mix,Kurta,0.3,395.0,1695.0,1695.0,1695.0,1695.0,1695.0,1695.0,1695.0,1695.0,1695.0,1695.0,1300.0,329.11392405063293,False
621,Os258_15378_3XL,Os258_15378,Mix,Kurta,0.3,395.0,1695.0,1695.0,1695.0,1695.0,1695.0,1695.0,1695.0,1695.0,1695.0,1695.0,1300.0,329.11392405063293,False
622,Os259_15379_S,Os259_15379,Mix,Kurta,0.3,395.0,1695.0,1695.0,1695.0,1695.0,1695.0,1695.0,1695.0,1695.0,1695.0,1695.0,1300.0,329.11392405063293,False
623,Os259_15379_M,Os259_15379,Mix,Kurta,0.3,395.0,1695.0,1695.0,1695.0,1695.0,1695.0,1695.0,1695.0,1695.0,1695.0,1695.0,1300.0,329.11392405063293,False
624,Os259_15379_L,Os259_15379,Mix,Kurta,0.3,395.0,1695.0,1695.0,1695.0,1695.0,1695.0,1695.0,1695.0,1695.0,1695.0,1695.0,1300.0,329.11392405063293,False
625,Os259_15379_XL,Os259_15379,Mix,Kurta,0.3,395.0,1695.0,1695.0,1695.0,1695.0,1695.0,1695.0,1695.0,1695.0,1695.0,1695.0,1300.0,329.11392405063293,False
626,Os259_15379_2XL,Os259_15379,Mix,Kurta,0.3,395.0,1695.0,1695.0,1695.0,1695.0,1695.0,1695.0,1695.0,1695.0,1695.0,1695.0,1300.0,329.11392405063293,False
627,Os259_15379_3XL,Os259_15379,Mix,Kurta,0.3,395.0,1695.0,1695.0,1695.0,1695.0,1695.0,1695.0,1695.0,1695.0,1695.0,1695.0,1300.0,329.11392405063293,False
628,Os260_15380_S,Os260_15380,Mix,Kurta,0.3,395.0,1695.0,1695.0,1695.0,1695.0,1695.0,1695.0,1695.0,1695.0,1695.0,1695.0,1300.0,329.11392405063293,False
629,Os260_15380_M,Os260_15380,Mix,Kurta,0.3,395.0,1695.0,1695.0,1695.0,1695.0,1695.0,1695.0,1695.0,1695.0,1695.0,1695.0,1300.0,329.11392405063293,False
630,Os260_15380_L,Os260_15380,Mix,Kurta,0.3,395.0,1695.0,1695.0,1695.0,1695.0,1695.0,1695.0,1695.0,1695.0,1695.0,1695.0,1300.0,329.11392405063293,False
631,Os260_15380_XL,Os260_15380,Mix,Kurta,0.3,395.0,1695.0,1695.0,1695.0,1695.0,1695.0,1695.0,1695.0,1695.0,1695.0,1695.0,1300.0,329.11392405063293,False
632,Os260_15380_2XL,Os260_15380,Mix,Kurta,0.3,395.0,1695.0,1695.0,1695.0,1695.0,1695.0,1695.0,1695.0,1695.0,1695.0,1695.0,1300.0,329.11392405063293,False
633,Os260_15380_3XL,Os260_15380,Mix,Kurta,0.3,395.0,1695.0,1695.0,1695.0,1695.0,1695.0,1695.0,1695.0,1695.0,1695.0,1695.0,1300.0,329.11392405063293,False
634,Os261_15381_S,Os261_15381,Mix,Kurta,0.3,395.0,1695.0,1695.0,1695.0,1695.0,1695.0,1695.0,1695.0,1695.0,1695.0,1695.0,1300.0,329.11392405063293,False
635,Os261_15381_M,Os261_15381,Mix,Kurta,0.3,395.0,1695.0,1695.0,1695.0,1695.0,1695.0,1695.0,1695.0,1695.0,1695.0,1695.0,1300.0,329.11392405063293,False
636,Os261_15381_L,Os261_15381,Mix,Kurta,0.3,395.0,1695.0,1695.0,1695.0,1695.0,1695.0,1695.0,1695.0,1695.0,1695.0,1695.0,1300.0,329.11392405063293,False
637,Os261_15381_XL,Os261_15381,Mix,Kurta,0.3,395.0,1695.0,1695.0,1695.0,1695.0,1695.0,1695.0,1695.0,1695.0,1695.0,1695.0,1300.0,329.11392405063293,False
638,Os261_15381_2XL,Os261_15381,Mix,Kurta,0.3,395.0,1695.0,1695.0,1695.0,1695.0,1695.0,1695.0,1695.0,1695.0,1695.0,1695.0,1300.0,329.11392405063293,False
639,Os261_15381_3XL,Os261_15381,Mix,Kurta,0.3,395.0,1695.0,1695.0,1695.0,1695.0,1695.0,1695.0,1695.0,1695.0,1695.0,1695.0,1300.0,329.11392405063293,False
640,Os263_15383_S,Os263_15383,Mix,Kurta,0.3,425.0,1795.0,1795.0,1795.0,1795.0,1795.0,1795.0,1795.0,1795.0,1795.0,1695.0,1370.0,322.3529411764706,False
641,Os263_15383_M,Os263_15383,Mix,Kurta,0.3,425.0,1795.0,1795.0,1795.0,1795.0,1795.0,1795.0,1795.0,1795.0,1795.0,1695.0,1370.0,322.3529411764706,False
642,Os263_15383_L,Os263_15383,Mix,Kurta,0.3,425.0,1795.0,1795.0,1795.0,1795.0,1795.0,1795.0,1795.0,1795.0,1795.0,1695.0,1370.0,322.3529411764706,False
643,Os263_15383_XL,Os263_15383,Mix,Kurta,0.3,425.0,1795.0,1795.0,1795.0,1795.0,1795.0,1795.0,1795.0,1795.0,1795.0,1695.0,1370.0,322.3529411764706,False
644,Os263_15383_2XL,Os263_15383,Mix,Kurta,0.3,425.0,1795.0,1795.0,1795.0,1795.0,1795.0,1795.0,1795.0,1795.0,1795.0,1695.0,1370.0,322.3529411764706,False
645,Os263_15383_3XL,Os263_15383,Mix,Kurta,0.3,425.0,1795.0,1795.0,1795.0,1795.0,1795.0,1795.0,1795.0,1795.0,1795.0,1695.0,1370.0,322.3529411764706,False
646,Os1076_S,Os1076,Surmaya,Kurta Set,0.4,1040.0,2495.0,2495.0,2495.0,2495.0,2495.0,2495.0,2495.0,2495.0,2495.0,2495.0,1455.0,139.90384615384613,False
647,Os1076_M,Os1076,Surmaya,Kurta Set,0.4,1040.0,2495.0,2495.0,2495.0,2495.0,2495.0,2495.0,2495.0,2495.0,2495.0,2495.0,1455.0,139.90384615384613,False
648,Os1076_L,Os1076,Surmaya,Kurta Set,0.4,1040.0,2495.0,2495.0,2495.0,2495.0,2495.0,2495.0,2495.0,2495.0,2495.0,2495.0,1455.0,139.90384615384613,False
649,Os1076_XL,Os1076,Surmaya,Kurta Set,0.4,1040.0,2495.0,2495.0,2495.0,2495.0,2495.0,2495.0,2495.0,2495.0,2495.0,2495.0,1455.0,139.90384615384613,False
650,Os1076_2XL,Os1076,Surmaya,Kurta Set,0.4,1040.0,2495.0,2495.0,2495.0,2495.0,2495.0,2495.0,2495.0,2495.0,2495.0,2495.0,1455.0,139.90384615384613,False
651,Os1076_3XL,Os1076,Surmaya,Kurta Set,0.4,1040.0,2495.0,2495.0,2495.0,2495.0,2495.0,2495.0,2495.0,2495.0,2495.0,2495.0,1455.0,139.90384615384613,False
652,Os1074_S,Os1074,Surmaya,Kurta Set,0.4,1040.0,2495.0,2495.0,2495.0,2495.0,2495.0,2495.0,2495.0,2495.0,2495.0,2495.0,1455.0,139.90384615384613,False
653,Os1074_M,Os1074,Surmaya,Kurta Set,0.4,1040.0,2495.0,2495.0,2495.0,2495.0,2495.0,2495.0,2495.0,2495.0,2495.0,2495.0,1455.0,139.90384615384613,False
654,Os1074_L,Os1074,Surmaya,Kurta Set,0.4,1040.0,2495.0,2495.0,2495.0,2495.0,2495.0,2495.0,2495.0,2495.0,2495.0,2495.0,1455.0,139.90384615384613,False
655,Os1074_XL,Os1074,Surmaya,Kurta Set,0.4,1040.0,2495.0,2495.0,2495.0,2495.0,2495.0,2495.0,2495.0,2495.0,2495.0,2495.0,1455.0,139.90384615384613,False
656,Os1074_2XL,Os1074,Surmaya,Kurta Set,0.4,1040.0,2495.0,2495.0,2495.0,2495.0,2495.0,2495.0,2495.0,2495.0,2495.0,2495.0,1455.0,139.90384615384613,False
657,Os1074_3XL,Os1074,Surmaya,Kurta Set,0.4,1040.0,2495.0,2495.0,2495.0,2495.0,2495.0,2495.0,2495.0,2495.0,2495.0,2495.0,1455.0,139.90384615384613,False
658,Os1060_S,Os1060,Surmaya,Kurta Set,0.4,950.0,2495.0,2495.0,2495.0,2495.0,2495.0,2495.0,2495.0,2495.0,2495.0,2495.0,1545.0,162.6315789473684,False
659,Os1060_M,Os1060,Surmaya,Kurta Set,0.4,950.0,2495.0,2495.0,2495.0,2495.0,2495.0,2495.0,2495.0,2495.0,2495.0,2495.0,1545.0,162.6315789473684,False
660,Os1060_L,Os1060,Surmaya,Kurta Set,0.4,950.0,2495.0,2495.0,2495.0,2495.0,2495.0,2495.0,2495.0,2495.0,2495.0,2495.0,1545.0,162.6315789473684,False
661,Os1060_XL,Os1060,Surmaya,Kurta Set,0.4,950.0,2495.0,2495.0,2495.0,2495.0,2495.0,2495.0,2495.0,2495.0,2495.0,2495.0,1545.0,162.6315789473684,False
662,Os1060_2XL,Os1060,Surmaya,Kurta Set,0.4,950.0,2495.0,2495.0,2495.0,2495.0,2495.0,2495.0,2495.0,2495.0,2495.0,2495.0,1545.0,162.6315789473684,False
663,Os1060_3XL,Os1060,Surmaya,Kurta Set,0.4,950.0,2495.0,2495.0,2495.0,2495.0,2495.0,2495.0,2495.0,2495.0,2495.0,2495.0,1545.0,162.6315789473684,False
664,Os1086_S,Os1086,Surmaya,Kurta Set,0.4,940.0,2150.0,2150.0,2150.0,2150.0,2150.0,2150.0,2150.0,2150.0,2150.0,2150.0,1210.0,128.72340425531914,False
665,Os1086_M,Os1086,Surmaya,Kurta Set,0.4,940.0,2150.0,2150.0,2150.0,2150.0,2150.0,2150.0,2150.0,2150.0,2150.0,2150.0,1210.0,128.72340425531914,False
666,Os1086_L,Os1086,Surmaya,Kurta Set,0.4,940.0,2150.0,2150.0,2150.0,2150.0,2150.0,2150.0,2150.0,2150.0,2150.0,2150.0,1210.0,128.72340425531914,False
667,Os1086_XL,Os1086,Surmaya,Kurta Set,0.4,940.0,2150.0,2150.0,2150.0,2150.0,2150.0,2150.0,2150.0,2150.0,2150.0,2150.0,1210.0,128.72340425531914,False
668,Os1086_2XL,Os1086,Surmaya,Kurta Set,0.4,940.0,2150.0,2150.0,2150.0,2150.0,2150.0,2150.0,2150.0,2150.0,2150.0,2150.0,1210.0,128.72340425531914,False
669,Os1086_3XL,Os1086,Surmaya,Kurta Set,0.4,940.0,2150.0,2150.0,2150.0,2150.0,2150.0,2150.0,2150.0,2150.0,2150.0,2150.0,1210.0,128.72340425531914,False
670,Os1087_S,Os1087,Surmaya,Kurta Set,0.4,925.0,2250.0,2250.0,2250.0,2250.0,2250.0,2250.0,2250.0,2250.0,2250.0,2250.0,1325.0,143.24324324324326,False
671,Os1087_M,Os1087,Surmaya,Kurta Set,0.4,925.0,2250.0,2250.0,2250.0,2250.0,2250.0,2250.0,2250.0,2250.0,2250.0,2250.0,1325.0,143.24324324324326,False
672,Os1087_L,Os1087,Surmaya,Kurta Set,0.4,925.0,2250.0,2250.0,2250.0,2250.0,2250.0,2250.0,2250.0,2250.0,2250.0,2250.0,1325.0,143.24324324324326,False
673,Os1087_XL,Os1087,Surmaya,Kurta Set,0.4,925.0,2250.0,2250.0,2250.0,2250.0,2250.0,2250.0,2250.0,2250.0,2250.0,2250.0,1325.0,143.24324324324326,False
674,Os1087_2XL,Os1087,Surmaya,Kurta Set,0.4,925.0,2250.0,2250.0,2250.0,2250.0,2250.0,2250.0,2250.0,2250.0,2250.0,2250.0,1325.0,143.24324324324326,False
675,Os1087_3XL,Os1087,Surmaya,Kurta Set,0.4,925.0,2250.0,2250.0,2250.0,2250.0,2250.0,2250.0,2250.0,2250.0,2250.0,2250.0,1325.0,143.24324324324326,False
676,Os1051_S,Os1051,Surmaya,Kurta Set,0.4,900.0,1995.0,1995.0,1995.0,1995.0,1995.0,1995.0,1995.0,1995.0,1995.0,1995.0,1095.0,121.66666666666666,False
677,Os1051_M,Os1051,Surmaya,Kurta Set,0.4,900.0,1995.0,1995.0,1995.0,1995.0,1995.0,1995.0,1995.0,1995.0,1995.0,1995.0,1095.0,121.66666666666666,False
678,Os1051_L,Os1051,Surmaya,Kurta Set,0.4,900.0,1995.0,1995.0,1995.0,1995.0,1995.0,1995.0,1995.0,1995.0,1995.0,1995.0,1095.0,121.66666666666666,False
679,Os1051_XL,Os1051,Surmaya,Kurta Set,0.4,900.0,1995.0,1995.0,1995.0,1995.0,1995.0,1995.0,1995.0,1995.0,1995.0,1995.0,1095.0,121.66666666666666,False
680,Os1051_2XL,Os1051,Surmaya,Kurta Set,0.4,900.0,1995.0,1995.0,1995.0,1995.0,1995.0,1995.0,1995.0,1995.0,1995.0,1995.0,1095.0,121.66666666666666,False
681,Os1051_3XL,Os1051,Surmaya,Kurta Set,0.4,900.0,1995.0,1995.0,1995.0,1995.0,1995.0,1995.0,1995.0,1995.0,1995.0,1995.0,1095.0,121.66666666666666,False
682,Os1137_S,Os1137,Surmaya,Kurta Set,0.4,1150.0,2695.0,2695.0,2695.0,2695.0,2695.0,2695.0,2695.0,2695.0,2695.0,2695.0,1545.0,134.34782608695653,False
683,Os1137_M,Os1137,Surmaya,Kurta Set,0.4,1150.0,2695.0,2695.0,2695.0,2695.0,2695.0,2695.0,2695.0,2695.0,2695.0,2695.0,1545.0,134.34782608695653,False
684,Os1137_L,Os1137,Surmaya,Kurta Set,0.4,1150.0,2695.0,2695.0,2695.0,2695.0,2695.0,2695.0,2695.0,2695.0,2695.0,2695.0,1545.0,134.34782608695653,False
685,Os1137_XL,Os1137,Surmaya,Kurta Set,0.4,1150.0,2695.0,2695.0,2695.0,2695.0,2695.0,2695.0,2695.0,2695.0,2695.0,2695.0,1545.0,134.34782608695653,False
686,Os1137_2XL,Os1137,Surmaya,Kurta Set,0.4,1150.0,2695.0,2695.0,2695.0,2695.0,2695.0,2695.0,2695.0,2695.0,2695.0,2695.0,1545.0,134.34782608695653,False
687,Os1137_3XL,Os1137,Surmaya,Kurta Set,0.4,1150.0,2695.0,2695.0,2695.0,2695.0,2695.0,2695.0,2695.0,2695.0,2695.0,2695.0,1545.0,134.34782608695653,False
688,Os1144_S,Os1144,Surmaya,Kurta Set,0.4,1150.0,2695.0,2695.0,2695.0,2695.0,2695.0,2695.0,2695.0,2695.0,2695.0,2695.0,1545.0,134.34782608695653,False
689,Os1144_M,Os1144,Surmaya,Kurta Set,0.4,1150.0,2695.0,2695.0,2695.0,2695.0,2695.0,2695.0,2695.0,2695.0,2695.0,2695.0,1545.0,134.34782608695653,False
690,Os1144_L,Os1144,Surmaya,Kurta Set,0.4,1150.0,2695.0,2695.0,2695.0,2695.0,2695.0,2695.0,2695.0,2695.0,2695.0,2695.0,1545.0,134.34782608695653,False
691,Os1144_XL,Os1144,Surmaya,Kurta Set,0.4,1150.0,2695.0,2695.0,2695.0,2695.0,2695.0,2695.0,2695.0,2695.0,2695.0,2695.0,1545.0,134.34782608695653,False
692,Os1144_2XL,Os1144,Surmaya,Kurta Set,0.4,1150.0,2695.0,2695.0,2695.0,2695.0,2695.0,2695.0,2695.0,2695.0,2695.0,2695.0,1545.0,134.34782608695653,False
693,Os1144_3XL,Os1144,Surmaya,Kurta Set,0.4,1150.0,2695.0,2695.0,2695.0,2695.0,2695.0,2695.0,2695.0,2695.0,2695.0,2695.0,1545.0,134.34782608695653,False
694,Os1106_S,Os1106,Surmaya,Kurta Set,0.4,910.0,2150.0,2150.0,2150.0,2150.0,2150.0,2150.0,2150.0,2150.0,2150.0,2150.0,1240.0,136.26373626373626,False
695,Os1106_M,Os1106,Surmaya,Kurta Set,0.4,910.0,2150.0,2150.0,2150.0,2150.0,2150.0,2150.0,2150.0,2150.0,2150.0,2150.0,1240.0,136.26373626373626,False
696,Os1106_L,Os1106,Surmaya,Kurta Set,0.4,910.0,2150.0,2150.0,2150.0,2150.0,2150.0,2150.0,2150.0,2150.0,2150.0,2150.0,1240.0,136.26373626373626,False
697,Os1106_XL,Os1106,Surmaya,Kurta Set,0.4,910.0,2150.0,2150.0,2150.0,2150.0,2150.0,2150.0,2150.0,2150.0,2150.0,2150.0,1240.0,136.26373626373626,False
698,Os1106_2XL,Os1106,Surmaya,Kurta Set,0.4,910.0,2150.0,2150.0,2150.0,2150.0,2150.0,2150.0,2150.0,2150.0,2150.0,2150.0,1240.0,136.26373626373626,False
699,Os1106_3XL,Os1106,Surmaya,Kurta Set,0.4,910.0,2150.0,2150.0,2150.0,2150.0,2150.0,2150.0,2150.0,2150.0,2150.0,2150.0,1240.0,136.26373626373626,False
700,Os147_15288_XS,Os147_15288,Mix,Tops,0.2,361.0,1595.0,1595.0,1595.0,1595.0,1595.0,1595.0,1595.0,1595.0,1595.0,1595.0,1234.0,341.8282548476454,False
701,Os147_15288_S,Os147_15288,Mix,Tops,0.2,361.0,1595.0,1595.0,1595.0,1595.0,1595.0,1595.0,1595.0,1595.0,1595.0,1595.0,1234.0,341.8282548476454,False
702,Os147_15288_M,Os147_15288,Mix,Tops,0.2,361.0,1595.0,1595.0,1595.0,1595.0,1595.0,1595.0,1595.0,1595.0,1595.0,1595.0,1234.0,341.8282548476454,False
703,Os147_15288_L,Os147_15288,Mix,Tops,0.2,361.0,1595.0,1595.0,1595.0,1595.0,1595.0,1595.0,1595.0,1595.0,1595.0,1595.0,1234.0,341.8282548476454,False
704,Os147_15288_XL,Os147_15288,Mix,Tops,0.2,361.0,1595.0,1595.0,1595.0,1595.0,1595.0,1595.0,1595.0,1595.0,1595.0,1595.0,1234.0,341.8282548476454,False
705,Os213_15284_XS,Os213_15284,Mix,Tops,0.2,375.0,1695.0,1695.0,1695.0,1695.0,1695.0,1695.0,1695.0,1695.0,1695.0,1695.0,1320.0,352.0,False
706,Os213_15284_S,Os213_15284,Mix,Tops,0.2,375.0,1695.0,1695.0,1695.0,1695.0,1695.0,1695.0,1695.0,1695.0,1695.0,1695.0,1320.0,352.0,False
707,Os213_15284_M,Os213_15284,Mix,Tops,0.2,375.0,1695.0,1695.0,1695.0,1695.0,1695.0,1695.0,1695.0,1695.0,1695.0,1695.0,1320.0,352.0,False
708,Os213_15284_L,Os213_15284,Mix,Tops,0.2,375.0,1695.0,1695.0,1695.0,1695.0,1695.0,1695.0,1695.0,1695.0,1695.0,1695.0,1320.0,352.0,False
709,Os213_15284_XL,Os213_15284,Mix,Tops,0.2,375.0,1695.0,1695.0,1695.0,1695.0,1695.0,1695.0,1695.0,1695.0,1695.0,1695.0,1320.0,352.0,False
710,Os169_S,Os169,Mix,Kurta,0.3,435.0,1795.0,1795.0,1795.0,1795.0,1795.0,1795.0,1795.0,1795.0,1795.0,1795.0,1360.0,312.64367816091954,False
711,Os169_M,Os169,Mix,Kurta,0.3,435.0,1795.0,1795.0,1795.0,1795.0,1795.0,1795.0,1795.0,1795.0,1795.0,1795.0,1360.0,312.64367816091954,False
712,Os169_L,Os169,Mix,Kurta,0.3,435.0,1795.0,1795.0,1795.0,1795.0,1795.0,1795.0,1795.0,1795.0,1795.0,1795.0,1360.0,312.64367816091954,False
713,Os169_XL,Os169,Mix,Kurta,0.3,435.0,1795.0,1795.0,1795.0,1795.0,1795.0,1795.0,1795.0,1795.0,1795.0,1795.0,1360.0,312.64367816091954,False
714,Os169_2XL,Os169,Mix,Kurta,0.3,435.0,1795.0,1795.0,1795.0,1795.0,1795.0,1795.0,1795.0,1795.0,1795.0,1795.0,1360.0,312.64367816091954,False
715,Os169_3XL,Os169,Mix,Kurta,0.3,435.0,1795.0,1795.0,1795.0,1795.0,1795.0,1795.0,1795.0,1795.0,1795.0,1795.0,1360.0,312.64367816091954,False
716,Os142_XS,Os142,Mix,Tops,0.2,395.0,1695.0,1695.0,1695.0,1695.0,1695.0,1695.0,1695.0,1695.0,1695.0,1695.0,1300.0,329.11392405063293,False
717,Os142_S,Os142,Mix,Tops,0.2,395.0,1695.0,1695.0,1695.0,1695.0,1695.0,1695.0,1695.0,1695.0,1695.0,1695.0,1300.0,329.11392405063293,False
718,Os142_M,Os142,Mix,Tops,0.2,395.0,1695.0,1695.0,1695.0,1695.0,1695.0,1695.0,1695.0,1695.0,1695.0,1695.0,1300.0,329.11392405063293,False
719,Os142_L,Os142,Mix,Tops,0.2,395.0,1695.0,1695.0,1695.0,1695.0,1695.0,1695.0,1695.0,1695.0,1695.0,1695.0,1300.0,329.11392405063293,False
720,Os142_XL,Os142,Mix,Tops,0.2,395.0,1695.0,1695.0,1695.0,1695.0,1695.0,1695.0,1695.0,1695.0,1695.0,1695.0,1300.0,329.11392405063293,False
721,Os144_XS,Os144,Mix,Tops,0.2,425.0,1795.0,1795.0,1795.0,1795.0,1795.0,1795.0,1795.0,1795.0,1795.0,1795.0,1370.0,322.3529411764706,False
722,Os144_S,Os144,Mix,Tops,0.2,425.0,1795.0,1795.0,1795.0,1795.0,1795.0,1795.0,1795.0,1795.0,1795.0,1795.0,1370.0,322.3529411764706,False
723,Os144_M,Os144,Mix,Tops,0.2,425.0,1795.0,1795.0,1795.0,1795.0,1795.0,1795.0,1795.0,1795.0,1795.0,1795.0,1370.0,322.3529411764706,False
724,Os144_L,Os144,Mix,Tops,0.2,425.0,1795.0,1795.0,1795.0,1795.0,1795.0,1795.0,1795.0,1795.0,1795.0,1795.0,1370.0,322.3529411764706,False
725,Os144_XL,Os144,Mix,Tops,0.2,425.0,1795.0,1795.0,1795.0,1795.0,1795.0,1795.0,1795.0,1795.0,1795.0,1795.0,1370.0,322.3529411764706,False
726,Os145_XS,Os145,Mix,Tops,0.2,450.0,1895.0,1895.0,1895.0,1895.0,1895.0,1895.0,1895.0,1895.0,1895.0,1895.0,1445.0,321.11111111111114,False
727,Os145_S,Os145,Mix,Tops,0.2,450.0,1895.0,1895.0,1895.0,1895.0,1895.0,1895.0,1895.0,1895.0,1895.0,1895.0,1445.0,321.11111111111114,False
728,Os145_M,Os145,Mix,Tops,0.2,450.0,1895.0,1895.0,1895.0,1895.0,1895.0,1895.0,1895.0,1895.0,1895.0,1895.0,1445.0,321.11111111111114,False
729,Os145_L,Os145,Mix,Tops,0.2,450.0,1895.0,1895.0,1895.0,1895.0,1895.0,1895.0,1895.0,1895.0,1895.0,1895.0,1445.0,321.11111111111114,False
730,Os145_XL,Os145,Mix,Tops,0.2,450.0,1895.0,1895.0,1895.0,1895.0,1895.0,1895.0,1895.0,1895.0,1895.0,1895.0,1445.0,321.11111111111114,False
731,Os146_XS,Os146,Mix,Tops,0.2,415.0,1795.0,1795.0,1795.0,1795.0,1795.0,1895.0,1795.0,1795.0,1795.0,1795.0,1380.0,332.5301204819277,False
732,Os146_S,Os146,Mix,Tops,0.2,415.0,1795.0,1795.0,1795.0,1795.0,1795.0,1895.0,1795.0,1795.0,1795.0,1795.0,1380.0,332.5301204819277,False
733,Os146_M,Os146,Mix,Tops,0.2,415.0,1795.0,1795.0,1795.0,1795.0,1795.0,1895.0,1795.0,1795.0,1795.0,1795.0,1380.0,332.5301204819277,False
734,Os146_L,Os146,Mix,Tops,0.2,415.0,1795.0,1795.0,1795.0,1795.0,1795.0,1895.0,1795.0,1795.0,1795.0,1795.0,1380.0,332.5301204819277,False
735,Os146_XL,Os146,Mix,Tops,0.2,415.0,1795.0,1795.0,1795.0,1795.0,1795.0,1895.0,1795.0,1795.0,1795.0,1795.0,1380.0,332.5301204819277,False
736,Os1111_S,Os1111,Surmaya,Kurta Set,0.4,825.0,1895.0,1895.0,1895.0,1895.0,1895.0,1895.0,1895.0,1895.0,1895.0,1895.0,1070.0,129.6969696969697,False
737,Os1111_M,Os1111,Surmaya,Kurta Set,0.4,825.0,1895.0,1895.0,1895.0,1895.0,1895.0,1895.0,1895.0,1895.0,1895.0,1895.0,1070.0,129.6969696969697,False
738,Os1111_L,Os1111,Surmaya,Kurta Set,0.4,825.0,1895.0,1895.0,1895.0,1895.0,1895.0,1895.0,1895.0,1895.0,1895.0,1895.0,1070.0,129.6969696969697,False
739,Os1111_XL,Os1111,Surmaya,Kurta Set,0.4,825.0,1895.0,1895.0,1895.0,1895.0,1895.0,1895.0,1895.0,1895.0,1895.0,1895.0,1070.0,129.6969696969697,False
740,Os1111_2XL,Os1111,Surmaya,Kurta Set,0.4,825.0,1895.0,1895.0,1895.0,1895.0,1895.0,1895.0,1895.0,1895.0,1895.0,1895.0,1070.0,129.6969696969697,False
741,Os1111_3XL,Os1111,Surmaya,Kurta Set,0.4,825.0,1895.0,1895.0,1895.0,1895.0,1895.0,1895.0,1895.0,1895.0,1895.0,1895.0,1070.0,129.6969696969697,False
742,Os1071_S,Os1071,Surmaya,Kurta Set,0.4,950.0,2495.0,2495.0,2495.0,2495.0,2495.0,2495.0,2495.0,2495.0,2495.0,2495.0,1545.0,162.6315789473684,False
743,Os1071_M,Os1071,Surmaya,Kurta Set,0.4,950.0,2495.0,2495.0,2495.0,2495.0,2495.0,2495.0,2495.0,2495.0,2495.0,2495.0,1545.0,162.6315789473684,False
744,Os1071_L,Os1071,Surmaya,Kurta Set,0.4,950.0,2495.0,2495.0,2495.0,2495.0,2495.0,2495.0,2495.0,2495.0,2495.0,2495.0,1545.0,162.6315789473684,False
745,Os1071_XL,Os1071,Surmaya,Kurta Set,0.4,950.0,2495.0,2495.0,2495.0,2495.0,2495.0,2495.0,2495.0,2495.0,2495.0,2495.0,1545.0,162.6315789473684,False
746,Os1071_2XL,Os1071,Surmaya,Kurta Set,0.4,950.0,2495.0,2495.0,2495.0,2495.0,2495.0,2495.0,2495.0,2495.0,2495.0,2495.0,1545.0,162.6315789473684,False
747,Os1071_3XL,Os1071,Surmaya,Kurta Set,0.4,950.0,2495.0,2495.0,2495.0,2495.0,2495.0,2495.0,2495.0,2495.0,2495.0,2495.0,1545.0,162.6315789473684,False
748,Os1081_S,Os1081,Surmaya,Kurta Set,0.4,895.0,2195.0,2195.0,2195.0,2195.0,2195.0,2195.0,2195.0,2195.0,2195.0,2195.0,1300.0,145.2513966480447,False
749,Os1081_M,Os1081,Surmaya,Kurta Set,0.4,895.0,2195.0,2195.0,2195.0,2195.0,2195.0,2195.0,2195.0,2195.0,2195.0,2195.0,1300.0,145.2513966480447,False
750,Os1081_L,Os1081,Surmaya,Kurta Set,0.4,895.0,2195.0,2195.0,2195.0,2195.0,2195.0,2195.0,2195.0,2195.0,2195.0,2195.0,1300.0,145.2513966480447,False
751,Os1081_XL,Os1081,Surmaya,Kurta Set,0.4,895.0,2195.0,2195.0,2195.0,2195.0,2195.0,2195.0,2195.0,2195.0,2195.0,2195.0,1300.0,145.2513966480447,False
752,Os1081_2XL,Os1081,Surmaya,Kurta Set,0.4,895.0,2195.0,2195.0,2195.0,2195.0,2195.0,2195.0,2195.0,2195.0,2195.0,2195.0,1300.0,145.2513966480447,False
753,Os1081_3XL,Os1081,Surmaya,Kurta Set,0.4,895.0,2195.0,2195.0,2195.0,2195.0,2195.0,2195.0,2195.0,2195.0,2195.0,2195.0,1300.0,145.2513966480447,False
754,Os1088_S,Os1088,Surmaya,Kurta Set,0.4,875.0,2050.0,2050.0,2050.0,2050.0,2050.0,2050.0,2050.0,2050.0,2050.0,2050.0,1175.0,134.28571428571428,False
755,Os1088_M,Os1088,Surmaya,Kurta Set,0.4,875.0,2050.0,2050.0,2050.0,2050.0,2050.0,2050.0,2050.0,2050.0,2050.0,2050.0,1175.0,134.28571428571428,False
756,Os1088_L,Os1088,Surmaya,Kurta Set,0.4,875.0,2050.0,2050.0,2050.0,2050.0,2050.0,2050.0,2050.0,2050.0,2050.0,2050.0,1175.0,134.28571428571428,False
757,Os1088_XL,Os1088,Surmaya,Kurta Set,0.4,875.0,2050.0,2050.0,2050.0,2050.0,2050.0,2050.0,2050.0,2050.0,2050.0,2050.0,1175.0,134.28571428571428,False
758,Os1088_2XL,Os1088,Surmaya,Kurta Set,0.4,875.0,2050.0,2050.0,2050.0,2050.0,2050.0,2050.0,2050.0,2050.0,2050.0,2050.0,1175.0,134.28571428571428,False
759,Os1088_3XL,Os1088,Surmaya,Kurta Set,0.4,875.0,2050.0,2050.0,2050.0,2050.0,2050.0,2050.0,2050.0,2050.0,2050.0,2050.0,1175.0,134.28571428571428,False
760,Os1084_S,Os1084,Surmaya,Kurta Set,0.4,1050.0,2395.0,2395.0,2395.0,2395.0,2395.0,2395.0,2395.0,2395.0,2395.0,2395.0,1345.0,128.09523809523807,False
761,Os1084_M,Os1084,Surmaya,Kurta Set,0.4,1050.0,2395.0,2395.0,2395.0,2395.0,2395.0,2395.0,2395.0,2395.0,2395.0,2395.0,1345.0,128.09523809523807,False
762,Os1084_L,Os1084,Surmaya,Kurta Set,0.4,1050.0,2395.0,2395.0,2395.0,2395.0,2395.0,2395.0,2395.0,2395.0,2395.0,2395.0,1345.0,128.09523809523807,False
763,Os1084_XL,Os1084,Surmaya,Kurta Set,0.4,1050.0,2395.0,2395.0,2395.0,2395.0,2395.0,2395.0,2395.0,2395.0,2395.0,2395.0,1345.0,128.09523809523807,False
764,Os1084_2XL,Os1084,Surmaya,Kurta Set,0.4,1050.0,2395.0,2395.0,2395.0,2395.0,2395.0,2395.0,2395.0,2395.0,2395.0,2395.0,1345.0,128.09523809523807,False
765,Os1084_3XL,Os1084,Surmaya,Kurta Set,0.4,1050.0,2395.0,2395.0,2395.0,2395.0,2395.0,2395.0,2395.0,2395.0,2395.0,2395.0,1345.0,128.09523809523807,False
766,Os1120_S,Os1120,Surmaya,Kurta Set,0.4,510.0,1895.0,1895.0,1895.0,1895.0,1895.0,1895.0,1895.0,1895.0,1895.0,1895.0,1385.0,271.5686274509804,False
767,Os1120_M,Os1120,Surmaya,Kurta Set,0.4,510.0,1895.0,1895.0,1895.0,1895.0,1895.0,1895.0,1895.0,1895.0,1895.0,1895.0,1385.0,271.5686274509804,False
768,Os1120_L,Os1120,Surmaya,Kurta Set,0.4,510.0,1895.0,1895.0,1895.0,1895.0,1895.0,1895.0,1895.0,1895.0,1895.0,1895.0,1385.0,271.5686274509804,False
769,Os1120_XL,Os1120,Surmaya,Kurta Set,0.4,510.0,1895.0,1895.0,1895.0,1895.0,1895.0,1895.0,1895.0,1895.0,1895.0,1895.0,1385.0,271.5686274509804,False
770,Os1120_2XL,Os1120,Surmaya,Kurta Set,0.4,510.0,1895.0,1895.0,1895.0,1895.0,1895.0,1895.0,1895.0,1895.0,1895.0,1895.0,1385.0,271.5686274509804,False
771,Os1120_3XL,Os1120,Surmaya,Kurta Set,0.4,510.0,1895.0,1895.0,1895.0,1895.0,1895.0,1895.0,1895.0,1895.0,1895.0,1895.0,1385.0,271.5686274509804,False
772,Os1097_S,Os1097,Surmaya,Kurta Set,0.4,825.0,1895.0,1895.0,1895.0,1895.0,1895.0,1895.0,1895.0,1895.0,1895.0,1895.0,1070.0,129.6969696969697,False
773,Os1097_M,Os1097,Surmaya,Kurta Set,0.4,825.0,1895.0,1895.0,1895.0,1895.0,1895.0,1895.0,1895.0,1895.0,1895.0,1895.0,1070.0,129.6969696969697,False
774,Os1097_L,Os1097,Surmaya,Kurta Set,0.4,825.0,1895.0,1895.0,1895.0,1895.0,1895.0,1895.0,1895.0,1895.0,1895.0,1895.0,1070.0,129.6969696969697,False
775,Os1097_XL,Os1097,Surmaya,Kurta Set,0.4,825.0,1895.0,1895.0,1895.0,1895.0,1895.0,1895.0,1895.0,1895.0,1895.0,1895.0,1070.0,129.6969696969697,False
776,Os1097_2XL,Os1097,Surmaya,Kurta Set,0.4,825.0,1895.0,1895.0,1895.0,1895.0,1895.0,1895.0,1895.0,1895.0,1895.0,1895.0,1070.0,129.6969696969697,False
777,Os1097_3XL,Os1097,Surmaya,Kurta Set,0.4,825.0,1895.0,1895.0,1895.0,1895.0,1895.0,1895.0,1895.0,1895.0,1895.0,1895.0,1070.0,129.6969696969697,False
778,Os1094_S,Os1094,Surmaya,Kurta Set,0.4,845.0,1995.0,1995.0,1995.0,1995.0,1995.0,1995.0,1995.0,1995.0,1995.0,1995.0,1150.0,136.09467455621302,False
779,Os1094_M,Os1094,Surmaya,Kurta Set,0.4,845.0,1995.0,1995.0,1995.0,1995.0,1995.0,1995.0,1995.0,1995.0,1995.0,1995.0,1150.0,136.09467455621302,False
780,Os1094_L,Os1094,Surmaya,Kurta Set,0.4,845.0,1995.0,1995.0,1995.0,1995.0,1995.0,1995.0,1995.0,1995.0,1995.0,1995.0,1150.0,136.09467455621302,False
781,Os1094_XL,Os1094,Surmaya,Kurta Set,0.4,845.0,1995.0,1995.0,1995.0,1995.0,1995.0,1995.0,1995.0,1995.0,1995.0,1995.0,1150.0,136.09467455621302,False
782,Os1094_2XL,Os1094,Surmaya,Kurta Set,0.4,845.0,1995.0,1995.0,1995.0,1995.0,1995.0,1995.0,1995.0,1995.0,1995.0,1995.0,1150.0,136.09467455621302,False
783,Os1094_3XL,Os1094,Surmaya,Kurta Set,0.4,845.0,1995.0,1995.0,1995.0,1995.0,1995.0,1995.0,1995.0,1995.0,1995.0,1995.0,1150.0,136.09467455621302,False
784,Os1064_S,Os1064,Surmaya,Kurta Set,0.4,695.0,1895.0,1895.0,1895.0,1895.0,1895.0,1895.0,1895.0,1895.0,1895.0,1895.0,1200.0,172.66187050359713,False
785,Os1064_M,Os1064,Surmaya,Kurta Set,0.4,695.0,1895.0,1895.0,1895.0,1895.0,1895.0,1895.0,1895.0,1895.0,1895.0,1895.0,1200.0,172.66187050359713,False
786,Os1064_L,Os1064,Surmaya,Kurta Set,0.4,695.0,1895.0,1895.0,1895.0,1895.0,1895.0,1895.0,1895.0,1895.0,1895.0,1895.0,1200.0,172.66187050359713,False
787,Os1064_XL,Os1064,Surmaya,Kurta Set,0.4,695.0,1895.0,1895.0,1895.0,1895.0,1895.0,1895.0,1895.0,1895.0,1895.0,1895.0,1200.0,172.66187050359713,False
788,Os1064_2XL,Os1064,Surmaya,Kurta Set,0.4,695.0,1895.0,1895.0,1895.0,1895.0,1895.0,1895.0,1895.0,1895.0,1895.0,1895.0,1200.0,172.66187050359713,False
789,Os1064_3XL,Os1064,Surmaya,Kurta Set,0.4,695.0,1895.0,1895.0,1895.0,1895.0,1895.0,1895.0,1895.0,1895.0,1895.0,1895.0,1200.0,172.66187050359713,False
790,Os1091_S,Os1091,Surmaya,Kurta Set,0.4,1140.0,2595.0,2595.0,2595.0,2595.0,2595.0,2595.0,2595.0,2595.0,2595.0,2595.0,1455.0,127.63157894736842,False
791,Os1091_M,Os1091,Surmaya,Kurta Set,0.4,1140.0,2595.0,2595.0,2595.0,2595.0,2595.0,2595.0,2595.0,2595.0,2595.0,2595.0,1455.0,127.63157894736842,False
792,Os1091_L,Os1091,Surmaya,Kurta Set,0.4,1140.0,2595.0,2595.0,2595.0,2595.0,2595.0,2595.0,2595.0,2595.0,2595.0,2595.0,1455.0,127.63157894736842,False
793,Os1091_XL,Os1091,Surmaya,Kurta Set,0.4,1140.0,2595.0,2595.0,2595.0,2595.0,2595.0,2595.0,2595.0,2595.0,2595.0,2595.0,1455.0,127.63157894736842,False
794,Os1091_2XL,Os1091,Surmaya,Kurta Set,0.4,1140.0,2595.0,2595.0,2595.0,2595.0,2595.0,2595.0,2595.0,2595.0,2595.0,2595.0,1455.0,127.63157894736842,False
795,Os1091_3XL,Os1091,Surmaya,Kurta Set,0.4,1140.0,2595.0,2595.0,2595.0,2595.0,2595.0,2595.0,2595.0,2595.0,2595.0,2595.0,1455.0,127.63157894736842,False
796,Os1090_S,Os1090,Surmaya,Kurta Set,0.4,980.0,2295.0,2295.0,2295.0,2295.0,2295.0,2295.0,2295.0,2295.0,2295.0,2295.0,1315.0,134.18367346938774,False
797,Os1090_M,Os1090,Surmaya,Kurta Set,0.4,980.0,2295.0,2295.0,2295.0,2295.0,2295.0,2295.0,2295.0,2295.0,2295.0,2295.0,1315.0,134.18367346938774,False
798,Os1090_L,Os1090,Surmaya,Kurta Set,0.4,980.0,2295.0,2295.0,2295.0,2295.0,2295.0,2295.0,2295.0,2295.0,2295.0,2295.0,1315.0,134.18367346938774,False
799,Os1090_XL,Os1090,Surmaya,Kurta Set,0.4,980.0,2295.0,2295.0,2295.0,2295.0,2295.0,2295.0,2295.0,2295.0,2295.0,2295.0,1315.0,134.18367346938774,False
800,Os1090_2XL,Os1090,Surmaya,Kurta Set,0.4,980.0,2295.0,2295.0,2295.0,2295.0,2295.0,2295.0,2295.0,2295.0,2295.0,2295.0,1315.0,134.18367346938774,False
801,Os1090_3XL,Os1090,Surmaya,Kurta Set,0.4,980.0,2295.0,2295.0,2295.0,2295.0,2295.0,2295.0,2295.0,2295.0,2295.0,2295.0,1315.0,134.18367346938774,False
802,Os1068_S,Os1068,Surmaya,Kurta Set,0.4,950.0,2495.0,2495.0,2495.0,2495.0,2495.0,2495.0,2495.0,2495.0,2495.0,2495.0,1545.0,162.6315789473684,False
803,Os1068_M,Os1068,Surmaya,Kurta Set,0.4,950.0,2495.0,2495.0,2495.0,2495.0,2495.0,2495.0,2495.0,2495.0,2495.0,2495.0,1545.0,162.6315789473684,False
804,Os1068_L,Os1068,Surmaya,Kurta Set,0.4,950.0,2495.0,2495.0,2495.0,2495.0,2495.0,2495.0,2495.0,2495.0,2495.0,2495.0,1545.0,162.6315789473684,False
805,Os1068_XL,Os1068,Surmaya,Kurta Set,0.4,950.0,2495.0,2495.0,2495.0,2495.0,2495.0,2495.0,2495.0,2495.0,2495.0,2495.0,1545.0,162.6315789473684,False
806,Os1068_2XL,Os1068,Surmaya,Kurta Set,0.4,950.0,2495.0,2495.0,2495.0,2495.0,2495.0,2495.0,2495.0,2495.0,2495.0,2495.0,1545.0,162.6315789473684,False
807,Os1068_3XL,Os1068,Surmaya,Kurta Set,0.4,950.0,2495.0,2495.0,2495.0,2495.0,2495.0,2495.0,2495.0,2495.0,2495.0,2495.0,1545.0,162.6315789473684,False
808,Os273_S,Os273,Four Gems 2,Kurta Set,0.4,680.0,2795.0,2795.0,2995.0,2795.0,2795.0,2795.0,2795.0,2795.0,2795.0,2795.0,2115.0,311.0294117647059,False
809,Os273_M,Os273,Four Gems 2,Kurta Set,0.4,680.0,2795.0,2795.0,2995.0,2795.0,2795.0,2795.0,2795.0,2795.0,2795.0,2795.0,2115.0,311.0294117647059,False
810,Os273_L,Os273,Four Gems 2,Kurta Set,0.4,680.0,2795.0,2795.0,2995.0,2795.0,2795.0,2795.0,2795.0,2795.0,2795.0,2795.0,2115.0,311.0294117647059,False
811,Os273_XL,Os273,Four Gems 2,Kurta Set,0.4,680.0,2795.0,2795.0,2995.0,2795.0,2795.0,2795.0,2795.0,2795.0,2795.0,2795.0,2115.0,311.0294117647059,False
812,Os273_2XL,Os273,Four Gems 2,Kurta Set,0.4,680.0,2795.0,2795.0,2995.0,2795.0,2795.0,2795.0,2795.0,2795.0,2795.0,2795.0,2115.0,311.0294117647059,False
813,Os273_3XL,Os273,Four Gems 2,Kurta Set,0.4,680.0,2795.0,2795.0,2995.0,2795.0,2795.0,2795.0,2795.0,2795.0,2795.0,2795.0,2115.0,311.0294117647059,False
814,Os272_S,Os272,Four Gems 2,Kurta Set,0.4,680.0,2795.0,2795.0,2995.0,2795.0,2795.0,2795.0,2795.0,2795.0,2795.0,2795.0,2115.0,311.0294117647059,False
815,Os272_M,Os272,Four Gems 2,Kurta Set,0.4,680.0,2795.0,2795.0,2995.0,2795.0,2795.0,2795.0,2795.0,2795.0,2795.0,2795.0,2115.0,311.0294117647059,False
816,Os272_L,Os272,Four Gems 2,Kurta Set,0.4,680.0,2795.0,2795.0,2995.0,2795.0,2795.0,2795.0,2795.0,2795.0,2795.0,2795.0,2115.0,311.0294117647059,False
817,Os272_XL,Os272,Four Gems 2,Kurta Set,0.4,680.0,2795.0,2795.0,2995.0,2795.0,2795.0,2795.0,2795.0,2795.0,2795.0,2795.0,2115.0,311.0294117647059,False
818,Os272_2XL,Os272,Four Gems 2,Kurta Set,0.4,680.0,2795.0,2795.0,2995.0,2795.0,2795.0,2795.0,2795.0,2795.0,2795.0,2795.0,2115.0,311.0294117647059,False
819,Os272_3XL,Os272,Four Gems 2,Kurta Set,0.4,680.0,2795.0,2795.0,2995.0,2795.0,2795.0,2795.0,2795.0,2795.0,2795.0,2795.0,2115.0,311.0294117647059,False
820,Os271_S,Os271,Four Gems 2,Kurta Set,0.4,680.0,2795.0,2795.0,2995.0,2795.0,2795.0,2795.0,2795.0,2795.0,2795.0,2795.0,2115.0,311.0294117647059,False
821,Os271_M,Os271,Four Gems 2,Kurta Set,0.4,680.0,2795.0,2795.0,2995.0,2795.0,2795.0,2795.0,2795.0,2795.0,2795.0,2795.0,2115.0,311.0294117647059,False
822,Os271_L,Os271,Four Gems 2,Kurta Set,0.4,680.0,2795.0,2795.0,2995.0,2795.0,2795.0,2795.0,2795.0,2795.0,2795.0,2795.0,2115.0,311.0294117647059,False
823,Os271_XL,Os271,Four Gems 2,Kurta Set,0.4,680.0,2795.0,2795.0,2995.0,2795.0,2795.0,2795.0,2795.0,2795.0,2795.0,2795.0,2115.0,311.0294117647059,False
824,Os271_2XL,Os271,Four Gems 2,Kurta Set,0.4,680.0,2795.0,2795.0,2995.0,2795.0,2795.0,2795.0,2795.0,2795.0,2795.0,2795.0,2115.0,311.0294117647059,False
825,Os271_3XL,Os271,Four Gems 2,Kurta Set,0.4,680.0,2795.0,2795.0,2995.0,2795.0,2795.0,2795.0,2795.0,2795.0,2795.0,2795.0,2115.0,311.0294117647059,False
826,Os270_S,Os270,Four Gems 2,Kurta Set,0.4,680.0,2795.0,2795.0,2995.0,2795.0,2795.0,2795.0,2795.0,2795.0,2795.0,2795.0,2115.0,311.0294117647059,False
827,Os270_M,Os270,Four Gems 2,Kurta Set,0.4,680.0,2795.0,2795.0,2995.0,2795.0,2795.0,2795.0,2795.0,2795.0,2795.0,2795.0,2115.0,311.0294117647059,False
828,Os270_L,Os270,Four Gems 2,Kurta Set,0.4,680.0,2795.0,2795.0,2995.0,2795.0,2795.0,2795.0,2795.0,2795.0,2795.0,2795.0,2115.0,311.0294117647059,False
829,Os270_XL,Os270,Four Gems 2,Kurta Set,0.4,680.0,2795.0,2795.0,2995.0,2795.0,2795.0,2795.0,2795.0,2795.0,2795.0,2795.0,2115.0,311.0294117647059,False
830,Os270_2XL,Os270,Four Gems 2,Kurta Set,0.4,680.0,2795.0,2795.0,2995.0,2795.0,2795.0,2795.0,2795.0,2795.0,2795.0,2795.0,2115.0,311.0294117647059,False
831,Os270_3XL,Os270,Four Gems 2,Kurta Set,0.4,680.0,2795.0,2795.0,2995.0,2795.0,2795.0,2795.0,2795.0,2795.0,2795.0,2795.0,2115.0,311.0294117647059,False
832,Os266_S,Os266,Mix,Kurta,0.3,425.0,1995.0,1995.0,1995.0,1995.0,1995.0,1995.0,1995.0,1995.0,1995.0,1995.0,1570.0,369.4117647058824,False
833,Os266_M,Os266,Mix,Kurta,0.3,425.0,1995.0,1995.0,1995.0,1995.0,1995.0,1995.0,1995.0,1995.0,1995.0,1995.0,1570.0,369.4117647058824,False
834,Os266_L,Os266,Mix,Kurta,0.3,425.0,1995.0,1995.0,1995.0,1995.0,1995.0,1995.0,1995.0,1995.0,1995.0,1995.0,1570.0,369.4117647058824,False
835,Os266_XL,Os266,Mix,Kurta,0.3,425.0,1995.0,1995.0,1995.0,1995.0,1995.0,1995.0,1995.0,1995.0,1995.0,1995.0,1570.0,369.4117647058824,False
836,Os266_2XL,Os266,Mix,Kurta,0.3,425.0,1995.0,1995.0,1995.0,1995.0,1995.0,1995.0,1995.0,1995.0,1995.0,1995.0,1570.0,369.4117647058824,False
837,Os266_3XL,Os266,Mix,Kurta,0.3,425.0,1995.0,1995.0,1995.0,1995.0,1995.0,1995.0,1995.0,1995.0,1995.0,1995.0,1570.0,369.4117647058824,False
838,Os151_S,Os151,Mix,Kurta,0.3,425.0,1995.0,1995.0,1995.0,1895.0,1895.0,1995.0,1995.0,1995.0,1995.0,1995.0,1570.0,369.4117647058824,False
839,Os151_M,Os151,Mix,Kurta,0.3,425.0,1995.0,1995.0,1995.0,1895.0,1895.0,1995.0,1995.0,1995.0,1995.0,1995.0,1570.0,369.4117647058824,False
840,Os151_L,Os151,Mix,Kurta,0.3,425.0,1995.0,1995.0,1995.0,1895.0,1895.0,1995.0,1995.0,1995.0,1995.0,1995.0,1570.0,369.4117647058824,False
841,Os151_XL,Os151,Mix,Kurta,0.3,425.0,1995.0,1995.0,1995.0,1895.0,1895.0,1995.0,1995.0,1995.0,1995.0,1995.0,1570.0,369.4117647058824,False
842,Os151_2XL,Os151,Mix,Kurta,0.3,425.0,1995.0,1995.0,1995.0,1895.0,1895.0,1995.0,1995.0,1995.0,1995.0,1995.0,1570.0,369.4117647058824,False
843,Os151_3XL,Os151,Mix,Kurta,0.3,425.0,1995.0,1995.0,1995.0,1895.0,1895.0,1995.0,1995.0,1995.0,1995.0,1995.0,1570.0,369.4117647058824,False
844,Os163_S,Os163,Mix,Kurta,0.3,425.0,1995.0,1995.0,1995.0,1995.0,1995.0,1995.0,1995.0,1995.0,1995.0,1995.0,1570.0,369.4117647058824,False
845,Os163_M,Os163,Mix,Kurta,0.3,425.0,1995.0,1995.0,1995.0,1995.0,1995.0,1995.0,1995.0,1995.0,1995.0,1995.0,1570.0,369.4117647058824,False
846,Os163_L,Os163,Mix,Kurta,0.3,425.0,1995.0,1995.0,1995.0,1995.0,1995.0,1995.0,1995.0,1995.0,1995.0,1995.0,1570.0,369.4117647058824,False
847,Os163_XL,Os163,Mix,Kurta,0.3,425.0,1995.0,1995.0,1995.0,1995.0,1995.0,1995.0,1995.0,1995.0,1995.0,1995.0,1570.0,369.4117647058824,False
848,Os163_2XL,Os163,Mix,Kurta,0.3,425.0,1995.0,1995.0,1995.0,1995.0,1995.0,1995.0,1995.0,1995.0,1995.0,1995.0,1570.0,369.4117647058824,False
849,Os163_3XL,Os163,Mix,Kurta,0.3,425.0,1995.0,1995.0,1995.0,1995.0,1995.0,1995.0,1995.0,1995.0,1995.0,1995.0,1570.0,369.4117647058824,False
850,Os269_S,Os269,Mix,Kurta,0.3,220.0,1195.0,1195.0,1195.0,1195.0,1195.0,1195.0,1195.0,1195.0,1195.0,1195.0,975.0,443.1818181818182,False
851,Os269_M,Os269,Mix,Kurta,0.3,220.0,1195.0,1195.0,1195.0,1195.0,1195.0,1195.0,1195.0,1195.0,1195.0,1195.0,975.0,443.1818181818182,False
852,Os269_L,Os269,Mix,Kurta,0.3,220.0,1195.0,1195.0,1195.0,1195.0,1195.0,1195.0,1195.0,1195.0,1195.0,1195.0,975.0,443.1818181818182,False
853,Os269_XL,Os269,Mix,Kurta,0.3,220.0,1195.0,1195.0,1195.0,1195.0,1195.0,1195.0,1195.0,1195.0,1195.0,1195.0,975.0,443.1818181818182,False
854,Os269_2XL,Os269,Mix,Kurta,0.3,220.0,1195.0,1195.0,1195.0,1195.0,1195.0,1195.0,1195.0,1195.0,1195.0,1195.0,975.0,443.1818181818182,False
855,Os1126_S,Os1126,Surmaya,Kurta,0.3,525.0,1250.0,1250.0,1250.0,1250.0,1250.0,1250.0,1250.0,1250.0,1250.0,1250.0,725.0,138.0952380952381,False
856,Os1126_M,Os1126,Surmaya,Kurta,0.3,525.0,1250.0,1250.0,1250.0,1250.0,1250.0,1250.0,1250.0,1250.0,1250.0,1250.0,725.0,138.0952380952381,False
857,Os1126_L,Os1126,Surmaya,Kurta,0.3,525.0,1250.0,1250.0,1250.0,1250.0,1250.0,1250.0,1250.0,1250.0,1250.0,1250.0,725.0,138.0952380952381,False
858,Os1126_XL,Os1126,Surmaya,Kurta,0.3,525.0,1250.0,1250.0,1250.0,1250.0,1250.0,1250.0,1250.0,1250.0,1250.0,1250.0,725.0,138.0952380952381,False
859,Os1126_2XL,Os1126,Surmaya,Kurta,0.3,525.0,1250.0,1250.0,1250.0,1250.0,1250.0,1250.0,1250.0,1250.0,1250.0,1250.0,725.0,138.0952380952381,False
860,Os1126_3XL,Os1126,Surmaya,Kurta,0.3,525.0,1250.0,1250.0,1250.0,1250.0,1250.0,1250.0,1250.0,1250.0,1250.0,1250.0,725.0,138.0952380952381,False
861,Os1061_S,Os1061,Surmaya,Kurta Set,0.4,880.0,1895.0,1895.0,1895.0,1895.0,1895.0,1895.0,1895.0,1895.0,1895.0,1895.0,1015.0,115.34090909090908,False
862,Os1061_M,Os1061,Surmaya,Kurta Set,0.4,880.0,1895.0,1895.0,1895.0,1895.0,1895.0,1895.0,1895.0,1895.0,1895.0,1895.0,1015.0,115.34090909090908,False
863,Os1061_L,Os1061,Surmaya,Kurta Set,0.4,880.0,1895.0,1895.0,1895.0,1895.0,1895.0,1895.0,1895.0,1895.0,1895.0,1895.0,1015.0,115.34090909090908,False
864,Os1061_XL,Os1061,Surmaya,Kurta Set,0.4,880.0,1895.0,1895.0,1895.0,1895.0,1895.0,1895.0,1895.0,1895.0,1895.0,1895.0,1015.0,115.34090909090908,False
865,Os1061_2XL,Os1061,Surmaya,Kurta Set,0.4,880.0,1895.0,1895.0,1895.0,1895.0,1895.0,1895.0,1895.0,1895.0,1895.0,1895.0,1015.0,115.34090909090908,False
866,Os1061_3XL,Os1061,Surmaya,Kurta Set,0.4,880.0,1895.0,1895.0,1895.0,1895.0,1895.0,1895.0,1895.0,1895.0,1895.0,1895.0,1015.0,115.34090909090908,False
867,Os262_S,Os262,Mix,Kurta,0.3,425.0,1995.0,1995.0,1995.0,1695.0,1695.0,1995.0,1995.0,1995.0,1995.0,1995.0,1570.0,369.4117647058824,False
868,Os262_M,Os262,Mix,Kurta,0.3,425.0,1995.0,1995.0,1995.0,1695.0,1695.0,1995.0,1995.0,1995.0,1995.0,1995.0,1570.0,369.4117647058824,False
869,Os262_L,Os262,Mix,Kurta,0.3,425.0,1995.0,1995.0,1995.0,1695.0,1695.0,1995.0,1995.0,1995.0,1995.0,1995.0,1570.0,369.4117647058824,False
870,Os262_XL,Os262,Mix,Kurta,0.3,425.0,1995.0,1995.0,1995.0,1695.0,1695.0,1995.0,1995.0,1995.0,1995.0,1995.0,1570.0,369.4117647058824,False
871,Os262_2XL,Os262,Mix,Kurta,0.3,425.0,1995.0,1995.0,1995.0,1695.0,1695.0,1995.0,1995.0,1995.0,1995.0,1995.0,1570.0,369.4117647058824,False
872,Os262_3XL,Os262,Mix,Kurta,0.3,425.0,1995.0,1995.0,1995.0,1695.0,1695.0,1995.0,1995.0,1995.0,1995.0,1995.0,1570.0,369.4117647058824,False
873,Os264_S,Os264,Mix,Kurta,0.3,410.0,1895.0,1895.0,1895.0,1895.0,1895.0,1895.0,1895.0,1895.0,1895.0,1895.0,1485.0,362.1951219512195,False
874,Os264_M,Os264,Mix,Kurta,0.3,410.0,1895.0,1895.0,1895.0,1895.0,1895.0,1895.0,1895.0,1895.0,1895.0,1895.0,1485.0,362.1951219512195,False
875,Os264_L,Os264,Mix,Kurta,0.3,410.0,1895.0,1895.0,1895.0,1895.0,1895.0,1895.0,1895.0,1895.0,1895.0,1895.0,1485.0,362.1951219512195,False
876,Os264_XL,Os264,Mix,Kurta,0.3,410.0,1895.0,1895.0,1895.0,1895.0,1895.0,1895.0,1895.0,1895.0,1895.0,1895.0,1485.0,362.1951219512195,False
877,Os264_2XL,Os264,Mix,Kurta,0.3,410.0,1895.0,1895.0,1895.0,1895.0,1895.0,1895.0,1895.0,1895.0,1895.0,1895.0,1485.0,362.1951219512195,False
878,Os264_3XL,Os264,Mix,Kurta,0.3,410.0,1895.0,1895.0,1895.0,1895.0,1895.0,1895.0,1895.0,1895.0,1895.0,1895.0,1485.0,362.1951219512195,False
879,Os265_S,Os265,Mix,Kurta,0.3,410.0,1895.0,1895.0,1895.0,1895.0,1895.0,1895.0,1895.0,1895.0,1895.0,1895.0,1485.0,362.1951219512195,False
880,Os265_M,Os265,Mix,Kurta,0.3,410.0,1895.0,1895.0,1895.0,1895.0,1895.0,1895.0,1895.0,1895.0,1895.0,1895.0,1485.0,362.1951219512195,False
881,Os265_L,Os265,Mix,Kurta,0.3,410.0,1895.0,1895.0,1895.0,1895.0,1895.0,1895.0,1895.0,1895.0,1895.0,1895.0,1485.0,362.1951219512195,False
882,Os265_XL,Os265,Mix,Kurta,0.3,410.0,1895.0,1895.0,1895.0,1895.0,1895.0,1895.0,1895.0,1895.0,1895.0,1895.0,1485.0,362.1951219512195,False
883,Os265_2XL,Os265,Mix,Kurta,0.3,410.0,1895.0,1895.0,1895.0,1895.0,1895.0,1895.0,1895.0,1895.0,1895.0,1895.0,1485.0,362.1951219512195,False
884,Os265_3XL,Os265,Mix,Kurta,0.3,410.0,1895.0,1895.0,1895.0,1895.0,1895.0,1895.0,1895.0,1895.0,1895.0,1895.0,1485.0,362.1951219512195,False
885,Os155_S,Os155,Mix,Kurta,0.3,395.0,1895.0,1895.0,1895.0,1895.0,1895.0,1895.0,1895.0,1895.0,1895.0,1895.0,1500.0,379.746835443038,False
886,Os155_M,Os155,Mix,Kurta,0.3,395.0,1895.0,1895.0,1895.0,1895.0,1895.0,1895.0,1895.0,1895.0,1895.0,1895.0,1500.0,379.746835443038,False
887,Os155_L,Os155,Mix,Kurta,0.3,395.0,1895.0,1895.0,1895.0,1895.0,1895.0,1895.0,1895.0,1895.0,1895.0,1895.0,1500.0,379.746835443038,False
888,Os155_XL,Os155,Mix,Kurta,0.3,395.0,1895.0,1895.0,1895.0,1895.0,1895.0,1895.0,1895.0,1895.0,1895.0,1895.0,1500.0,379.746835443038,False
889,Os155_2XL,Os155,Mix,Kurta,0.3,395.0,1895.0,1895.0,1895.0,1895.0,1895.0,1895.0,1895.0,1895.0,1895.0,1895.0,1500.0,379.746835443038,False
890,Os155_3XL,Os155,Mix,Kurta,0.3,395.0,1895.0,1895.0,1895.0,1895.0,1895.0,1895.0,1895.0,1895.0,1895.0,1895.0,1500.0,379.746835443038,False
891,Os156_S,Os156,Mix,Kurta,0.3,395.0,1895.0,1895.0,1895.0,1895.0,1895.0,1895.0,1895.0,1895.0,1895.0,1895.0,1500.0,379.746835443038,False
892,Os156_M,Os156,Mix,Kurta,0.3,395.0,1895.0,1895.0,1895.0,1895.0,1895.0,1895.0,1895.0,1895.0,1895.0,1895.0,1500.0,379.746835443038,False
893,Os156_L,Os156,Mix,Kurta,0.3,395.0,1895.0,1895.0,1895.0,1895.0,1895.0,1895.0,1895.0,1895.0,1895.0,1895.0,1500.0,379.746835443038,False
894,Os156_XL,Os156,Mix,Kurta,0.3,395.0,1895.0,1895.0,1895.0,1895.0,1895.0,1895.0,1895.0,1895.0,1895.0,1895.0,1500.0,379.746835443038,False
895,Os156_2XL,Os156,Mix,Kurta,0.3,395.0,1895.0,1895.0,1895.0,1895.0,1895.0,1895.0,1895.0,1895.0,1895.0,1895.0,1500.0,379.746835443038,False
896,Os156_3XL,Os156,Mix,Kurta,0.3,395.0,1895.0,1895.0,1895.0,1895.0,1895.0,1895.0,1895.0,1895.0,1895.0,1895.0,1500.0,379.746835443038,False
897,Os166_S,Os166,Mix,Kurta,0.3,395.0,1895.0,1895.0,1895.0,1895.0,1895.0,1895.0,1895.0,1895.0,1895.0,1895.0,1500.0,379.746835443038,False
898,Os166_M,Os166,Mix,Kurta,0.3,395.0,1895.0,1895.0,1895.0,1895.0,1895.0,1895.0,1895.0,1895.0,1895.0,1895.0,1500.0,379.746835443038,False
899,Os166_L,Os166,Mix,Kurta,0.3,395.0,1895.0,1895.0,1895.0,1895.0,1895.0,1895.0,1895.0,1895.0,1895.0,1895.0,1500.0,379.746835443038,False
900,Os166_XL,Os166,Mix,Kurta,0.3,395.0,1895.0,1895.0,1895.0,1895.0,1895.0,1895.0,1895.0,1895.0,1895.0,1895.0,1500.0,379.746835443038,False
901,Os166_2XL,Os166,Mix,Kurta,0.3,395.0,1895.0,1895.0,1895.0,1895.0,1895.0,1895.0,1895.0,1895.0,1895.0,1895.0,1500.0,379.746835443038,False
902,Os166_3XL,Os166,Mix,Kurta,0.3,395.0,1895.0,1895.0,1895.0,1895.0,1895.0,1895.0,1895.0,1895.0,1895.0,1895.0,1500.0,379.746835443038,False
903,Os165_S,Os165,Mix,Kurta,0.3,385.0,1895.0,1895.0,1895.0,1895.0,1895.0,1895.0,1895.0,1895.0,1895.0,1895.0,1510.0,392.20779220779224,False
904,Os165_M,Os165,Mix,Kurta,0.3,385.0,1895.0,1895.0,1895.0,1895.0,1895.0,1895.0,1895.0,1895.0,1895.0,1895.0,1510.0,392.20779220779224,False
905,Os165_L,Os165,Mix,Kurta,0.3,385.0,1895.0,1895.0,1895.0,1895.0,1895.0,1895.0,1895.0,1895.0,1895.0,1895.0,1510.0,392.20779220779224,False
906,Os165_XL,Os165,Mix,Kurta,0.3,385.0,1895.0,1895.0,1895.0,1895.0,1895.0,1895.0,1895.0,1895.0,1895.0,1895.0,1510.0,392.20779220779224,False
907,Os165_2XL,Os165,Mix,Kurta,0.3,385.0,1895.0,1895.0,1895.0,1895.0,1895.0,1895.0,1895.0,1895.0,1895.0,1895.0,1510.0,392.20779220779224,False
908,Os165_3XL,Os165,Mix,Kurta,0.3,385.0,1895.0,1895.0,1895.0,1895.0,1895.0,1895.0,1895.0,1895.0,1895.0,1895.0,1510.0,392.20779220779224,False
909,Os159_S,Os159,Mix,Kurta,0.3,385.0,1895.0,1895.0,1895.0,1895.0,1895.0,1895.0,1895.0,1895.0,1895.0,1895.0,1510.0,392.20779220779224,False
910,Os159_M,Os159,Mix,Kurta,0.3,385.0,1895.0,1895.0,1895.0,1895.0,1895.0,1895.0,1895.0,1895.0,1895.0,1895.0,1510.0,392.20779220779224,False
911,Os159_L,Os159,Mix,Kurta,0.3,385.0,1895.0,1895.0,1895.0,1895.0,1895.0,1895.0,1895.0,1895.0,1895.0,1895.0,1510.0,392.20779220779224,False
912,Os159_XL,Os159,Mix,Kurta,0.3,385.0,1895.0,1895.0,1895.0,1895.0,1895.0,1895.0,1895.0,1895.0,1895.0,1895.0,1510.0,392.20779220779224,False
913,Os159_2XL,Os159,Mix,Kurta,0.3,385.0,1895.0,1895.0,1895.0,1895.0,1895.0,1895.0,1895.0,1895.0,1895.0,1895.0,1510.0,392.20779220779224,False
914,Os159_3XL,Os159,Mix,Kurta,0.3,385.0,1895.0,1895.0,1895.0,1895.0,1895.0,1895.0,1895.0,1895.0,1895.0,1895.0,1510.0,392.20779220779224,False
915,Os268_S,Os268,Mix,Kurta,0.3,220.0,1395.0,1395.0,1395.0,1395.0,1395.0,1395.0,1395.0,1395.0,1395.0,1395.0,1175.0,534.0909090909091,False
916,Os268_M,Os268,Mix,Kurta,0.3,220.0,1395.0,1395.0,1395.0,1395.0,1395.0,1395.0,1395.0,1395.0,1395.0,1395.0,1175.0,534.0909090909091,False
917,Os268_L,Os268,Mix,Kurta,0.3,220.0,1395.0,1395.0,1395.0,1395.0,1395.0,1395.0,1395.0,1395.0,1395.0,1395.0,1175.0,534.0909090909091,False
918,Os268_XL,Os268,Mix,Kurta,0.3,220.0,1395.0,1395.0,1395.0,1395.0,1395.0,1395.0,1395.0,1395.0,1395.0,1395.0,1175.0,534.0909090909091,False
919,Os268_2XL,Os268,Mix,Kurta,0.3,220.0,1395.0,1395.0,1395.0,1395.0,1395.0,1395.0,1395.0,1395.0,1395.0,1395.0,1175.0,534.0909090909091,False
920,Os268_3XL,Os268,Mix,Kurta,0.3,220.0,1395.0,1395.0,1395.0,1395.0,1395.0,1395.0,1395.0,1395.0,1395.0,1395.0,1175.0,534.0909090909091,False
921,Os1073_S,Os1073,Mix,Kurta,0.3,500.0,2095.0,2095.0,2095.0,2095.0,2095.0,2095.0,2095.0,2095.0,2095.0,2095.0,1595.0,319.0,False
922,Os1073_M,Os1073,Mix,Kurta,0.3,500.0,2095.0,2095.0,2095.0,2095.0,2095.0,2095.0,2095.0,2095.0,2095.0,2095.0,1595.0,319.0,False
923,Os1073_L,Os1073,Mix,Kurta,0.3,500.0,2095.0,2095.0,2095.0,2095.0,2095.0,2095.0,2095.0,2095.0,2095.0,2095.0,1595.0,319.0,False
924,Os1073_XL,Os1073,Mix,Kurta,0.3,500.0,2095.0,2095.0,2095.0,2095.0,2095.0,2095.0,2095.0,2095.0,2095.0,2095.0,1595.0,319.0,False
925,Os1073_2XL,Os1073,Mix,Kurta,0.3,500.0,2095.0,2095.0,2095.0,2095.0,2095.0,2095.0,2095.0,2095.0,2095.0,2095.0,1595.0,319.0,False
926,Os1073_3XL,Os1073,Mix,Kurta,0.3,500.0,2095.0,2095.0,2095.0,2095.0,2095.0,2095.0,2095.0,2095.0,2095.0,2095.0,1595.0,319.0,False
927,Os1101_S,Os1101,Surmaya,Kurta Set,0.4,1035.0,2295.0,2295.0,2295.0,2295.0,2295.0,2295.0,2295.0,2295.0,2295.0,2295.0,1260.0,121.73913043478262,False
928,Os1101_M,Os1101,Surmaya,Kurta Set,0.4,1035.0,2295.0,2295.0,2295.0,2295.0,2295.0,2295.0,2295.0,2295.0,2295.0,2295.0,1260.0,121.73913043478262,False
929,Os1101_L,Os1101,Surmaya,Kurta Set,0.4,1035.0,2295.0,2295.0,2295.0,2295.0,2295.0,2295.0,2295.0,2295.0,2295.0,2295.0,1260.0,121.73913043478262,False
930,Os1101_XL,Os1101,Surmaya,Kurta Set,0.4,1035.0,2295.0,2295.0,2295.0,2295.0,2295.0,2295.0,2295.0,2295.0,2295.0,2295.0,1260.0,121.73913043478262,False
931,Os1101_2XL,Os1101,Surmaya,Kurta Set,0.4,1035.0,2295.0,2295.0,2295.0,2295.0,2295.0,2295.0,2295.0,2295.0,2295.0,2295.0,1260.0,121.73913043478262,False
932,Os1101_3XL,Os1101,Surmaya,Kurta Set,0.4,1035.0,2295.0,2295.0,2295.0,2295.0,2295.0,2295.0,2295.0,2295.0,2295.0,2295.0,1260.0,121.73913043478262,False
933,Os1055_S,Os1055,Surmaya,Kurta Set,0.4,975.0,2150.0,2150.0,2150.0,2150.0,2150.0,2150.0,2150.0,2150.0,2150.0,2150.0,1175.0,120.51282051282051,False
934,Os1055_M,Os1055,Surmaya,Kurta Set,0.4,975.0,2150.0,2150.0,2150.0,2150.0,2150.0,2150.0,2150.0,2150.0,2150.0,2150.0,1175.0,120.51282051282051,False
935,Os1055_L,Os1055,Surmaya,Kurta Set,0.4,975.0,2150.0,2150.0,2150.0,2150.0,2150.0,2150.0,2150.0,2150.0,2150.0,2150.0,1175.0,120.51282051282051,False
936,Os1055_XL,Os1055,Surmaya,Kurta Set,0.4,975.0,2150.0,2150.0,2150.0,2150.0,2150.0,2150.0,2150.0,2150.0,2150.0,2150.0,1175.0,120.51282051282051,False
937,Os1055_2XL,Os1055,Surmaya,Kurta Set,0.4,975.0,2150.0,2150.0,2150.0,2150.0,2150.0,2150.0,2150.0,2150.0,2150.0,2150.0,1175.0,120.51282051282051,False
938,Os1055_3XL,Os1055,Surmaya,Kurta Set,0.4,975.0,2150.0,2150.0,2150.0,2150.0,2150.0,2150.0,2150.0,2150.0,2150.0,2150.0,1175.0,120.51282051282051,False
939,Os1147_S,OS1147,Surmaya,Kurta Set,0.4,1150.0,2695.0,2695.0,2695.0,2695.0,2695.0,2695.0,2695.0,2695.0,2695.0,2695.0,1545.0,134.34782608695653,False
940,Os1147_M,OS1147,Surmaya,Kurta Set,0.4,1150.0,2695.0,2695.0,2695.0,2695.0,2695.0,2695.0,2695.0,2695.0,2695.0,2695.0,1545.0,134.34782608695653,False
941,Os1147_L,OS1147,Surmaya,Kurta Set,0.4,1150.0,2695.0,2695.0,2695.0,2695.0,2695.0,2695.0,2695.0,2695.0,2695.0,2695.0,1545.0,134.34782608695653,False
942,Os1147_XL,OS1147,Surmaya,Kurta Set,0.4,1150.0,2695.0,2695.0,2695.0,2695.0,2695.0,2695.0,2695.0,2695.0,2695.0,2695.0,1545.0,134.34782608695653,False
943,Os1147_2XL,OS1147,Surmaya,Kurta Set,0.4,1150.0,2695.0,2695.0,2695.0,2695.0,2695.0,2695.0,2695.0,2695.0,2695.0,2695.0,1545.0,134.34782608695653,False
944,Os1147_3XL,OS1147,Surmaya,Kurta Set,0.4,1150.0,2695.0,2695.0,2695.0,2695.0,2695.0,2695.0,2695.0,2695.0,2695.0,2695.0,1545.0,134.34782608695653,False
945,Os1113_S,Os1113,Surmaya,Kurta Set,0.4,930.0,2195.0,2195.0,2195.0,2195.0,2195.0,2195.0,2195.0,2195.0,2195.0,2195.0,1265.0,136.02150537634407,False
946,Os1113_M,Os1113,Surmaya,Kurta Set,0.4,930.0,2195.0,2195.0,2195.0,2195.0,2195.0,2195.0,2195.0,2195.0,2195.0,2195.0,1265.0,136.02150537634407,False
947,Os1113_L,Os1113,Surmaya,Kurta Set,0.4,930.0,2195.0,2195.0,2195.0,2195.0,2195.0,2195.0,2195.0,2195.0,2195.0,2195.0,1265.0,136.02150537634407,False
948,Os1113_XL,Os1113,Surmaya,Kurta Set,0.4,930.0,2195.0,2195.0,2195.0,2195.0,2195.0,2195.0,2195.0,2195.0,2195.0,2195.0,1265.0,136.02150537634407,False
949,Os1113_2XL,Os1113,Surmaya,Kurta Set,0.4,930.0,2195.0,2195.0,2195.0,2195.0,2195.0,2195.0,2195.0,2195.0,2195.0,2195.0,1265.0,136.02150537634407,False
950,Os1113_3XL,Os1113,Surmaya,Kurta Set,0.4,930.0,2195.0,2195.0,2195.0,2195.0,2195.0,2195.0,2195.0,2195.0,2195.0,2195.0,1265.0,136.02150537634407,False
951,Os1108_S,Os1108,Surmaya,Kurta Set,0.4,780.0,1795.0,1795.0,1795.0,1795.0,1795.0,1795.0,1795.0,1795.0,1795.0,1795.0,1015.0,130.12820512820514,False
952,Os1108_M,Os1108,Surmaya,Kurta Set,0.4,780.0,1795.0,1795.0,1795.0,1795.0,1795.0,1795.0,1795.0,1795.0,1795.0,1795.0,1015.0,130.12820512820514,False
953,Os1108_L,Os1108,Surmaya,Kurta Set,0.4,780.0,1795.0,1795.0,1795.0,1795.0,1795.0,1795.0,1795.0,1795.0,1795.0,1795.0,1015.0,130.12820512820514,False
954,Os1108_XL,Os1108,Surmaya,Kurta Set,0.4,780.0,1795.0,1795.0,1795.0,1795.0,1795.0,1795.0,1795.0,1795.0,1795.0,1795.0,1015.0,130.12820512820514,False
955,Os1108_2XL,Os1108,Surmaya,Kurta Set,0.4,780.0,1795.0,1795.0,1795.0,1795.0,1795.0,1795.0,1795.0,1795.0,1795.0,1795.0,1015.0,130.12820512820514,False
956,Os1108_3XL,Os1108,Surmaya,Kurta Set,0.4,780.0,1795.0,1795.0,1795.0,1795.0,1795.0,1795.0,1795.0,1795.0,1795.0,1795.0,1015.0,130.12820512820514,False
957,Os274_XS,Os274,Mix,Tops,0.2,340.0,1695.0,1695.0,1695.0,1695.0,1695.0,1695.0,1695.0,1695.0,1695.0,1695.0,1355.0,398.5294117647059,False
958,Os274_S,Os274,Mix,Tops,0.2,340.0,1695.0,1695.0,1695.0,1695.0,1695.0,1695.0,1695.0,1695.0,1695.0,1695.0,1355.0,398.5294117647059,False
959,Os274_M,Os274,Mix,Tops,0.2,340.0,1695.0,1695.0,1695.0,1695.0,1695.0,1695.0,1695.0,1695.0,1695.0,1695.0,1355.0,398.5294117647059,False
960,Os274_L,Os274,Mix,Tops,0.2,340.0,1695.0,1695.0,1695.0,1695.0,1695.0,1695.0,1695.0,1695.0,1695.0,1695.0,1355.0,398.5294117647059,False
961,Os274_XL,Os274,Mix,Tops,0.2,340.0,1695.0,1695.0,1695.0,1695.0,1695.0,1695.0,1695.0,1695.0,1695.0,1695.0,1355.0,398.5294117647059,False
962,Os143_XS,Os143,Mix,Tops,0.2,425.0,1795.0,1795.0,1995.0,1995.0,1995.0,1795.0,1795.0,1795.0,1795.0,1795.0,1370.0,322.3529411764706,False
963,Os143_S,Os143,Mix,Tops,0.2,425.0,1795.0,1795.0,1995.0,1995.0,1995.0,1795.0,1795.0,1795.0,1795.0,1795.0,1370.0,322.3529411764706,False
964,Os143_M,Os143,Mix,Tops,0.2,425.0,1795.0,1795.0,1995.0,1995.0,1995.0,1795.0,1795.0,1795.0,1795.0,1795.0,1370.0,322.3529411764706,False
965,Os143_L,Os143,Mix,Tops,0.2,425.0,1795.0,1795.0,1995.0,1995.0,1995.0,1795.0,1795.0,1795.0,1795.0,1795.0,1370.0,322.3529411764706,False
966,Os143_XL,Os143,Mix,Tops,0.2,425.0,1795.0,1795.0,1995.0,1995.0,1995.0,1795.0,1795.0,1795.0,1795.0,1795.0,1370.0,322.3529411764706,False
967,Os291_S,Os291,Mix,Kurta,0.3,440.0,1795.0,1795.0,1795.0,2195.0,2195.0,2295.0,1795.0,1795.0,1795.0,1795.0,1355.0,307.95454545454544,False
968,Os291_M,Os291,Mix,Kurta,0.3,440.0,1795.0,1795.0,1795.0,2195.0,2195.0,2295.0,1795.0,1795.0,1795.0,1795.0,1355.0,307.95454545454544,False
969,Os291_L,Os291,Mix,Kurta,0.3,440.0,1795.0,1795.0,1795.0,2195.0,2195.0,2295.0,1795.0,1795.0,1795.0,1795.0,1355.0,307.95454545454544,False
970,Os291_XL,Os291,Mix,Kurta,0.3,440.0,1795.0,1795.0,1795.0,2195.0,2195.0,2295.0,1795.0,1795.0,1795.0,1795.0,1355.0,307.95454545454544,False
971,Os291_2XL,Os291,Mix,Kurta,0.3,440.0,1795.0,1795.0,1795.0,2195.0,2195.0,2295.0,1795.0,1795.0,1795.0,1795.0,1355.0,307.95454545454544,False
972,Os291_3XL,Os291,Mix,Kurta,0.3,440.0,1795.0,1795.0,1795.0,2195.0,2195.0,2295.0,1795.0,1795.0,1795.0,1795.0,1355.0,307.95454545454544,False
973,Os1063_S,Os1063,Mix,Kurta,0.3,540.0,2395.0,2395.0,2395.0,2695.0,2695.0,2695.0,2395.0,2395.0,2395.0,2395.0,1855.0,343.51851851851853,False
974,Os1063_M,Os1063,Mix,Kurta,0.3,540.0,2395.0,2395.0,2395.0,2695.0,2695.0,2695.0,2395.0,2395.0,2395.0,2395.0,1855.0,343.51851851851853,False
975,Os1063_L,Os1063,Mix,Kurta,0.3,540.0,2395.0,2395.0,2395.0,2695.0,2695.0,2695.0,2395.0,2395.0,2395.0,2395.0,1855.0,343.51851851851853,False
976,Os1063_XL,Os1063,Mix,Kurta,0.3,540.0,2395.0,2395.0,2395.0,2695.0,2695.0,2695.0,2395.0,2395.0,2395.0,2395.0,1855.0,343.51851851851853,False
977,Os1063_2XL,Os1063,Mix,Kurta,0.3,540.0,2395.0,2395.0,2395.0,2695.0,2695.0,2695.0,2395.0,2395.0,2395.0,2395.0,1855.0,343.51851851851853,False
978,Os1063_3XL,Os1063,Mix,Kurta,0.3,540.0,2395.0,2395.0,2395.0,2695.0,2695.0,2695.0,2395.0,2395.0,2395.0,2395.0,1855.0,343.51851851851853,False
979,Os1075_S,Os1075,Mix,Kurta,0.3,550.0,2495.0,2495.0,2495.0,2795.0,2795.0,2795.0,2495.0,2495.0,2495.0,2495.0,1945.0,353.6363636363636,False
980,Os1075_M,Os1075,Mix,Kurta,0.3,550.0,2495.0,2495.0,2495.0,2795.0,2795.0,2795.0,2495.0,2495.0,2495.0,2495.0,1945.0,353.6363636363636,False
981,Os1075_L,Os1075,Mix,Kurta,0.3,550.0,2495.0,2495.0,2495.0,2795.0,2795.0,2795.0,2495.0,2495.0,2495.0,2495.0,1945.0,353.6363636363636,False
982,Os1075_XL,Os1075,Mix,Kurta,0.3,550.0,2495.0,2495.0,2495.0,2795.0,2795.0,2795.0,2495.0,2495.0,2495.0,2495.0,1945.0,353.6363636363636,False
983,Os1075_2XL,Os1075,Mix,Kurta,0.3,550.0,2495.0,2495.0,2495.0,2795.0,2795.0,2795.0,2495.0,2495.0,2495.0,2495.0,1945.0,353.6363636363636,False
984,Os1075_3XL,Os1075,Mix,Kurta,0.3,550.0,2495.0,2495.0,2495.0,2795.0,2795.0,2795.0,2495.0,2495.0,2495.0,2495.0,1945.0,353.6363636363636,False
985,Os285_XS,Os285,Mix,Tops,0.2,314.0,1595.0,1595.0,1595.0,1595.0,1595.0,1595.0,1595.0,1597.0,1595.0,1595.0,1281.0,407.96178343949043,False
986,Os285_S,Os285,Mix,Tops,0.2,314.0,1595.0,1595.0,1595.0,1595.0,1595.0,1595.0,1595.0,1597.0,1595.0,1595.0,1281.0,407.96178343949043,False
987,Os285_M,Os285,Mix,Tops,0.2,314.0,1595.0,1595.0,1595.0,1595.0,1595.0,1595.0,1595.0,1597.0,1595.0,1595.0,1281.0,407.96178343949043,False
988,Os285_L,Os285,Mix,Tops,0.2,314.0,1595.0,1595.0,1595.0,1595.0,1595.0,1595.0,1595.0,1597.0,1595.0,1595.0,1281.0,407.96178343949043,False
989,Os285_XL,Os285,Mix,Tops,0.2,314.0,1595.0,1595.0,1595.0,1595.0,1595.0,1595.0,1595.0,1597.0,1595.0,1595.0,1281.0,407.96178343949043,False
990,Os115_S,Os115,Mix,Kurta,0.3,425.0,1995.0,1995.0,1995.0,1995.0,1995.0,1995.0,1995.0,1995.0,1995.0,1995.0,1570.0,369.4117647058824,False
991,Os115_M,Os115,Mix,Kurta,0.3,425.0,1995.0,1995.0,1995.0,1995.0,1995.0,1995.0,1995.0,1995.0,1995.0,1995.0,1570.0,369.4117647058824,False
992,Os115_L,Os115,Mix,Kurta,0.3,425.0,1995.0,1995.0,1995.0,1995.0,1995.0,1995.0,1995.0,1995.0,1995.0,1995.0,1570.0,369.4117647058824,False
993,Os115_XL,Os115,Mix,Kurta,0.3,425.0,1995.0,1995.0,1995.0,1995.0,1995.0,1995.0,1995.0,1995.0,1995.0,1995.0,1570.0,369.4117647058824,False
994,Os115_2XL,Os115,Mix,Kurta,0.3,425.0,1995.0,1995.0,1995.0,1995.0,1995.0,1995.0,1995.0,1995.0,1995.0,1995.0,1570.0,369.4117647058824,False
995,Os115_3XL,Os115,Mix,Kurta,0.3,425.0,1995.0,1995.0,1995.0,1995.0,1995.0,1995.0,1995.0,1995.0,1995.0,1995.0,1570.0,369.4117647058824,False
996,Os118_S,Os118,Mix,Kurta,0.3,395.0,1895.0,1895.0,1895.0,1895.0,1895.0,1895.0,1895.0,1895.0,1895.0,1895.0,1500.0,379.746835443038,False
997,Os118_M,Os118,Mix,Kurta,0.3,395.0,1895.0,1895.0,1895.0,1895.0,1895.0,1895.0,1895.0,1895.0,1895.0,1895.0,1500.0,379.746835443038,False
998,Os118_L,Os118,Mix,Kurta,0.3,395.0,1895.0,1895.0,1895.0,1895.0,1895.0,1895.0,1895.0,1895.0,1895.0,1895.0,1500.0,379.746835443038,False
999,Os118_XL,Os118,Mix,Kurta,0.3,395.0,1895.0,1895.0,1895.0,1895.0,1895.0,1895.0,1895.0,1895.0,1895.0,1895.0,1500.0,379.746835443038,False
1000,Os118_2XL,Os118,Mix,Kurta,0.3,395.0,1895.0,1895.0,1895.0,1895.0,1895.0,1895.0,1895.0,1895.0,1895.0,1895.0,1500.0,379.746835443038,False
1001,Os118_3XL,Os118,Mix,Kurta,0.3,395.0,1895.0,1895.0,1895.0,1895.0,1895.0,1895.0,1895.0,1895.0,1895.0,1895.0,1500.0,379.746835443038,False
1002,Os125_S,Os125,Mix,Kurta,0.3,450.0,2095.0,2095.0,2095.0,2095.0,2095.0,2095.0,2095.0,2095.0,2095.0,2095.0,1645.0,365.55555555555554,False
1003,Os125_M,Os125,Mix,Kurta,0.3,450.0,2095.0,2095.0,2095.0,2095.0,2095.0,2095.0,2095.0,2095.0,2095.0,2095.0,1645.0,365.55555555555554,False
1004,Os125_L,Os125,Mix,Kurta,0.3,450.0,2095.0,2095.0,2095.0,2095.0,2095.0,2095.0,2095.0,2095.0,2095.0,2095.0,1645.0,365.55555555555554,False
1005,Os125_XL,Os125,Mix,Kurta,0.3,450.0,2095.0,2095.0,2095.0,2095.0,2095.0,2095.0,2095.0,2095.0,2095.0,2095.0,1645.0,365.55555555555554,False
1006,Os125_2XL,Os125,Mix,Kurta,0.3,450.0,2095.0,2095.0,2095.0,2095.0,2095.0,2095.0,2095.0,2095.0,2095.0,2095.0,1645.0,365.55555555555554,False
1007,Os125_3XL,Os125,Mix,Kurta,0.3,450.0,2095.0,2095.0,2095.0,2095.0,2095.0,2095.0,2095.0,2095.0,2095.0,2095.0,1645.0,365.55555555555554,False
1008,Os127_S,Os127,Mix,Kurta,0.3,425.0,1995.0,1995.0,1995.0,1995.0,1995.0,1995.0,1995.0,1995.0,1995.0,1995.0,1570.0,369.4117647058824,False
1009,Os127_M,Os127,Mix,Kurta,0.3,425.0,1995.0,1995.0,1995.0,1995.0,1995.0,1995.0,1995.0,1995.0,1995.0,1995.0,1570.0,369.4117647058824,False
1010,Os127_L,Os127,Mix,Kurta,0.3,425.0,1995.0,1995.0,1995.0,1995.0,1995.0,1995.0,1995.0,1995.0,1995.0,1995.0,1570.0,369.4117647058824,False
1011,Os127_XL,Os127,Mix,Kurta,0.3,425.0,1995.0,1995.0,1995.0,1995.0,1995.0,1995.0,1995.0,1995.0,1995.0,1995.0,1570.0,369.4117647058824,False
1012,Os127_2XL,Os127,Mix,Kurta,0.3,425.0,1995.0,1995.0,1995.0,1995.0,1995.0,1995.0,1995.0,1995.0,1995.0,1995.0,1570.0,369.4117647058824,False
1013,Os127_3XL,Os127,Mix,Kurta,0.3,425.0,1995.0,1995.0,1995.0,1995.0,1995.0,1995.0,1995.0,1995.0,1995.0,1995.0,1570.0,369.4117647058824,False
1014,Os133_S,Os133,Mix,Kurta Set,0.4,790.0,3495.0,3495.0,3495.0,3495.0,3495.0,3495.0,3495.0,3495.0,3495.0,3495.0,2705.0,342.40506329113924,False
1015,Os133_M,Os133,Mix,Kurta Set,0.4,790.0,3495.0,3495.0,3495.0,3495.0,3495.0,3495.0,3495.0,3495.0,3495.0,3495.0,2705.0,342.40506329113924,False
1016,Os133_L,Os133,Mix,Kurta Set,0.4,790.0,3495.0,3495.0,3495.0,3495.0,3495.0,3495.0,3495.0,3495.0,3495.0,3495.0,2705.0,342.40506329113924,False
1017,Os133_XL,Os133,Mix,Kurta Set,0.4,790.0,3495.0,3495.0,3495.0,3495.0,3495.0,3495.0,3495.0,3495.0,3495.0,3495.0,2705.0,342.40506329113924,False
1018,Os133_2XL,Os133,Mix,Kurta Set,0.4,790.0,3495.0,3495.0,3495.0,3495.0,3495.0,3495.0,3495.0,3495.0,3495.0,3495.0,2705.0,342.40506329113924,False
1019,Os133_3XL,Os133,Mix,Kurta Set,0.4,790.0,3495.0,3495.0,3495.0,3495.0,3495.0,3495.0,3495.0,3495.0,3495.0,3495.0,2705.0,342.40506329113924,False
1020,Os134_S,Os134,Mix,Kurta Set,0.4,790.0,3495.0,3495.0,3495.0,3495.0,3495.0,3495.0,3495.0,3495.0,3495.0,3495.0,2705.0,342.40506329113924,False
1021,Os134_M,Os134,Mix,Kurta Set,0.4,790.0,3495.0,3495.0,3495.0,3495.0,3495.0,3495.0,3495.0,3495.0,3495.0,3495.0,2705.0,342.40506329113924,False
1022,Os134_L,Os134,Mix,Kurta Set,0.4,790.0,3495.0,3495.0,3495.0,3495.0,3495.0,3495.0,3495.0,3495.0,3495.0,3495.0,2705.0,342.40506329113924,False
1023,Os134_XL,Os134,Mix,Kurta Set,0.4,790.0,3495.0,3495.0,3495.0,3495.0,3495.0,3495.0,3495.0,3495.0,3495.0,3495.0,2705.0,342.40506329113924,False
1024,Os134_2XL,Os134,Mix,Kurta Set,0.4,790.0,3495.0,3495.0,3495.0,3495.0,3495.0,3495.0,3495.0,3495.0,3495.0,3495.0,2705.0,342.40506329113924,False
1025,Os134_3XL,Os134,Mix,Kurta Set,0.4,790.0,3495.0,3495.0,3495.0,3495.0,3495.0,3495.0,3495.0,3495.0,3495.0,3495.0,2705.0,342.40506329113924,False
1026,Os136_S,Os136,Mix,Gown,0.4,695.0,3195.0,3195.0,3195.0,3195.0,3195.0,3195.0,3195.0,3195.0,3195.0,3195.0,2500.0,359.71223021582733,False
1027,Os136_M,Os136,Mix,Gown,0.4,695.0,3195.0,3195.0,3195.0,3195.0,3195.0,3195.0,3195.0,3195.0,3195.0,3195.0,2500.0,359.71223021582733,False
1028,Os136_L,Os136,Mix,Gown,0.4,695.0,3195.0,3195.0,3195.0,3195.0,3195.0,3195.0,3195.0,3195.0,3195.0,3195.0,2500.0,359.71223021582733,False
1029,Os136_XL,Os136,Mix,Gown,0.4,695.0,3195.0,3195.0,3195.0,3195.0,3195.0,3195.0,3195.0,3195.0,3195.0,3195.0,2500.0,359.71223021582733,False
1030,Os136_2XL,Os136,Mix,Gown,0.4,695.0,3195.0,3195.0,3195.0,3195.0,3195.0,3195.0,3195.0,3195.0,3195.0,3195.0,2500.0,359.71223021582733,False
1031,Os136_3XL,Os136,Mix,Gown,0.4,695.0,3195.0,3195.0,3195.0,3195.0,3195.0,3195.0,3195.0,3195.0,3195.0,3195.0,2500.0,359.71223021582733,False
1032,Os1056_S,Os1056,Surmaya,Kurta Set,0.4,1295.0,5395.0,5395.0,5395.0,5395.0,5395.0,5395.0,5395.0,5395.0,5395.0,5395.0,4100.0,316.6023166023166,True
1033,Os1056_M,Os1056,Surmaya,Kurta Set,0.4,1295.0,5395.0,5395.0,5395.0,5395.0,5395.0,5395.0,5395.0,5395.0,5395.0,5395.0,4100.0,316.6023166023166,True
1034,Os1056_L,Os1056,Surmaya,Kurta Set,0.4,1295.0,5395.0,5395.0,5395.0,5395.0,5395.0,5395.0,5395.0,5395.0,5395.0,5395.0,4100.0,316.6023166023166,True
1035,Os1056_XL,Os1056,Surmaya,Kurta Set,0.4,1295.0,5395.0,5395.0,5395.0,5395.0,5395.0,5395.0,5395.0,5395.0,5395.0,5395.0,4100.0,316.6023166023166,True
1036,Os1056_2XL,Os1056,Surmaya,Kurta Set,0.4,1295.0,5395.0,5395.0,5395.0,5395.0,5395.0,5395.0,5395.0,5395.0,5395.0,5395.0,4100.0,316.6023166023166,True
1037,Os1056_3XL,Os1056,Surmaya,Kurta Set,0.4,1295.0,5395.0,5395.0,5395.0,5395.0,5395.0,5395.0,5395.0,5395.0,5395.0,5395.0,4100.0,316.6023166023166,True
1038,Os1066_S,Os1066,Surmaya,Kurta Set,0.4,1150.0,4895.0,4895.0,4895.0,4895.0,4895.0,4895.0,4895.0,4895.0,4895.0,4895.0,3745.0,325.6521739130435,True
1039,Os1066_M,Os1066,Surmaya,Kurta Set,0.4,1150.0,4895.0,4895.0,4895.0,4895.0,4895.0,4895.0,4895.0,4895.0,4895.0,4895.0,3745.0,325.6521739130435,True
1040,Os1066_L,Os1066,Surmaya,Kurta Set,0.4,1150.0,4895.0,4895.0,4895.0,4895.0,4895.0,4895.0,4895.0,4895.0,4895.0,4895.0,3745.0,325.6521739130435,True
1041,Os1066_XL,Os1066,Surmaya,Kurta Set,0.4,1150.0,4895.0,4895.0,4895.0,4895.0,4895.0,4895.0,4895.0,4895.0,4895.0,4895.0,3745.0,325.6521739130435,True
1042,Os1066_2XL,Os1066,Surmaya,Kurta Set,0.4,1150.0,4895.0,4895.0,4895.0,4895.0,4895.0,4895.0,4895.0,4895.0,4895.0,4895.0,3745.0,325.6521739130435,True
1043,Os1066_3XL,Os1066,Surmaya,Kurta Set,0.4,1150.0,4895.0,4895.0,4895.0,4895.0,4895.0,4895.0,4895.0,4895.0,4895.0,4895.0,3745.0,325.6521739130435,True
1044,Os1103_S,Os1103,Surmaya,Gown,0.4,995.0,4295.0,4295.0,4295.0,4295.0,4295.0,4295.0,4295.0,4295.0,4295.0,4295.0,3300.0,331.65829145728645,True
1045,Os1103_M,Os1103,Surmaya,Gown,0.4,995.0,4295.0,4295.0,4295.0,4295.0,4295.0,4295.0,4295.0,4295.0,4295.0,4295.0,3300.0,331.65829145728645,True
1046,Os1103_L,Os1103,Surmaya,Gown,0.4,995.0,4295.0,4295.0,4295.0,4295.0,4295.0,4295.0,4295.0,4295.0,4295.0,4295.0,3300.0,331.65829145728645,True
1047,Os1103_XL,Os1103,Surmaya,Gown,0.4,995.0,4295.0,4295.0,4295.0,4295.0,4295.0,4295.0,4295.0,4295.0,4295.0,4295.0,3300.0,331.65829145728645,True
1048,Os1103_2XL,Os1103,Surmaya,Gown,0.4,995.0,4295.0,4295.0,4295.0,4295.0,4295.0,4295.0,4295.0,4295.0,4295.0,4295.0,3300.0,331.65829145728645,True
1049,Os1103_3XL,Os1103,Surmaya,Gown,0.4,995.0,4295.0,4295.0,4295.0,4295.0,4295.0,4295.0,4295.0,4295.0,4295.0,4295.0,3300.0,331.65829145728645,True
1050,Os1119_S,Os1119,Surmaya,Kurta Set,0.4,1150.0,4895.0,4895.0,4895.0,4895.0,4895.0,4895.0,4895.0,4895.0,4895.0,4895.0,3745.0,325.6521739130435,True
1051,Os1119_M,Os1119,Surmaya,Kurta Set,0.4,1150.0,4895.0,4895.0,4895.0,4895.0,4895.0,4895.0,4895.0,4895.0,4895.0,4895.0,3745.0,325.6521739130435,True
1052,Os1119_L,Os1119,Surmaya,Kurta Set,0.4,1150.0,4895.0,4895.0,4895.0,4895.0,4895.0,4895.0,4895.0,4895.0,4895.0,4895.0,3745.0,325.6521739130435,True
1053,Os1119_XL,Os1119,Surmaya,Kurta Set,0.4,1150.0,4895.0,4895.0,4895.0,4895.0,4895.0,4895.0,4895.0,4895.0,4895.0,4895.0,3745.0,325.6521739130435,True
1054,Os1119_2XL,Os1119,Surmaya,Kurta Set,0.4,1150.0,4895.0,4895.0,4895.0,4895.0,4895.0,4895.0,4895.0,4895.0,4895.0,4895.0,3745.0,325.6521739130435,True
1055,Os1119_3XL,Os1119,Surmaya,Kurta Set,0.4,1150.0,4895.0,4895.0,4895.0,4895.0,4895.0,4895.0,4895.0,4895.0,4895.0,4895.0,3745.0,325.6521739130435,True
1056,Os287_S,Os287,Mix,Kurta Set,0.4,695.0,3495.0,3495.0,3495.0,3495.0,3495.0,3495.0,3495.0,3195.0,3495.0,3495.0,2800.0,402.8776978417266,False
1057,Os287_M,Os287,Mix,Kurta Set,0.4,695.0,3495.0,3495.0,3495.0,3495.0,3495.0,3495.0,3495.0,3195.0,3495.0,3495.0,2800.0,402.8776978417266,False
1058,Os287_L,Os287,Mix,Kurta Set,0.4,695.0,3495.0,3495.0,3495.0,3495.0,3495.0,3495.0,3495.0,3195.0,3495.0,3495.0,2800.0,402.8776978417266,False
1059,Os287_XL,Os287,Mix,Kurta Set,0.4,695.0,3495.0,3495.0,3495.0,3495.0,3495.0,3495.0,3495.0,3195.0,3495.0,3495.0,2800.0,402.8776978417266,False
1060,Os287_2XL,Os287,Mix,Kurta Set,0.4,695.0,3495.0,3495.0,3495.0,3495.0,3495.0,3495.0,3495.0,3195.0,3495.0,3495.0,2800.0,402.8776978417266,False
1061,Os287_3XL,Os287,Mix,Kurta Set,0.4,695.0,3495.0,3495.0,3495.0,3495.0,3495.0,3495.0,3495.0,3195.0,3495.0,3495.0,2800.0,402.8776978417266,False
1062,Os287KR_S,Os287KR,Mix,Kurta,0.3,425.0,2195.0,2195.0,2195.0,2195.0,2195.0,2195.0,2195.0,2195.0,2195.0,2195.0,1770.0,416.47058823529414,False
1063,Os287KR_M,Os287KR,Mix,Kurta,0.3,425.0,2195.0,2195.0,2195.0,2195.0,2195.0,2195.0,2195.0,2195.0,2195.0,2195.0,1770.0,416.47058823529414,False
1064,Os287KR_L,Os287KR,Mix,Kurta,0.3,425.0,2195.0,2195.0,2195.0,2195.0,2195.0,2195.0,2195.0,2195.0,2195.0,2195.0,1770.0,416.47058823529414,False
1065,Os287KR_XL,Os287KR,Mix,Kurta,0.3,425.0,2195.0,2195.0,2195.0,2195.0,2195.0,2195.0,2195.0,2195.0,2195.0,2195.0,1770.0,416.47058823529414,False
1066,Os287KR_2XL,Os287KR,Mix,Kurta,0.3,425.0,2195.0,2195.0,2195.0,2195.0,2195.0,2195.0,2195.0,2195.0,2195.0,2195.0,1770.0,416.47058823529414,False
1067,Os287KR_3XL,Os287KR,Mix,Kurta,0.3,425.0,2195.0,2195.0,2195.0,2195.0,2195.0,2195.0,2195.0,2195.0,2195.0,2195.0,1770.0,416.47058823529414,False
1068,Os278_S,Os278,Mix,Kurta Set,0.4,650.0,3295.0,3295.0,3295.0,3295.0,3295.0,3295.0,3295.0,2995.0,3295.0,3295.0,2645.0,406.9230769230769,False
1069,Os278_M,Os278,Mix,Kurta Set,0.4,650.0,3295.0,3295.0,3295.0,3295.0,3295.0,3295.0,3295.0,2995.0,3295.0,3295.0,2645.0,406.9230769230769,False
1070,Os278_L,Os278,Mix,Kurta Set,0.4,650.0,3295.0,3295.0,3295.0,3295.0,3295.0,3295.0,3295.0,2995.0,3295.0,3295.0,2645.0,406.9230769230769,False
1071,Os278_XL,Os278,Mix,Kurta Set,0.4,650.0,3295.0,3295.0,3295.0,3295.0,3295.0,3295.0,3295.0,2995.0,3295.0,3295.0,2645.0,406.9230769230769,False
1072,Os278_2XL,Os278,Mix,Kurta Set,0.4,650.0,3295.0,3295.0,3295.0,3295.0,3295.0,3295.0,3295.0,2995.0,3295.0,3295.0,2645.0,406.9230769230769,False
1073,Os278_3XL,Os278,Mix,Kurta Set,0.4,650.0,3295.0,3295.0,3295.0,3295.0,3295.0,3295.0,3295.0,2995.0,3295.0,3295.0,2645.0,406.9230769230769,False
1074,Os278KR_S,Os278KR,Mix,Kurta,0.3,460.0,2397.0,2397.0,2397.0,2397.0,2397.0,2397.0,2397.0,2397.0,2397.0,2397.0,1937.0,421.08695652173907,False
1075,Os278KR_M,Os278KR,Mix,Kurta,0.3,460.0,2397.0,2397.0,2397.0,2397.0,2397.0,2397.0,2397.0,2397.0,2397.0,2397.0,1937.0,421.08695652173907,False
1076,Os278KR_L,Os278KR,Mix,Kurta,0.3,460.0,2397.0,2397.0,2397.0,2397.0,2397.0,2397.0,2397.0,2397.0,2397.0,2397.0,1937.0,421.08695652173907,False
1077,Os278KR_XL,Os278KR,Mix,Kurta,0.3,460.0,2397.0,2397.0,2397.0,2397.0,2397.0,2397.0,2397.0,2397.0,2397.0,2397.0,1937.0,421.08695652173907,False
1078,Os278KR_2XL,Os278KR,Mix,Kurta,0.3,460.0,2397.0,2397.0,2397.0,2397.0,2397.0,2397.0,2397.0,2397.0,2397.0,2397.0,1937.0,421.08695652173907,False
1079,Os278KR_3XL,Os278KR,Mix,Kurta,0.3,460.0,2397.0,2397.0,2397.0,2397.0,2397.0,2397.0,2397.0,2397.0,2397.0,2397.0,1937.0,421.08695652173907,False
1080,Os277_S,Os277,Mix,Kurta Set,0.4,675.0,3397.0,3397.0,3397.0,3397.0,3397.0,3397.0,3397.0,3095.0,3397.0,3397.0,2722.0,403.2592592592593,False
1081,Os277_M,Os277,Mix,Kurta Set,0.4,675.0,3397.0,3397.0,3397.0,3397.0,3397.0,3397.0,3397.0,3095.0,3397.0,3397.0,2722.0,403.2592592592593,False
1082,Os277_L,Os277,Mix,Kurta Set,0.4,675.0,3397.0,3397.0,3397.0,3397.0,3397.0,3397.0,3397.0,3095.0,3397.0,3397.0,2722.0,403.2592592592593,False
1083,Os277_XL,Os277,Mix,Kurta Set,0.4,675.0,3397.0,3397.0,3397.0,3397.0,3397.0,3397.0,3397.0,3095.0,3397.0,3397.0,2722.0,403.2592592592593,False
1084,Os277_2XL,Os277,Mix,Kurta Set,0.4,675.0,3397.0,3397.0,3397.0,3397.0,3397.0,3397.0,3397.0,3095.0,3397.0,3397.0,2722.0,403.2592592592593,False
1085,Os277_3XL,Os277,Mix,Kurta Set,0.4,675.0,3397.0,3397.0,3397.0,3397.0,3397.0,3397.0,3397.0,3095.0,3397.0,3397.0,2722.0,403.2592592592593,False
1086,Os277KR_S,Os277KR,Mix,Kurta,0.3,440.0,2295.0,2295.0,2295.0,2295.0,2295.0,2295.0,2295.0,2295.0,2295.0,2295.0,1855.0,421.59090909090907,False
1087,Os277KR_M,Os277KR,Mix,Kurta,0.3,440.0,2295.0,2295.0,2295.0,2295.0,2295.0,2295.0,2295.0,2295.0,2295.0,2295.0,1855.0,421.59090909090907,False
1088,Os277KR_L,Os277KR,Mix,Kurta,0.3,440.0,2295.0,2295.0,2295.0,2295.0,2295.0,2295.0,2295.0,2295.0,2295.0,2295.0,1855.0,421.59090909090907,False
1089,Os277KR_XL,Os277KR,Mix,Kurta,0.3,440.0,2295.0,2295.0,2295.0,2295.0,2295.0,2295.0,2295.0,2295.0,2295.0,2295.0,1855.0,421.59090909090907,False
1090,Os277KR_2XL,Os277KR,Mix,Kurta,0.3,440.0,2295.0,2295.0,2295.0,2295.0,2295.0,2295.0,2295.0,2295.0,2295.0,2295.0,1855.0,421.59090909090907,False
1091,Os277KR_3XL,Os277KR,Mix,Kurta,0.3,440.0,2295.0,2295.0,2295.0,2295.0,2295.0,2295.0,2295.0,2295.0,2295.0,2295.0,1855.0,421.59090909090907,False
1092,Os276_S,Os276,Mix,Kurta Set,0.4,695.0,3495.0,3495.0,3495.0,3495.0,3495.0,3495.0,3495.0,3195.0,3495.0,3495.0,2800.0,402.8776978417266,False
1093,Os276_M,Os276,Mix,Kurta Set,0.4,695.0,3495.0,3495.0,3495.0,3495.0,3495.0,3495.0,3495.0,3195.0,3495.0,3495.0,2800.0,402.8776978417266,False
1094,Os276_L,Os276,Mix,Kurta Set,0.4,695.0,3495.0,3495.0,3495.0,3495.0,3495.0,3495.0,3495.0,3195.0,3495.0,3495.0,2800.0,402.8776978417266,False
1095,Os276_XL,Os276,Mix,Kurta Set,0.4,695.0,3495.0,3495.0,3495.0,3495.0,3495.0,3495.0,3495.0,3195.0,3495.0,3495.0,2800.0,402.8776978417266,False
1096,Os276_2XL,Os276,Mix,Kurta Set,0.4,695.0,3495.0,3495.0,3495.0,3495.0,3495.0,3495.0,3495.0,3195.0,3495.0,3495.0,2800.0,402.8776978417266,False
1097,Os276_3XL,Os276,Mix,Kurta Set,0.4,695.0,3495.0,3495.0,3495.0,3495.0,3495.0,3495.0,3495.0,3195.0,3495.0,3495.0,2800.0,402.8776978417266,False
1098,Os276KR_S,Os276KR,Mix,Kurta,0.3,490.0,2495.0,2495.0,2495.0,2495.0,2495.0,2495.0,2495.0,2495.0,2495.0,2495.0,2005.0,409.1836734693878,False
1099,Os276KR_M,Os276KR,Mix,Kurta,0.3,490.0,2495.0,2495.0,2495.0,2495.0,2495.0,2495.0,2495.0,2495.0,2495.0,2495.0,2005.0,409.1836734693878,False
1100,Os276KR_L,Os276KR,Mix,Kurta,0.3,490.0,2495.0,2495.0,2495.0,2495.0,2495.0,2495.0,2495.0,2495.0,2495.0,2495.0,2005.0,409.1836734693878,False
1101,Os276KR_XL,Os276KR,Mix,Kurta,0.3,490.0,2495.0,2495.0,2495.0,2495.0,2495.0,2495.0,2495.0,2495.0,2495.0,2495.0,2005.0,409.1836734693878,False
1102,Os276KR_2XL,Os276KR,Mix,Kurta,0.3,490.0,2495.0,2495.0,2495.0,2495.0,2495.0,2495.0,2495.0,2495.0,2495.0,2495.0,2005.0,409.1836734693878,False
1103,Os276KR_3XL,Os276KR,Mix,Kurta,0.3,490.0,2495.0,2495.0,2495.0,2495.0,2495.0,2495.0,2495.0,2495.0,2495.0,2495.0,2005.0,409.1836734693878,False
1116,Os309_S,Os309,Mix,Kurta,0.3,415.0,2097.0,2097.0,2097.0,2097.0,2097.0,2097.0,2097.0,2097.0,2097.0,2097.0,1682.0,405.30120481927713,False
1117,Os309_M,Os309,Mix,Kurta,0.3,415.0,2097.0,2097.0,2097.0,2097.0,2097.0,2097.0,2097.0,2097.0,2097.0,2097.0,1682.0,405.30120481927713,False
1118,Os309_L,Os309,Mix,Kurta,0.3,415.0,2097.0,2097.0,2097.0,2097.0,2097.0,2097.0,2097.0,2097.0,2097.0,2097.0,1682.0,405.30120481927713,False
1119,Os309_XL,Os309,Mix,Kurta,0.3,415.0,2097.0,2097.0,2097.0,2097.0,2097.0,2097.0,2097.0,2097.0,2097.0,2097.0,1682.0,405.30120481927713,False
1120,Os309_2XL,Os309,Mix,Kurta,0.3,415.0,2097.0,2097.0,2097.0,2097.0,2097.0,2097.0,2097.0,2097.0,2097.0,2097.0,1682.0,405.30120481927713,False
1121,Os309_3XL,Os309,Mix,Kurta,0.3,415.0,2097.0,2097.0,2097.0,2097.0,2097.0,2097.0,2097.0,2097.0,2097.0,2097.0,1682.0,405.30120481927713,False
1122,Os280_S,Os280,Mix,Kurta Set,0.4,650.0,3297.0,3297.0,3297.0,3297.0,3297.0,3297.0,3297.0,3297.0,3297.0,3297.0,2647.0,407.2307692307692,False
1123,Os280_M,Os280,Mix,Kurta Set,0.4,650.0,3297.0,3297.0,3297.0,3297.0,3297.0,3297.0,3297.0,3297.0,3297.0,3297.0,2647.0,407.2307692307692,False
1124,Os280_L,Os280,Mix,Kurta Set,0.4,650.0,3297.0,3297.0,3297.0,3297.0,3297.0,3297.0,3297.0,3297.0,3297.0,3297.0,2647.0,407.2307692307692,False
1125,Os280_XL,Os280,Mix,Kurta Set,0.4,650.0,3297.0,3297.0,3297.0,3297.0,3297.0,3297.0,3297.0,3297.0,3297.0,3297.0,2647.0,407.2307692307692,False
1126,Os280_2XL,Os280,Mix,Kurta Set,0.4,650.0,3297.0,3297.0,3297.0,3297.0,3297.0,3297.0,3297.0,3297.0,3297.0,3297.0,2647.0,407.2307692307692,False
1127,Os280_3XL,Os280,Mix,Kurta Set,0.4,650.0,3297.0,3297.0,3297.0,3297.0,3297.0,3297.0,3297.0,3297.0,3297.0,3297.0,2647.0,407.2307692307692,False
1128,Os280KR_S,Os280KR,Mix,Kurta,0.3,425.0,2195.0,2195.0,2195.0,2195.0,2195.0,2195.0,2195.0,2195.0,2195.0,2195.0,1770.0,416.47058823529414,False
1129,Os280KR_M,Os280KR,Mix,Kurta,0.3,425.0,2195.0,2195.0,2195.0,2195.0,2195.0,2195.0,2195.0,2195.0,2195.0,2195.0,1770.0,416.47058823529414,False
1130,Os280KR_L,Os280KR,Mix,Kurta,0.3,425.0,2195.0,2195.0,2195.0,2195.0,2195.0,2195.0,2195.0,2195.0,2195.0,2195.0,1770.0,416.47058823529414,False
1131,Os280KR_XL,Os280KR,Mix,Kurta,0.3,425.0,2195.0,2195.0,2195.0,2195.0,2195.0,2195.0,2195.0,2195.0,2195.0,2195.0,1770.0,416.47058823529414,False
1132,Os280KR_2XL,Os280KR,Mix,Kurta,0.3,425.0,2195.0,2195.0,2195.0,2195.0,2195.0,2195.0,2195.0,2195.0,2195.0,2195.0,1770.0,416.47058823529414,False
1133,Os280KR_3XL,Os280KR,Mix,Kurta,0.3,425.0,2195.0,2195.0,2195.0,2195.0,2195.0,2195.0,2195.0,2195.0,2195.0,2195.0,1770.0,416.47058823529414,False
1134,Os279_S,Os279,Mix,Kurta Set,0.4,625.0,3197.0,3197.0,3197.0,3197.0,3197.0,3197.0,3197.0,2995.0,3197.0,3197.0,2572.0,411.52,False
1135,Os279_M,Os279,Mix,Kurta Set,0.4,625.0,3197.0,3197.0,3197.0,3197.0,3197.0,3197.0,3197.0,2995.0,3197.0,3197.0,2572.0,411.52,False
1136,Os279_L,Os279,Mix,Kurta Set,0.4,625.0,3197.0,3197.0,3197.0,3197.0,3197.0,3197.0,3197.0,2995.0,3197.0,3197.0,2572.0,411.52,False
1137,Os279_XL,Os279,Mix,Kurta Set,0.4,625.0,3197.0,3197.0,3197.0,3197.0,3197.0,3197.0,3197.0,2995.0,3197.0,3197.0,2572.0,411.52,False
1138,Os279_2XL,Os279,Mix,Kurta Set,0.4,625.0,3197.0,3197.0,3197.0,3197.0,3197.0,3197.0,3197.0,2995.0,3197.0,3197.0,2572.0,411.52,False
1139,Os279_3XL,Os279,Mix,Kurta Set,0.4,625.0,3197.0,3197.0,3197.0,3197.0,3197.0,3197.0,3197.0,2995.0,3197.0,3197.0,2572.0,411.52,False
1146,Os283_S,Os283,Mix,Kurta,0.3,425.0,2197.0,2197.0,2197.0,2197.0,2197.0,2197.0,2197.0,2197.0,2197.0,2197.0,1772.0,416.9411764705882,False
1147,Os283_M,Os283,Mix,Kurta,0.3,425.0,2197.0,2197.0,2197.0,2197.0,2197.0,2197.0,2197.0,2197.0,2197.0,2197.0,1772.0,416.9411764705882,False
1148,Os283_L,Os283,Mix,Kurta,0.3,425.0,2197.0,2197.0,2197.0,2197.0,2197.0,2197.0,2197.0,2197.0,2197.0,2197.0,1772.0,416.9411764705882,False
1149,Os283_XL,Os283,Mix,Kurta,0.3,425.0,2197.0,2197.0,2197.0,2197.0,2197.0,2197.0,2197.0,2197.0,2197.0,2197.0,1772.0,416.9411764705882,False
1150,Os283_2XL,Os283,Mix,Kurta,0.3,425.0,2197.0,2197.0,2197.0,2197.0,2197.0,2197.0,2197.0,2197.0,2197.0,2197.0,1772.0,416.9411764705882,False
1151,Os283_3XL,Os283,Mix,Kurta,0.3,425.0,2197.0,2197.0,2197.0,2197.0,2197.0,2197.0,2197.0,2197.0,2197.0,2197.0,1772.0,416.9411764705882,False
1152,Os294_S,Os294,Mix,Kurta Set,0.4,595.0,2975.0,2975.0,2975.0,2997.0,2997.0,2975.0,2975.0,2895.0,2975.0,2975.0,2380.0,400.0,False
1153,Os294_M,Os294,Mix,Kurta Set,0.4,595.0,2975.0,2975.0,2975.0,2997.0,2997.0,2975.0,2975.0,2895.0,2975.0,2975.0,2380.0,400.0,False
1154,Os294_L,Os294,Mix,Kurta Set,0.4,595.0,2975.0,2975.0,2975.0,2997.0,2997.0,2975.0,2975.0,2895.0,2975.0,2975.0,2380.0,400.0,False
1155,Os294_XL,Os294,Mix,Kurta Set,0.4,595.0,2975.0,2975.0,2975.0,2997.0,2997.0,2975.0,2975.0,2895.0,2975.0,2975.0,2380.0,400.0,False
1156,Os294_2XL,Os294,Mix,Kurta Set,0.4,595.0,2975.0,2975.0,2975.0,2997.0,2997.0,2975.0,2975.0,2895.0,2975.0,2975.0,2380.0,400.0,False
1157,Os294_3XL,Os294,Mix,Kurta Set,0.4,595.0,2975.0,2975.0,2975.0,2997.0,2997.0,2975.0,2975.0,2895.0,2975.0,2975.0,2380.0,400.0,False
1158,Os294KR_S,Os294KR,Mix,Kurta,0.3,410.0,2095.0,2095.0,2095.0,2095.0,2095.0,2095.0,2095.0,2095.0,2095.0,2095.0,1685.0,410.9756097560975,False
1159,Os294KR_M,Os294KR,Mix,Kurta,0.3,410.0,2095.0,2095.0,2095.0,2095.0,2095.0,2095.0,2095.0,2095.0,2095.0,2095.0,1685.0,410.9756097560975,False
1160,Os294KR_L,Os294KR,Mix,Kurta,0.3,410.0,2095.0,2095.0,2095.0,2095.0,2095.0,2095.0,2095.0,2095.0,2095.0,2095.0,1685.0,410.9756097560975,False
1161,Os294KR_XL,Os294KR,Mix,Kurta,0.3,410.0,2095.0,2095.0,2095.0,2095.0,2095.0,2095.0,2095.0,2095.0,2095.0,2095.0,1685.0,410.9756097560975,False
1162,Os294KR_2XL,Os294KR,Mix,Kurta,0.3,410.0,2095.0,2095.0,2095.0,2095.0,2095.0,2095.0,2095.0,2095.0,2095.0,2095.0,1685.0,410.9756097560975,False
1163,Os294KR_3XL,Os294KR,Mix,Kurta,0.3,410.0,2095.0,2095.0,2095.0,2095.0,2095.0,2095.0,2095.0,2095.0,2095.0,2095.0,1685.0,410.9756097560975,False
1164,Os307_S,Os307,Mix,Kurta Set,0.4,650.0,3297.0,3297.0,3297.0,3297.0,3297.0,3297.0,3297.0,3297.0,3297.0,3297.0,2647.0,407.2307692307692,False
1165,Os307_M,Os307,Mix,Kurta Set,0.4,650.0,3297.0,3297.0,3297.0,3297.0,3297.0,3297.0,3297.0,3297.0,3297.0,3297.0,2647.0,407.2307692307692,False
1166,Os307_L,Os307,Mix,Kurta Set,0.4,650.0,3297.0,3297.0,3297.0,3297.0,3297.0,3297.0,3297.0,3297.0,3297.0,3297.0,2647.0,407.2307692307692,False
1167,Os307_XL,Os307,Mix,Kurta Set,0.4,650.0,3297.0,3297.0,3297.0,3297.0,3297.0,3297.0,3297.0,3297.0,3297.0,3297.0,2647.0,407.2307692307692,False
1168,Os307_2XL,Os307,Mix,Kurta Set,0.4,650.0,3297.0,3297.0,3297.0,3297.0,3297.0,3297.0,3297.0,3297.0,3297.0,3297.0,2647.0,407.2307692307692,False
1169,Os307_3XL,Os307,Mix,Kurta Set,0.4,650.0,3297.0,3297.0,3297.0,3297.0,3297.0,3297.0,3297.0,3297.0,3297.0,3297.0,2647.0,407.2307692307692,False
1170,Os307KR_S,Os307KR,Mix,Kurta,0.3,425.0,2195.0,2195.0,2195.0,2195.0,2195.0,2195.0,2195.0,2195.0,2195.0,2195.0,1770.0,416.47058823529414,False
1171,Os307KR_M,Os307KR,Mix,Kurta,0.3,425.0,2195.0,2195.0,2195.0,2195.0,2195.0,2195.0,2195.0,2195.0,2195.0,2195.0,1770.0,416.47058823529414,False
1172,Os307KR_L,Os307KR,Mix,Kurta,0.3,425.0,2195.0,2195.0,2195.0,2195.0,2195.0,2195.0,2195.0,2195.0,2195.0,2195.0,1770.0,416.47058823529414,False
1173,Os307KR_XL,Os307KR,Mix,Kurta,0.3,425.0,2195.0,2195.0,2195.0,2195.0,2195.0,2195.0,2195.0,2195.0,2195.0,2195.0,1770.0,416.47058823529414,False
1174,Os307KR_2XL,Os307KR,Mix,Kurta,0.3,425.0,2195.0,2195.0,2195.0,2195.0,2195.0,2195.0,2195.0,2195.0,2195.0,2195.0,1770.0,416.47058823529414,False
1175,Os307KR_3XL,Os307KR,Mix,Kurta,0.3,425.0,2195.0,2195.0,2195.0,2195.0,2195.0,2195.0,2195.0,2195.0,2195.0,2195.0,1770.0,416.47058823529414,False
1188,Os303_S,Os303,Mix,Kurta,0.3,415.0,2097.0,2097.0,2097.0,2097.0,2097.0,2097.0,2097.0,2097.0,2097.0,2097.0,1682.0,405.30120481927713,False
1189,Os303_M,Os303,Mix,Kurta,0.3,415.0,2097.0,2097.0,2097.0,2097.0,2097.0,2097.0,2097.0,2097.0,2097.0,2097.0,1682.0,405.30120481927713,False
1190,Os303_L,Os303,Mix,Kurta,0.3,415.0,2097.0,2097.0,2097.0,2097.0,2097.0,2097.0,2097.0,2097.0,2097.0,2097.0,1682.0,405.30120481927713,False
1191,Os303_XL,Os303,Mix,Kurta,0.3,415.0,2097.0,2097.0,2097.0,2097.0,2097.0,2097.0,2097.0,2097.0,2097.0,2097.0,1682.0,405.30120481927713,False
1192,Os303_2XL,Os303,Mix,Kurta,0.3,415.0,2097.0,2097.0,2097.0,2097.0,2097.0,2097.0,2097.0,2097.0,2097.0,2097.0,1682.0,405.30120481927713,False
1193,Os303_3XL,Os303,Mix,Kurta,0.3,415.0,2097.0,2097.0,2097.0,2097.0,2097.0,2097.0,2097.0,2097.0,2097.0,2097.0,1682.0,405.30120481927713,False
1194,Os282_S,Os282,Mix,Kurta Set,0.4,640.0,3197.0,3197.0,3295.0,3295.0,3295.0,3295.0,3197.0,3197.0,3197.0,3197.0,2557.0,399.53125,False
1195,Os282_M,Os282,Mix,Kurta Set,0.4,640.0,3197.0,3197.0,3295.0,3295.0,3295.0,3295.0,3197.0,3197.0,3197.0,3197.0,2557.0,399.53125,False
1196,Os282_L,Os282,Mix,Kurta Set,0.4,640.0,3197.0,3197.0,3295.0,3295.0,3295.0,3295.0,3197.0,3197.0,3197.0,3197.0,2557.0,399.53125,False
1197,Os282_XL,Os282,Mix,Kurta Set,0.4,640.0,3197.0,3197.0,3295.0,3295.0,3295.0,3295.0,3197.0,3197.0,3197.0,3197.0,2557.0,399.53125,False
1198,Os282_2XL,Os282,Mix,Kurta Set,0.4,640.0,3197.0,3197.0,3295.0,3295.0,3295.0,3295.0,3197.0,3197.0,3197.0,3197.0,2557.0,399.53125,False
1199,Os282_3XL,Os282,Mix,Kurta Set,0.4,640.0,3197.0,3197.0,3295.0,3295.0,3295.0,3295.0,3197.0,3197.0,3197.0,3197.0,2557.0,399.53125,False
1200,Os282KR_S,Os282KR,Mix,Kurta,0.3,415.0,2095.0,2095.0,2095.0,2295.0,2295.0,2295.0,2095.0,2295.0,2095.0,2095.0,1680.0,404.8192771084337,False
1201,Os282KR_M,Os282KR,Mix,Kurta,0.3,415.0,2095.0,2095.0,2095.0,2295.0,2295.0,2295.0,2095.0,2295.0,2095.0,2095.0,1680.0,404.8192771084337,False
1202,Os282KR_L,Os282KR,Mix,Kurta,0.3,415.0,2095.0,2095.0,2095.0,2295.0,2295.0,2295.0,2095.0,2295.0,2095.0,2095.0,1680.0,404.8192771084337,False
1203,Os282KR_XL,Os282KR,Mix,Kurta,0.3,415.0,2095.0,2095.0,2095.0,2295.0,2295.0,2295.0,2095.0,2295.0,2095.0,2095.0,1680.0,404.8192771084337,False
1204,Os282KR_2XL,Os282KR,Mix,Kurta,0.3,415.0,2095.0,2095.0,2095.0,2295.0,2295.0,2295.0,2095.0,2295.0,2095.0,2095.0,1680.0,404.8192771084337,False
1205,Os282KR_3XL,Os282KR,Mix,Kurta,0.3,415.0,2095.0,2095.0,2095.0,2295.0,2295.0,2295.0,2095.0,2295.0,2095.0,2095.0,1680.0,404.8192771084337,False
1206,Os290_S,Os290,Mix,Kurta Set,0.4,625.0,3195.0,3195.0,3195.0,3195.0,3195.0,3195.0,3195.0,3195.0,3195.0,3195.0,2570.0,411.2,False
1207,Os290_M,Os290,Mix,Kurta Set,0.4,625.0,3195.0,3195.0,3195.0,3195.0,3195.0,3195.0,3195.0,3195.0,3195.0,3195.0,2570.0,411.2,False
1208,Os290_L,Os290,Mix,Kurta Set,0.4,625.0,3195.0,3195.0,3195.0,3195.0,3195.0,3195.0,3195.0,3195.0,3195.0,3195.0,2570.0,411.2,False
1209,Os290_XL,Os290,Mix,Kurta Set,0.4,625.0,3195.0,3195.0,3195.0,3195.0,3195.0,3195.0,3195.0,3195.0,3195.0,3195.0,2570.0,411.2,False
1210,Os290_2XL,Os290,Mix,Kurta Set,0.4,625.0,3195.0,3195.0,3195.0,3195.0,3195.0,3195.0,3195.0,3195.0,3195.0,3195.0,2570.0,411.2,False
1211,Os290_3XL,Os290,Mix,Kurta Set,0.4,625.0,3195.0,3195.0,3195.0,3195.0,3195.0,3195.0,3195.0,3195.0,3195.0,3195.0,2570.0,411.2,False
1212,Os290KR_S,Os290KR,Mix,Kurta,0.3,400.0,2097.0,2097.0,2097.0,2097.0,2097.0,2097.0,2097.0,2097.0,2097.0,2097.0,1697.0,424.25,False
1213,Os290KR_M,Os290KR,Mix,Kurta,0.3,400.0,2097.0,2097.0,2097.0,2097.0,2097.0,2097.0,2097.0,2097.0,2097.0,2097.0,1697.0,424.25,False
1214,Os290KR_L,Os290KR,Mix,Kurta,0.3,400.0,2097.0,2097.0,2097.0,2097.0,2097.0,2097.0,2097.0,2097.0,2097.0,2097.0,1697.0,424.25,False
1215,Os290KR_XL,Os290KR,Mix,Kurta,0.3,400.0,2097.0,2097.0,2097.0,2097.0,2097.0,2097.0,2097.0,2097.0,2097.0,2097.0,1697.0,424.25,False
1216,Os290KR_2XL,Os290KR,Mix,Kurta,0.3,400.0,2097.0,2097.0,2097.0,2097.0,2097.0,2097.0,2097.0,2097.0,2097.0,2097.0,1697.0,424.25,False
1217,Os290KR_3XL,Os290KR,Mix,Kurta,0.3,400.0,2097.0,2097.0,2097.0,2097.0,2097.0,2097.0,2097.0,2097.0,2097.0,2097.0,1697.0,424.25,False
1218,Os289_S,Os289,Mix,Kurta Set,0.4,615.0,3095.0,3095.0,3095.0,3095.0,3095.0,3095.0,3095.0,2895.0,3095.0,3095.0,2480.0,403.2520325203252,False
1219,Os289_M,Os289,Mix,Kurta Set,0.4,615.0,3095.0,3095.0,3095.0,3095.0,3095.0,3095.0,3095.0,2895.0,3095.0,3095.0,2480.0,403.2520325203252,False
1220,Os289_L,Os289,Mix,Kurta Set,0.4,615.0,3095.0,3095.0,3095.0,3095.0,3095.0,3095.0,3095.0,2895.0,3095.0,3095.0,2480.0,403.2520325203252,False
1221,Os289_XL,Os289,Mix,Kurta Set,0.4,615.0,3095.0,3095.0,3095.0,3095.0,3095.0,3095.0,3095.0,2895.0,3095.0,3095.0,2480.0,403.2520325203252,False
1222,Os289_2XL,Os289,Mix,Kurta Set,0.4,615.0,3095.0,3095.0,3095.0,3095.0,3095.0,3095.0,3095.0,2895.0,3095.0,3095.0,2480.0,403.2520325203252,False
1223,Os289_3XL,Os289,Mix,Kurta Set,0.4,615.0,3095.0,3095.0,3095.0,3095.0,3095.0,3095.0,3095.0,2895.0,3095.0,3095.0,2480.0,403.2520325203252,False
1224,Os289KR_S,Os289KR,Mix,Kurta,0.3,425.0,2195.0,2195.0,2195.0,2195.0,2195.0,2195.0,2195.0,2195.0,2195.0,2195.0,1770.0,416.47058823529414,False
1225,Os289KR_M,Os289KR,Mix,Kurta,0.3,425.0,2195.0,2195.0,2195.0,2195.0,2195.0,2195.0,2195.0,2195.0,2195.0,2195.0,1770.0,416.47058823529414,False
1226,Os289KR_L,Os289KR,Mix,Kurta,0.3,425.0,2195.0,2195.0,2195.0,2195.0,2195.0,2195.0,2195.0,2195.0,2195.0,2195.0,1770.0,416.47058823529414,False
1227,Os289KR_XL,Os289KR,Mix,Kurta,0.3,425.0,2195.0,2195.0,2195.0,2195.0,2195.0,2195.0,2195.0,2195.0,2195.0,2195.0,1770.0,416.47058823529414,False
1228,Os289KR_2XL,Os289KR,Mix,Kurta,0.3,425.0,2195.0,2195.0,2195.0,2195.0,2195.0,2195.0,2195.0,2195.0,2195.0,2195.0,1770.0,416.47058823529414,False
1229,Os289KR_3XL,Os289KR,Mix,Kurta,0.3,425.0,2195.0,2195.0,2195.0,2195.0,2195.0,2195.0,2195.0,2195.0,2195.0,2195.0,1770.0,416.47058823529414,False
1236,Os1109_M,Os1109,Mix,Kurta Set,0.4,1195.0,5997.0,5997.0,5997.0,5997.0,5997.0,5997.0,5997.0,5997.0,5997.0,5997.0,4802.0,401.84100418410037,True
1237,Os1109_L,Os1109,Mix,Kurta Set,0.4,1195.0,5997.0,5997.0,5997.0,5997.0,5997.0,5997.0,5997.0,5997.0,5997.0,5997.0,4802.0,401.84100418410037,True
1238,Os1109_XL,Os1109,Mix,Kurta Set,0.4,1195.0,5997.0,5997.0,5997.0,5997.0,5997.0,5997.0,5997.0,5997.0,5997.0,5997.0,4802.0,401.84100418410037,True
1239,Os1109_2XL,Os1109,Mix,Kurta Set,0.4,1195.0,5997.0,5997.0,5997.0,5997.0,5997.0,5997.0,5997.0,5997.0,5997.0,5997.0,4802.0,401.84100418410037,True
1259,Os198_5045_XS,Os198_5045,Colors-7,Kurta,0.3,381.0,1538.0,1595.0,1595.0,1595.0,1595.0,1595.0,1595.0,1595.0,1595.0,1595.0,1214.0,318.6351706036745,False
1260,Os192_1124_XS,Os192_1124,Mix,Kurta,0.3,570.0,2298.0,2295.0,2295.0,2295.0,2295.0,2295.0,2295.0,2295.0,2295.0,2295.0,1725.0,302.6315789473684,False
1270,Os275_3XL,Os275,Mix,Kurta,0.3,425.0,2195.0,2195.0,2195.0,2195.0,2195.0,2195.0,2195.0,2195.0,2195.0,2195.0,1770.0,416.47058823529414,False
1274,Os308_L,Os308,Mix,Kurta Set,0.4,615.0,2195.0,2195.0,2195.0,2195.0,2195.0,2195.0,2195.0,2195.0,2195.0,2195.0,1580.0,256.9105691056911,False
1275,Os275_M,Os275,Mix,Kurta,0.3,425.0,2195.0,2195.0,2195.0,2195.0,2195.0,2195.0,2195.0,2195.0,2195.0,2195.0,1770.0,416.47058823529414,False
1299,Os275_L,Os275,Mix,Kurta,0.3,425.0,2195.0,2195.0,2195.0,2195.0,2195.0,2195.0,2195.0,2195.0,2195.0,2195.0,1770.0,416.47058823529414,False
1303,Os308_3XL,Os308,Mix,Kurta Set,0.4,615.0,2195.0,2195.0,2195.0,2195.0,2195.0,2195.0,2195.0,2195.0,2195.0,2195.0,1580.0,256.9105691056911,False
1306,Os163_2XLL,Os163,Mix,Kurta,0.3,425.0,1995.0,1995.0,1995.0,1995.0,1995.0,1995.0,1995.0,1995.0,1995.0,1995.0,1570.0,369.4117647058824,False
1307,Os160_MM,Os160,Mix,Kurta,0.3,424.0,2240.0,1695.0,1695.0,1695.0,1695.0,1695.0,1795.0,1695.0,1895.0,1695.0,1271.0,299.76415094339626,False
1322,Os160_XS,Os160,Mix,Kurta,0.3,424.0,2240.0,1695.0,1695.0,1695.0,1695.0,1695.0,1795.0,1695.0,1895.0,1695.0,1271.0,299.76415094339626,False
1323,Os326_XS,Os326,Mix,Kurta,0.3,467.0,1878.0,1995.0,1995.0,1995.0,1995.0,1995.0,1995.0,1995.0,1995.0,1995.0,1528.0,327.1948608137045,False
1324,Os326_S,Os326,Mix,Kurta,0.3,467.0,1878.0,1995.0,1995.0,1995.0,1995.0,1995.0,1995.0,1995.0,1995.0,1995.0,1528.0,327.1948608137045,False
1325,Os326_M,Os326,Mix,Kurta,0.3,467.0,1878.0,1995.0,1995.0,1995.0,1995.0,1995.0,1995.0,1995.0,1995.0,1995.0,1528.0,327.1948608137045,False
1326,Os326_L,Os326,Mix,Kurta,0.3,467.0,1878.0,1995.0,1995.0,1995.0,1995.0,1995.0,1995.0,1995.0,1995.0,1995.0,1528.0,327.1948608137045,False
1327,Os326_XL,Os326,Mix,Kurta,0.3,467.0,1878.0,1995.0,1995.0,1995.0,1995.0,1995.0,1995.0,1995.0,1995.0,1995.0,1528.0,327.1948608137045,False
1328,Os326_2XL,Os326,Mix,Kurta,0.3,467.0,1878.0,1995.0,1995.0,1995.0,1995.0,1995.0,1995.0,1995.0,1995.0,1995.0,1528.0,327.1948608137045,False
1329,Os326_3XL,Os326,Mix,Kurta,0.3,467.0,1878.0,1995.0,1995.0,1995.0,1995.0,1995.0,1995.0,1995.0,1995.0,1995.0,1528.0,327.1948608137045,False
