id,year,initial_working_date,average_work_hour_per_month,unsuccessful_bookings,successful_bookings,average_commission_per_month
1,2013,2013-10-22,14,20,40,45
1,2014,2013-10-22,124,20,82,453
1,2015,2013-10-22,37,34,149,152
1,2016,2013-10-22,143,9,35,424
1,2017,2013-10-22,39,2,370,78
2,2014,2014-sp-28,68,4,103,260
2,2015,2014-sp-28,29,26,342,138
2,2016,2014-sp-28,89,50,60,146
2,2017,2014-sp-28,66,26,56,229
3,2006,2006-06-27,63,27,92,118
3,2007,2006-06-27,15,6,119,54
3,2008,2006-06-27,157,2,253,382
3,2009,2006-06-27,142,26,375,704
3,2010,2006-06-27,131,19,483,333
3,2011,2006-06-27,108,13,418,422
3,2012,2006-06-27,99,1,74,437
3,2013,2006-06-27,114,1,476,555
3,2014,2006-06-27,23,24,355,37
3,2015,2006-06-27,140,15,32,244
3,2016,2006-06-27,56,29,120,187
3,2017,2006-06-27,77,35,374,239
4,2016,2016-dec-15,117,43,292,202
4,2017,2016-dec-15,144,39,459,454
5,2012,2012-mar-23,126,47,261,525
5,2013,2012-mar-23,120,30,325,179
5,2014,2012-mar-23,90,36,486,316
5,2015,2012-mar-23,61,39,101,246
5,2016,2012-mar-23,113,10,152,113
5,2017,2012-mar-23,80,7,436,332
6,1995,1995-10-15,154,23,484,318
6,1996,1995-10-15,19,44,434,79
6,1997,1995-10-15,140,19,206,593
6,1998,1995-10-15,58,8,482,246
6,1999,1995-10-15,142,49,54,590
6,2000,1995-10-15,8,26,345,20
6,2001,1995-10-15,15,31,46,35
6,2002,1995-10-15,138,32,81,348
6,2003,1995-10-15,131,22,359,542
6,2004,1995-10-15,51,37,441,81
6,2005,1995-10-15,152,18,332,465
6,2006,1995-10-15,26,49,128,46
6,2007,1995-10-15,142,3,277,407
6,2008,1995-10-15,143,12,309,614
6,2009,1995-10-15,36,37,295,132
6,2010,1995-10-15,46,22,152,140
6,2011,1995-10-15,121,18,379,173
6,2012,1995-10-15,88,23,50,292
6,2013,1995-10-15,27,36,107,130
6,2014,1995-10-15,111,36,258,383
6,2015,1995-10-15,26,40,227,115
6,2016,1995-10-15,113,40,143,505
6,2017,1995-10-15,156,34,331,365
7,2009,2009-nv-14,77,45,22,355
7,2010,2009-nv-14,9,40,491,22
7,2011,2009-nv-14,44,41,43,135
7,2012,2009-nv-14,132,2,277,611
7,2013,2009-nv-14,110,18,189,466
7,2014,2009-nv-14,137,18,211,279
7,2015,2009-nv-14,37,13,58,42
7,2016,2009-nv-14,48,22,216,229
7,2017,2009-nv-14,120,19,199,508
8,2011,2011-nv-25,71,43,334,274
8,2012,2011-nv-25,52,8,377,123
8,2013,2011-nv-25,12,34,73,33
8,2014,2011-nv-25,91,22,180,308
8,2015,2011-nv-25,86,28,175,132
8,2016,2011-nv-25,138,33,183,218
8,2017,2011-nv-25,106,13,474,357
9,2012,2012-August-7,44,31,246,134
9,2013,2012-August-7,156,41,219,308
9,2014,2012-August-7,148,47,368,380
9,2015,2012-August-7,23,5,310,34
9,2016,2012-August-7,156,40,83,728
9,2017,2012-August-7,33,43,76,72
10,1997,1997-January-11,14,3,217,45
10,1998,1997-January-11,35,3,1,61
10,1999,1997-January-11,41,20,475,182
10,2000,1997-January-11,143,48,269,590
10,2001,1997-January-11,59,37,421,147
10,2002,1997-January-11,160,42,247,419
10,2003,1997-January-11,141,18,189,459
10,2004,1997-January-11,58,4,293,137
10,2005,1997-January-11,31,15,500,103
10,2006,1997-January-11,12,48,184,42
10,2007,1997-January-11,139,47,95,534
10,2008,1997-January-11,47,12,393,198
10,2009,1997-January-11,122,27,256,125
10,2010,1997-January-11,17,17,371,26
10,2011,1997-January-11,146,27,163,465
10,2012,1997-January-11,69,37,386,280
10,2013,1997-January-11,127,43,121,438
10,2014,1997-January-11,55,14,140,208
10,2015,1997-January-11,84,24,238,381
10,2016,1997-January-11,133,34,196,590
10,2017,1997-January-11,148,18,263,564
11,1994,1994-apr-15,14,13,476,26
11,1995,1994-apr-15,58,37,123,231
11,1996,1994-apr-15,26,42,468,120
11,1997,1994-apr-15,49,3,266,63
11,1998,1994-apr-15,77,50,317,194
11,1999,1994-apr-15,87,8,115,190
11,2000,1994-apr-15,46,5,374,76
11,2001,1994-apr-15,137,46,356,183
11,2002,1994-apr-15,106,19,299,178
11,2003,1994-apr-15,47,50,57,68
11,2004,1994-apr-15,36,46,125,131
11,2005,1994-apr-15,95,40,187,167
11,2006,1994-apr-15,107,31,134,400
11,2007,1994-apr-15,49,46,141,176
11,2008,1994-apr-15,126,31,374,141
11,2009,1994-apr-15,86,35,26,135
11,2010,1994-apr-15,141,25,443,506
11,2011,1994-apr-15,104,34,179,209
11,2012,1994-apr-15,116,22,290,509
11,2013,1994-apr-15,70,40,62,253
11,2014,1994-apr-15,119,11,55,564
11,2015,1994-apr-15,132,45,219,602
11,2016,1994-apr-15,32,22,230,138
11,2017,1994-apr-15,71,45,275,187
12,1992,1992-ja-13,19,29,244,33
12,1993,1992-ja-13,134,41,122,418
12,1994,1992-ja-13,55,23,296,72
12,1995,1992-ja-13,29,28,10,96
12,1996,1992-ja-13,37,39,188,154
12,1997,1992-ja-13,23,18,55,58
12,1998,1992-ja-13,14,40,345,64
12,1999,1992-ja-13,120,43,271,385
12,2000,1992-ja-13,39,28,432,67
12,2001,1992-ja-13,108,36,290,427
12,2002,1992-ja-13,107,41,246,361
12,2003,1992-ja-13,48,26,235,175
12,2004,1992-ja-13,154,12,209,590
12,2005,1992-ja-13,135,29,169,404
12,2006,1992-ja-13,123,37,110,428
12,2007,1992-ja-13,154,2,240,512
12,2008,1992-ja-13,139,46,364,501
12,2009,1992-ja-13,51,6,351,223
12,2010,1992-ja-13,109,49,116,545
12,2011,1992-ja-13,86,21,460,415
12,2012,1992-ja-13,13,45,142,49
12,2013,1992-ja-13,70,37,330,207
12,2014,1992-ja-13,55,38,366,260
12,2015,1992-ja-13,42,44,118,68
12,2016,1992-ja-13,57,41,371,168
12,2017,1992-ja-13,71,10,423,260
13,2015,2015-April-12,20,44,200,55
13,2016,2015-April-12,96,32,276,122
13,2017,2015-April-12,34,48,95,105
14,2004,2004-my-26,58,42,104,73
14,2005,2004-my-26,30,2,81,131
14,2006,2004-my-26,121,35,49,309
14,2007,2004-my-26,128,2,112,204
14,2008,2004-my-26,30,42,108,39
14,2009,2004-my-26,154,25,128,275
14,2010,2004-my-26,89,8,312,155
14,2011,2004-my-26,16,50,204,40
14,2012,2004-my-26,81,2,238,121
14,2013,2004-my-26,97,36,171,152
14,2014,2004-my-26,10,6,349,12
14,2015,2004-my-26,71,5,173,168
14,2016,2004-my-26,127,45,118,459
14,2017,2004-my-26,141,49,310,558
15,1993,1993-feb-8,26,10,136,116
15,1994,1993-feb-8,23,19,175,90
15,1995,1993-feb-8,58,25,137,217
15,1996,1993-feb-8,69,11,7,106
15,1997,1993-feb-8,157,1,249,400
15,1998,1993-feb-8,121,28,327,243
15,1999,1993-feb-8,85,27,97,351
15,2000,1993-feb-8,12,34,109,29
15,2001,1993-feb-8,34,50,328,154
15,2002,1993-feb-8,20,15,241,66
15,2003,1993-feb-8,49,38,164,190
15,2004,1993-feb-8,139,6,313,354
15,2005,1993-feb-8,124,33,149,608
15,2006,1993-feb-8,23,45,495,116
15,2007,1993-feb-8,152,24,404,446
15,2008,1993-feb-8,145,39,229,160
15,2009,1993-feb-8,106,37,244,297
15,2010,1993-feb-8,64,33,42,158
15,2011,1993-feb-8,138,35,232,272
15,2012,1993-feb-8,11,21,21,32
15,2013,1993-feb-8,55,46,152,127
15,2014,1993-feb-8,130,38,301,635
15,2015,1993-feb-8,150,31,227,424
15,2016,1993-feb-8,109,38,188,477
15,2017,1993-feb-8,153,20,282,386
16,1997,1997-August-17,43,43,99,148
16,1998,1997-August-17,84,48,90,261
16,1999,1997-August-17,102,19,94,371
16,2000,1997-August-17,17,24,415,17
16,2001,1997-August-17,39,18,264,85
16,2002,1997-August-17,41,33,193,42
16,2003,1997-August-17,67,33,421,313
16,2004,1997-August-17,69,9,376,306
16,2005,1997-August-17,110,3,147,488
16,2006,1997-August-17,84,32,499,120
16,2007,1997-August-17,147,20,199,544
16,2008,1997-August-17,154,19,242,683
16,2009,1997-August-17,126,42,30,466
16,2010,1997-August-17,96,3,63,165
16,2011,1997-August-17,22,45,80,23
16,2012,1997-August-17,83,34,143,113
16,2013,1997-August-17,109,9,394,113
16,2014,1997-August-17,40,50,105,58
16,2015,1997-August-17,97,10,252,453
16,2016,1997-August-17,8,5,123,13
16,2017,1997-August-17,48,33,277,225
17,2004,2004-05-21,113,42,111,323
17,2005,2004-05-21,114,37,247,464
17,2006,2004-05-21,35,10,250,65
17,2007,2004-05-21,137,23,287,500
17,2008,2004-05-21,36,9,238,78
17,2009,2004-05-21,34,5,250,164
17,2010,2004-05-21,109,31,247,503
17,2011,2004-05-21,124,30,320,532
17,2012,2004-05-21,144,7,251,699
17,2013,2004-05-21,76,2,56,122
17,2014,2004-05-21,114,18,4,464
17,2015,2004-05-21,10,35,162,14
17,2016,2004-05-21,19,9,236,70
17,2017,2004-05-21,78,31,445,342
18,1993,1993-12-7,133,32,171,423
18,1994,1993-12-7,13,30,406,60
18,1995,1993-12-7,128,4,208,384
18,1996,1993-12-7,81,49,484,124
18,1997,1993-12-7,117,6,428,315
18,1998,1993-12-7,48,25,324,63
18,1999,1993-12-7,137,20,366,682
18,2000,1993-12-7,52,32,265,131
18,2001,1993-12-7,12,45,55,34
18,2002,1993-12-7,34,23,303,68
18,2003,1993-12-7,61,39,51,106
18,2004,1993-12-7,45,12,224,64
18,2005,1993-12-7,156,40,176,457
18,2006,1993-12-7,129,12,364,563
18,2007,1993-12-7,149,43,424,421
18,2008,1993-12-7,91,41,157,188
18,2009,1993-12-7,102,43,272,370
18,2010,1993-12-7,128,33,381,181
18,2011,1993-12-7,158,50,135,198
18,2012,1993-12-7,58,1,498,143
18,2013,1993-12-7,40,29,73,172
18,2014,1993-12-7,70,36,48,275
18,2015,1993-12-7,141,37,66,271
18,2016,1993-12-7,37,40,415,57
18,2017,1993-12-7,78,29,238,277
19,1991,1991-12-26,76,5,370,260
19,1992,1991-12-26,103,21,185,233
19,1993,1991-12-26,28,3,216,46
19,1994,1991-12-26,55,38,384,249
19,1995,1991-12-26,130,6,278,451
19,1996,1991-12-26,32,48,386,136
19,1997,1991-12-26,50,17,269,81
19,1998,1991-12-26,14,20,143,18
19,1999,1991-12-26,16,24,392,50
19,2000,1991-12-26,63,6,186,213
19,2001,1991-12-26,59,37,50,155
19,2002,1991-12-26,128,37,409,272
19,2003,1991-12-26,115,34,498,241
19,2004,1991-12-26,86,24,463,90
19,2005,1991-12-26,122,21,83,243
19,2006,1991-12-26,16,3,13,38
19,2007,1991-12-26,119,19,121,479
19,2008,1991-12-26,40,16,453,96
19,2009,1991-12-26,113,39,423,332
19,2010,1991-12-26,133,25,356,303
19,2011,1991-12-26,78,39,267,303
19,2012,1991-12-26,40,24,120,181
19,2013,1991-12-26,115,8,137,200
19,2014,1991-12-26,55,8,71,94
19,2015,1991-12-26,50,26,379,242
19,2016,1991-12-26,34,9,221,104
19,2017,1991-12-26,149,28,230,613
20,2017,2017-ja-16,118,37,158,445
21,1991,1991-06-4,134,11,396,145
21,1992,1991-06-4,145,28,198,374
21,1993,1991-06-4,116,33,395,247
21,1994,1991-06-4,118,19,74,426
21,1995,1991-06-4,155,30,347,585
21,1996,1991-06-4,68,21,419,265
21,1997,1991-06-4,43,12,93,162
21,1998,1991-06-4,133,16,213,551
21,1999,1991-06-4,38,48,98,131
21,2000,1991-06-4,77,45,9,326
21,2001,1991-06-4,93,6,195,340
21,2002,1991-06-4,40,22,7,50
21,2003,1991-06-4,26,43,348,59
21,2004,1991-06-4,129,38,123,571
21,2005,1991-06-4,41,18,31,128
21,2006,1991-06-4,159,7,416,359
21,2007,1991-06-4,29,5,473,50
21,2008,1991-06-4,42,33,368,103
21,2009,1991-06-4,129,20,392,234
21,2010,1991-06-4,94,8,31,380
21,2011,1991-06-4,103,8,42,395
21,2012,1991-06-4,142,3,489,331
21,2013,1991-06-4,76,39,384,341
21,2014,1991-06-4,135,40,464,459
21,2015,1991-06-4,46,28,345,111
21,2016,1991-06-4,29,12,475,30
21,2017,1991-06-4,59,10,303,138
22,2012,2012-ja-8,108,37,451,210
22,2013,2012-ja-8,128,8,303,536
22,2014,2012-ja-8,127,11,294,591
22,2015,2012-ja-8,129,48,159,439
22,2016,2012-ja-8,128,21,179,403
22,2017,2012-ja-8,69,25,39,290
23,1994,1994-sept-27,45,8,212,136
23,1995,1994-sept-27,148,31,76,203
23,1996,1994-sept-27,26,2,5,107
23,1997,1994-sept-27,131,8,54,440
23,1998,1994-sept-27,90,46,492,410
23,1999,1994-sept-27,141,1,189,646
23,2000,1994-sept-27,135,49,26,203
23,2001,1994-sept-27,73,36,345,192
23,2002,1994-sept-27,82,24,161,188
23,2003,1994-sept-27,54,48,186,110
23,2004,1994-sept-27,57,43,405,84
23,2005,1994-sept-27,44,38,308,93
23,2006,1994-sept-27,134,11,161,542
23,2007,1994-sept-27,82,35,190,398
23,2008,1994-sept-27,66,38,1,323
23,2009,1994-sept-27,90,39,472,374
23,2010,1994-sept-27,145,33,51,663
23,2011,1994-sept-27,56,10,198,95
23,2012,1994-sept-27,70,30,32,327
23,2013,1994-sept-27,132,1,317,481
23,2014,1994-sept-27,54,25,485,231
23,2015,1994-sept-27,31,44,76,44
23,2016,1994-sept-27,76,18,13,117
23,2017,1994-sept-27,32,18,45,122
24,2007,2007-nov-23,28,46,414,93
24,2008,2007-nov-23,89,12,491,398
24,2009,2007-nov-23,142,9,416,590
24,2010,2007-nov-23,38,28,69,140
24,2011,2007-nov-23,141,24,325,701
24,2012,2007-nov-23,41,37,235,84
24,2013,2007-nov-23,72,6,328,246
24,2014,2007-nov-23,123,28,52,237
24,2015,2007-nov-23,66,34,14,67
24,2016,2007-nov-23,51,27,120,240
24,2017,2007-nov-23,63,32,499,149
25,2003,2003-aug-20,66,3,280,314
25,2004,2003-aug-20,67,18,439,75
25,2005,2003-aug-20,48,43,332,168
25,2006,2003-aug-20,41,14,381,105
25,2007,2003-aug-20,107,13,329,444
25,2008,2003-aug-20,149,43,194,594
25,2009,2003-aug-20,104,28,22,456
25,2010,2003-aug-20,54,22,139,207
25,2011,2003-aug-20,159,5,142,212
25,2012,2003-aug-20,129,28,315,146
25,2013,2003-aug-20,105,48,236,296
25,2014,2003-aug-20,103,30,136,147
25,2015,2003-aug-20,58,45,152,243
25,2016,2003-aug-20,80,50,296,116
25,2017,2003-aug-20,33,46,246,148
26,2003,2003-apr-16,134,46,261,136
26,2004,2003-apr-16,60,17,166,108
26,2005,2003-apr-16,23,14,484,35
26,2006,2003-apr-16,54,6,135,247
26,2007,2003-apr-16,82,21,139,166
26,2008,2003-apr-16,91,28,155,421
26,2009,2003-apr-16,45,31,34,63
26,2010,2003-apr-16,132,23,256,620
26,2011,2003-apr-16,44,35,191,47
26,2012,2003-apr-16,28,49,458,101
26,2013,2003-apr-16,50,21,143,199
26,2014,2003-apr-16,116,43,316,405
26,2015,2003-apr-16,24,39,294,85
26,2016,2003-apr-16,130,33,287,534
26,2017,2003-apr-16,69,7,284,253
27,2015,2015-sp-5,150,20,304,511
27,2016,2015-sp-5,28,12,215,36
27,2017,2015-sp-5,128,10,179,631
28,2015,2015-02-3,64,49,156,226
28,2016,2015-02-3,98,25,419,157
28,2017,2015-02-3,8,43,41,33
29,2017,2017-September-3,85,19,292,406
30,1993,1993-aug-24,160,43,285,358
30,1994,1993-aug-24,98,8,386,275
30,1995,1993-aug-24,124,20,317,374
30,1996,1993-aug-24,98,1,40,107
30,1997,1993-aug-24,98,41,354,402
30,1998,1993-aug-24,138,35,493,261
30,1999,1993-aug-24,48,40,59,113
30,2000,1993-aug-24,99,3,229,372
30,2001,1993-aug-24,121,41,392,195
30,2002,1993-aug-24,91,31,294,388
30,2003,1993-aug-24,60,20,463,71
30,2004,1993-aug-24,152,4,221,451
30,2005,1993-aug-24,53,16,237,115
30,2006,1993-aug-24,124,26,29,198
30,2007,1993-aug-24,9,16,68,35
30,2008,1993-aug-24,151,48,189,430
30,2009,1993-aug-24,73,30,330,365
30,2010,1993-aug-24,63,20,386,167
30,2011,1993-aug-24,130,2,415,276
30,2012,1993-aug-24,21,16,54,93
30,2013,1993-aug-24,123,32,229,152
30,2014,1993-aug-24,115,39,360,327
30,2015,1993-aug-24,79,39,332,382
30,2016,1993-aug-24,13,24,370,31
30,2017,1993-aug-24,80,48,239,231
31,2014,2014-aug-6,69,37,186,292
31,2015,2014-aug-6,43,19,279,51
31,2016,2014-aug-6,50,36,364,96
31,2017,2014-aug-6,76,12,6,173
32,2001,2001-September-15,91,28,427,375
32,2002,2001-September-15,139,9,51,402
32,2003,2001-September-15,99,20,163,210
32,2004,2001-September-15,94,21,429,192
32,2005,2001-September-15,93,49,367,113
32,2006,2001-September-15,152,43,468,341
32,2007,2001-September-15,95,47,264,472
32,2008,2001-September-15,106,46,309,376
32,2009,2001-September-15,146,44,347,160
32,2010,2001-September-15,95,22,375,383
32,2011,2001-September-15,12,29,487,52
32,2012,2001-September-15,53,1,430,180
32,2013,2001-September-15,122,19,409,556
32,2014,2001-September-15,43,33,308,96
32,2015,2001-September-15,114,41,339,314
32,2016,2001-September-15,78,49,441,267
32,2017,2001-September-15,135,2,43,358
33,2001,2001-spt-20,94,31,385,182
33,2002,2001-spt-20,118,21,499,170
33,2003,2001-spt-20,139,24,334,396
33,2004,2001-spt-20,148,24,1,209
33,2005,2001-spt-20,40,47,442,110
33,2006,2001-spt-20,50,21,195,194
33,2007,2001-spt-20,46,17,287,198
33,2008,2001-spt-20,35,18,219,143
33,2009,2001-spt-20,18,42,262,27
33,2010,2001-spt-20,9,16,304,20
33,2011,2001-spt-20,141,25,7,156
33,2012,2001-spt-20,19,17,76,21
33,2013,2001-spt-20,140,17,390,678
33,2014,2001-spt-20,38,36,204,169
33,2015,2001-spt-20,24,18,421,92
33,2016,2001-spt-20,78,45,418,362
33,2017,2001-spt-20,66,48,263,190
34,2000,2000-ma-18,79,16,468,334
34,2001,2000-ma-18,75,28,165,183
34,2002,2000-ma-18,21,11,204,49
34,2003,2000-ma-18,153,36,204,280
34,2004,2000-ma-18,22,9,86,30
34,2005,2000-ma-18,26,49,117,42
34,2006,2000-ma-18,117,7,386,142
34,2007,2000-ma-18,73,1,169,259
34,2008,2000-ma-18,127,10,332,294
34,2009,2000-ma-18,23,4,44,96
34,2010,2000-ma-18,13,40,327,36
34,2011,2000-ma-18,128,50,183,209
34,2012,2000-ma-18,134,5,405,348
34,2013,2000-ma-18,107,8,250,432
34,2014,2000-ma-18,121,16,130,528
34,2015,2000-ma-18,106,33,115,451
34,2016,2000-ma-18,148,25,109,340
34,2017,2000-ma-18,68,24,104,326
35,1994,1994-03-8,127,13,237,613
35,1995,1994-03-8,40,47,29,104
35,1996,1994-03-8,45,29,241,182
35,1997,1994-03-8,143,31,453,324
35,1998,1994-03-8,125,26,496,595
35,1999,1994-03-8,26,43,442,84
35,2000,1994-03-8,39,50,243,193
35,2001,1994-03-8,56,40,42,79
35,2002,1994-03-8,150,11,111,537
35,2003,1994-03-8,16,36,222,23
35,2004,1994-03-8,130,28,198,151
35,2005,1994-03-8,147,24,135,277
35,2006,1994-03-8,112,50,65,262
35,2007,1994-03-8,126,44,269,528
35,2008,1994-03-8,109,17,213,395
35,2009,1994-03-8,88,28,119,365
35,2010,1994-03-8,34,39,30,146
35,2011,1994-03-8,54,40,459,184
35,2012,1994-03-8,48,32,467,208
35,2013,1994-03-8,59,21,116,207
35,2014,1994-03-8,27,26,362,129
35,2015,1994-03-8,77,14,339,351
35,2016,1994-03-8,21,19,12,51
35,2017,1994-03-8,136,4,415,618
36,1995,1995-11-20,144,46,370,706
36,1996,1995-11-20,67,34,193,260
36,1997,1995-11-20,103,40,331,418
36,1998,1995-11-20,149,39,16,557
36,1999,1995-11-20,90,43,12,430
36,2000,1995-11-20,79,24,467,118
36,2001,1995-11-20,86,10,117,370
36,2002,1995-11-20,132,44,23,230
36,2003,1995-11-20,9,2,187,13
36,2004,1995-11-20,77,11,386,168
36,2005,1995-11-20,148,25,121,371
36,2006,1995-11-20,83,21,415,243
36,2007,1995-11-20,10,10,222,19
36,2008,1995-11-20,40,40,36,181
36,2009,1995-11-20,148,5,81,266
36,2010,1995-11-20,139,25,341,692
36,2011,1995-11-20,120,22,342,371
36,2012,1995-11-20,135,41,4,285
36,2013,1995-11-20,34,31,276,44
36,2014,1995-11-20,84,26,368,92
36,2015,1995-11-20,36,44,69,60
36,2016,1995-11-20,77,43,458,274
36,2017,1995-11-20,56,15,275,61
37,2016,2016-March-8,100,37,480,436
37,2017,2016-March-8,101,14,246,489
38,2010,2010-06-10,86,23,131,362
38,2011,2010-06-10,63,33,329,69
38,2012,2010-06-10,24,3,492,55
38,2013,2010-06-10,145,12,399,663
38,2014,2010-06-10,115,41,436,126
38,2015,2010-06-10,121,4,49,150
38,2016,2010-06-10,98,50,45,213
38,2017,2010-06-10,107,6,413,529
39,2001,2001-April-25,76,33,226,113
39,2002,2001-April-25,59,1,118,107
39,2003,2001-April-25,133,42,320,441
39,2004,2001-April-25,79,23,280,294
39,2005,2001-April-25,130,49,493,504
39,2006,2001-April-25,149,23,315,273
39,2007,2001-April-25,10,9,146,32
39,2008,2001-April-25,106,45,348,171
39,2009,2001-April-25,119,4,277,267
39,2010,2001-April-25,110,17,179,234
39,2011,2001-April-25,48,24,431,224
39,2012,2001-April-25,14,7,216,51
39,2013,2001-April-25,27,46,148,74
39,2014,2001-April-25,104,37,327,290
39,2015,2001-April-25,53,34,32,124
39,2016,2001-April-25,65,36,170,185
39,2017,2001-April-25,92,32,213,382
40,2011,2011-June-10,48,1,253,58
40,2012,2011-June-10,90,47,325,173
40,2013,2011-June-10,105,5,85,173
40,2014,2011-June-10,158,11,160,314
40,2015,2011-June-10,149,20,187,151
40,2016,2011-June-10,146,37,69,496
40,2017,2011-June-10,155,29,451,572
41,2013,2013-oc-17,154,50,307,165
41,2014,2013-oc-17,61,30,430,154
41,2015,2013-oc-17,96,7,333,134
41,2016,2013-oc-17,40,7,446,70
41,2017,2013-oc-17,46,3,142,129
42,2003,2003-sp-19,148,43,108,452
42,2004,2003-sp-19,105,37,310,380
42,2005,2003-sp-19,47,34,87,220
42,2006,2003-sp-19,43,37,3,104
42,2007,2003-sp-19,57,20,65,208
42,2008,2003-sp-19,58,31,175,181
42,2009,2003-sp-19,27,8,65,53
42,2010,2003-sp-19,148,39,334,331
42,2011,2003-sp-19,158,23,320,272
42,2012,2003-sp-19,122,50,157,500
42,2013,2003-sp-19,34,20,406,145
42,2014,2003-sp-19,52,14,353,187
42,2015,2003-sp-19,97,17,170,444
42,2016,2003-sp-19,46,42,335,90
42,2017,2003-sp-19,28,22,122,89
43,2008,2008-November-27,90,17,285,208
43,2009,2008-November-27,82,36,130,281
43,2010,2008-November-27,72,13,118,98
43,2011,2008-November-27,29,41,182,73
43,2012,2008-November-27,132,36,185,523
43,2013,2008-November-27,84,47,90,93
43,2014,2008-November-27,72,38,267,114
43,2015,2008-November-27,42,16,22,81
43,2016,2008-November-27,35,18,373,106
43,2017,2008-November-27,96,27,184,238
44,1998,1998-March-23,92,39,184,171
44,1999,1998-March-23,44,21,385,199
44,2000,1998-March-23,67,43,356,128
44,2001,1998-March-23,156,3,64,597
44,2002,1998-March-23,160,50,320,689
44,2003,1998-March-23,152,12,202,547
44,2004,1998-March-23,44,15,94,138
44,2005,1998-March-23,63,41,472,129
44,2006,1998-March-23,103,26,18,301
44,2007,1998-March-23,63,13,170,277
44,2008,1998-March-23,110,35,250,463
44,2009,1998-March-23,80,37,433,370
44,2010,1998-March-23,99,50,299,211
44,2011,1998-March-23,140,7,115,235
44,2012,1998-March-23,88,33,42,285
44,2013,1998-March-23,46,22,279,219
44,2014,1998-March-23,131,31,100,637
44,2015,1998-March-23,90,8,181,191
44,2016,1998-March-23,37,7,174,55
44,2017,1998-March-23,94,31,476,306
45,1991,1991-12-21,154,26,221,322
45,1992,1991-12-21,35,36,407,99
45,1993,1991-12-21,10,36,479,28
45,1994,1991-12-21,65,40,266,208
45,1995,1991-12-21,79,3,140,177
45,1996,1991-12-21,148,28,173,700
45,1997,1991-12-21,25,5,163,60
45,1998,1991-12-21,79,47,403,201
45,1999,1991-12-21,86,3,52,165
45,2000,1991-12-21,106,37,67,490
45,2001,1991-12-21,92,19,154,123
45,2002,1991-12-21,46,40,227,93
45,2003,1991-12-21,158,2,177,455
45,2004,1991-12-21,16,34,290,77
45,2005,1991-12-21,60,21,199,67
45,2006,1991-12-21,68,50,142,196
45,2007,1991-12-21,100,17,380,112
45,2008,1991-12-21,95,33,228,167
45,2009,1991-12-21,102,43,303,392
45,2010,1991-12-21,48,39,386,74
45,2011,1991-12-21,138,34,244,531
45,2012,1991-12-21,150,16,434,317
45,2013,1991-12-21,9,16,155,36
45,2014,1991-12-21,153,17,211,727
45,2015,1991-12-21,61,48,494,176
45,2016,1991-12-21,150,45,492,327
45,2017,1991-12-21,122,2,367,254
46,1998,1998-ma-16,113,5,66,179
46,1999,1998-ma-16,17,17,393,80
46,2000,1998-ma-16,135,48,41,404
46,2001,1998-ma-16,158,32,234,533
46,2002,1998-ma-16,58,4,177,90
46,2003,1998-ma-16,92,15,491,195
46,2004,1998-ma-16,13,18,2,60
46,2005,1998-ma-16,32,5,53,116
46,2006,1998-ma-16,93,40,100,252
46,2007,1998-ma-16,155,42,279,502
46,2008,1998-ma-16,140,31,441,561
46,2009,1998-ma-16,62,43,470,186
46,2010,1998-ma-16,21,9,46,59
46,2011,1998-ma-16,101,16,460,423
46,2012,1998-ma-16,109,8,57,302
46,2013,1998-ma-16,148,4,288,148
46,2014,1998-ma-16,10,49,17,10
46,2015,1998-ma-16,124,44,17,486
46,2016,1998-ma-16,134,16,81,361
46,2017,1998-ma-16,70,29,50,325
47,2008,2008-11-8,60,36,294,235
47,2009,2008-11-8,105,34,9,191
47,2010,2008-11-8,88,34,67,342
47,2011,2008-11-8,52,22,402,160
47,2012,2008-11-8,89,9,262,369
47,2013,2008-11-8,69,18,104,319
47,2014,2008-11-8,51,18,170,87
47,2015,2008-11-8,10,27,357,43
47,2016,2008-11-8,99,6,437,159
47,2017,2008-11-8,89,23,24,199
48,2004,2004-September-11,110,21,160,144
48,2005,2004-September-11,140,1,407,214
48,2006,2004-September-11,52,13,72,152
48,2007,2004-September-11,91,18,392,107
48,2008,2004-September-11,133,39,448,296
48,2009,2004-September-11,110,50,169,459
48,2010,2004-September-11,136,12,385,480
48,2011,2004-September-11,12,21,200,23
48,2012,2004-September-11,151,19,113,305
48,2013,2004-September-11,23,1,434,34
48,2014,2004-September-11,19,19,482,41
48,2015,2004-September-11,104,34,277,127
48,2016,2004-September-11,142,3,36,706
48,2017,2004-September-11,43,2,353,205
49,1999,1999-August-11,72,29,58,90
49,2000,1999-August-11,68,41,93,179
49,2001,1999-August-11,41,9,482,75
49,2002,1999-August-11,89,5,488,89
49,2003,1999-August-11,136,18,215,402
49,2004,1999-August-11,91,9,306,160
49,2005,1999-August-11,16,18,399,61
49,2006,1999-August-11,146,15,153,570
49,2007,1999-August-11,112,44,231,124
49,2008,1999-August-11,108,44,61,253
49,2009,1999-August-11,109,8,400,166
49,2010,1999-August-11,67,39,330,90
49,2011,1999-August-11,66,17,363,68
49,2012,1999-August-11,155,5,472,375
49,2013,1999-August-11,69,2,446,310
49,2014,1999-August-11,152,26,189,519
49,2015,1999-August-11,90,41,127,236
49,2016,1999-August-11,83,37,32,151
49,2017,1999-August-11,14,44,443,64
50,2004,2004-04-9,106,37,133,487
50,2005,2004-04-9,93,30,382,197
50,2006,2004-04-9,78,42,186,330
50,2007,2004-04-9,120,48,374,352
50,2008,2004-04-9,58,28,399,270
50,2009,2004-04-9,36,12,244,85
50,2010,2004-04-9,147,44,181,433
50,2011,2004-04-9,112,42,36,149
50,2012,2004-04-9,142,4,254,672
50,2013,2004-04-9,92,1,17,118
50,2014,2004-04-9,73,9,261,363
50,2015,2004-04-9,152,23,171,671
50,2016,2004-04-9,132,2,344,389
50,2017,2004-04-9,63,4,7,267
51,2004,2004-jly-25,69,26,300,96
51,2005,2004-jly-25,10,3,41,41
51,2006,2004-jly-25,135,47,358,301
51,2007,2004-jly-25,22,15,266,79
51,2008,2004-jly-25,38,34,59,151
51,2009,2004-jly-25,159,5,260,391
51,2010,2004-jly-25,32,19,402,96
51,2011,2004-jly-25,10,49,385,35
51,2012,2004-jly-25,35,41,359,74
51,2013,2004-jly-25,86,18,328,289
51,2014,2004-jly-25,92,10,130,365
51,2015,2004-jly-25,122,46,88,544
51,2016,2004-jly-25,119,17,57,564
51,2017,2004-jly-25,9,20,187,25
52,2001,2001-10-11,94,34,443,374
52,2002,2001-10-11,87,39,342,387
52,2003,2001-10-11,109,41,453,481
52,2004,2001-10-11,68,44,36,121
52,2005,2001-10-11,148,4,425,613
52,2006,2001-10-11,42,44,348,154
52,2007,2001-10-11,58,17,480,150
52,2008,2001-10-11,59,29,131,282
52,2009,2001-10-11,17,23,480,26
52,2010,2001-10-11,120,23,249,586
52,2011,2001-10-11,49,8,171,184
52,2012,2001-10-11,49,19,188,218
52,2013,2001-10-11,128,42,28,253
52,2014,2001-10-11,111,1,17,444
52,2015,2001-10-11,35,29,2,74
52,2016,2001-10-11,106,4,50,494
52,2017,2001-10-11,142,48,375,239
53,2013,2013-June-11,59,25,333,238
53,2014,2013-June-11,34,23,300,87
53,2015,2013-June-11,86,36,496,224
53,2016,2013-June-11,24,13,83,39
53,2017,2013-June-11,20,37,235,61
54,2012,2012-dc-6,28,22,371,82
54,2013,2012-dc-6,15,15,205,68
54,2014,2012-dc-6,125,18,391,173
54,2015,2012-dc-6,34,1,124,51
54,2016,2012-dc-6,9,8,409,16
54,2017,2012-dc-6,51,29,173,247
55,2002,2002-03-21,100,34,201,399
55,2003,2002-03-21,109,18,402,205
55,2004,2002-03-21,109,40,34,413
55,2005,2002-03-21,124,48,62,329
55,2006,2002-03-21,80,33,228,333
55,2007,2002-03-21,30,29,93,136
55,2008,2002-03-21,108,20,362,182
55,2009,2002-03-21,24,9,465,62
55,2010,2002-03-21,49,50,459,121
55,2011,2002-03-21,25,24,410,43
55,2012,2002-03-21,107,23,154,518
55,2013,2002-03-21,155,48,435,220
55,2014,2002-03-21,9,5,308,21
55,2015,2002-03-21,142,1,152,600
55,2016,2002-03-21,100,3,177,218
55,2017,2002-03-21,70,10,271,268
56,1994,1994-ag-20,52,41,99,133
56,1995,1994-ag-20,60,12,336,116
56,1996,1994-ag-20,67,26,222,297
56,1997,1994-ag-20,157,3,83,712
56,1998,1994-ag-20,113,4,15,416
56,1999,1994-ag-20,71,21,425,196
56,2000,1994-ag-20,90,13,70,103
56,2001,1994-ag-20,102,40,97,294
56,2002,1994-ag-20,148,8,43,605
56,2003,1994-ag-20,95,29,379,196
56,2004,1994-ag-20,38,21,152,114
56,2005,1994-ag-20,42,24,14,184
56,2006,1994-ag-20,140,44,338,381
56,2007,1994-ag-20,128,14,253,313
56,2008,1994-ag-20,31,43,131,38
56,2009,1994-ag-20,121,19,117,428
56,2010,1994-ag-20,66,11,225,204
56,2011,1994-ag-20,89,50,85,309
56,2012,1994-ag-20,48,32,443,236
56,2013,1994-ag-20,99,50,205,163
56,2014,1994-ag-20,93,22,179,157
56,2015,1994-ag-20,116,27,77,496
56,2016,1994-ag-20,138,43,260,382
56,2017,1994-ag-20,132,38,41,435
57,2006,2006-01-20,109,7,84,335
57,2007,2006-01-20,45,27,140,119
57,2008,2006-01-20,122,40,463,540
57,2009,2006-01-20,72,50,173,268
57,2010,2006-01-20,106,4,405,155
57,2011,2006-01-20,140,28,95,216
57,2012,2006-01-20,96,5,341,290
57,2013,2006-01-20,34,13,269,154
57,2014,2006-01-20,9,48,321,16
57,2015,2006-01-20,138,5,246,173
57,2016,2006-01-20,56,45,371,274
57,2017,2006-01-20,153,39,49,294
58,2006,2006-November-18,100,4,137,299
58,2007,2006-November-18,35,7,373,46
58,2008,2006-November-18,48,2,420,116
58,2009,2006-November-18,74,31,353,201
58,2010,2006-November-18,28,22,241,47
58,2011,2006-November-18,70,27,396,185
58,2012,2006-November-18,95,17,402,174
58,2013,2006-November-18,93,13,31,424
58,2014,2006-November-18,10,1,490,14
58,2015,2006-November-18,53,9,379,185
58,2016,2006-November-18,15,4,238,15
58,2017,2006-November-18,32,8,248,87
59,1994,1994-07-5,19,21,221,94
59,1995,1994-07-5,100,18,371,345
59,1996,1994-07-5,12,38,473,28
59,1997,1994-07-5,33,31,277,68
59,1998,1994-07-5,113,44,111,528
59,1999,1994-07-5,38,6,406,180
59,2000,1994-07-5,37,28,162,82
59,2001,1994-07-5,92,42,58,297
59,2002,1994-07-5,18,32,74,28
59,2003,1994-07-5,125,5,453,531
59,2004,1994-07-5,155,45,196,551
59,2005,1994-07-5,150,21,411,196
59,2006,1994-07-5,34,24,65,150
59,2007,1994-07-5,27,17,351,81
59,2008,1994-07-5,102,45,271,426
59,2009,1994-07-5,67,24,372,218
59,2010,1994-07-5,112,10,365,444
59,2011,1994-07-5,106,33,431,246
59,2012,1994-07-5,10,4,373,22
59,2013,1994-07-5,32,50,324,151
59,2014,1994-07-5,25,16,419,60
59,2015,1994-07-5,48,32,229,156
59,2016,1994-07-5,12,13,477,58
59,2017,1994-07-5,77,13,392,169
60,2017,2017-October-23,30,42,284,98
61,1995,1995-12-11,25,15,456,38
61,1996,1995-12-11,42,17,292,151
61,1997,1995-12-11,101,23,348,251
61,1998,1995-12-11,60,10,355,139
61,1999,1995-12-11,43,39,381,62
61,2000,1995-12-11,107,41,372,215
61,2001,1995-12-11,89,3,480,114
61,2002,1995-12-11,127,11,322,274
61,2003,1995-12-11,146,11,205,153
61,2004,1995-12-11,154,6,359,672
61,2005,1995-12-11,138,20,189,629
61,2006,1995-12-11,93,10,192,265
61,2007,1995-12-11,87,32,325,307
61,2008,1995-12-11,125,44,495,213
61,2009,1995-12-11,140,37,264,301
61,2010,1995-12-11,106,44,367,268
61,2011,1995-12-11,51,33,465,167
61,2012,1995-12-11,68,6,116,214
61,2013,1995-12-11,99,3,119,173
61,2014,1995-12-11,140,12,67,599
61,2015,1995-12-11,100,28,331,402
61,2016,1995-12-11,25,42,183,104
61,2017,1995-12-11,9,21,188,43
62,2011,2011-ap-16,13,12,308,30
62,2012,2011-ap-16,9,19,468,31
62,2013,2011-ap-16,61,35,255,222
62,2014,2011-ap-16,33,42,307,35
62,2015,2011-ap-16,82,39,439,213
62,2016,2011-ap-16,132,11,112,655
62,2017,2011-ap-16,124,23,86,148
63,2002,2002-nov-22,81,25,138,86
63,2003,2002-nov-22,10,43,300,21
63,2004,2002-nov-22,151,37,495,542
63,2005,2002-nov-22,61,39,166,187
63,2006,2002-nov-22,134,7,318,523
63,2007,2002-nov-22,84,17,148,231
63,2008,2002-nov-22,144,45,60,662
63,2009,2002-nov-22,132,8,408,474
63,2010,2002-nov-22,96,16,73,455
63,2011,2002-nov-22,55,40,240,65
63,2012,2002-nov-22,106,31,424,417
63,2013,2002-nov-22,95,15,47,444
63,2014,2002-nov-22,11,29,221,32
63,2015,2002-nov-22,16,8,304,28
63,2016,2002-nov-22,144,36,123,718
63,2017,2002-nov-22,57,42,82,185
64,1993,1993-04-2,63,7,128,130
64,1994,1993-04-2,149,37,350,306
64,1995,1993-04-2,64,44,145,128
64,1996,1993-04-2,110,5,494,111
64,1997,1993-04-2,115,29,394,488
64,1998,1993-04-2,77,9,7,115
64,1999,1993-04-2,41,4,268,150
64,2000,1993-04-2,145,34,218,328
64,2001,1993-04-2,129,13,203,534
64,2002,1993-04-2,10,4,98,10
64,2003,1993-04-2,148,9,126,677
64,2004,1993-04-2,12,35,285,42
64,2005,1993-04-2,113,33,176,463
64,2006,1993-04-2,31,31,157,63
64,2007,1993-04-2,52,28,335,162
64,2008,1993-04-2,118,35,158,503
64,2009,1993-04-2,81,47,312,118
64,2010,1993-04-2,102,35,21,188
64,2011,1993-04-2,117,50,395,427
64,2012,1993-04-2,65,38,377,150
64,2013,1993-04-2,62,50,139,121
64,2014,1993-04-2,57,39,75,118
64,2015,1993-04-2,57,48,302,240
64,2016,1993-04-2,148,19,224,651
64,2017,1993-04-2,81,9,40,306
65,2015,2015-May-17,77,19,396,144
65,2016,2015-May-17,96,39,62,163
65,2017,2015-May-17,89,38,423,330
66,2011,2011-03-20,120,41,476,237
66,2012,2011-03-20,97,39,346,470
66,2013,2011-03-20,116,14,142,434
66,2014,2011-03-20,134,9,323,255
66,2015,2011-03-20,125,17,161,576
66,2016,2011-03-20,116,18,113,174
66,2017,2011-03-20,71,37,9,82
67,2014,2014-aug-19,134,27,258,630
67,2015,2014-aug-19,120,1,308,176
67,2016,2014-aug-19,110,10,304,188
67,2017,2014-aug-19,71,12,36,115
68,2000,2000-10-16,66,26,430,207
68,2001,2000-10-16,54,13,214,81
68,2002,2000-10-16,118,46,5,157
68,2003,2000-10-16,150,11,113,254
68,2004,2000-10-16,98,38,82,444
68,2005,2000-10-16,51,31,292,96
68,2006,2000-10-16,105,32,379,215
68,2007,2000-10-16,126,14,278,552
68,2008,2000-10-16,104,34,217,204
68,2009,2000-10-16,150,17,252,744
68,2010,2000-10-16,142,30,66,279
68,2011,2000-10-16,44,12,310,131
68,2012,2000-10-16,139,32,357,422
68,2013,2000-10-16,62,16,29,206
68,2014,2000-10-16,70,27,114,175
68,2015,2000-10-16,92,11,452,337
68,2016,2000-10-16,134,27,390,461
68,2017,2000-10-16,128,46,463,574
69,2001,2001-January-9,94,50,484,236
69,2002,2001-January-9,144,28,210,372
69,2003,2001-January-9,80,41,481,295
69,2004,2001-January-9,15,19,1,68
69,2005,2001-January-9,70,41,290,272
69,2006,2001-January-9,49,6,21,236
69,2007,2001-January-9,44,46,15,93
69,2008,2001-January-9,54,10,287,172
69,2009,2001-January-9,20,46,224,75
69,2010,2001-January-9,28,49,360,112
69,2011,2001-January-9,41,9,301,146
69,2012,2001-January-9,133,25,256,591
69,2013,2001-January-9,63,47,216,312
69,2014,2001-January-9,72,12,141,170
69,2015,2001-January-9,100,1,124,396
69,2016,2001-January-9,93,20,44,194
69,2017,2001-January-9,55,26,3,199
70,2009,2009-September-21,84,39,337,190
70,2010,2009-September-21,88,30,343,257
70,2011,2009-September-21,159,12,318,579
70,2012,2009-September-21,142,31,431,299
70,2013,2009-September-21,136,11,336,181
70,2014,2009-September-21,81,44,175,350
70,2015,2009-September-21,103,40,138,153
70,2016,2009-September-21,55,33,380,131
70,2017,2009-September-21,122,3,190,529
71,1999,1999-nv-20,28,2,442,92
71,2000,1999-nv-20,58,15,101,284
71,2001,1999-nv-20,51,13,229,189
71,2002,1999-nv-20,113,26,488,336
71,2003,1999-nv-20,120,15,184,378
71,2004,1999-nv-20,70,42,492,287
71,2005,1999-nv-20,77,35,333,228
71,2006,1999-nv-20,121,46,70,516
71,2007,1999-nv-20,141,38,106,315
71,2008,1999-nv-20,27,29,322,119
71,2009,1999-nv-20,144,14,158,482
71,2010,1999-nv-20,17,18,171,19
71,2011,1999-nv-20,67,12,488,199
71,2012,1999-nv-20,153,7,181,630
71,2013,1999-nv-20,128,42,249,240
71,2014,1999-nv-20,134,32,159,553
71,2015,1999-nv-20,142,12,173,391
71,2016,1999-nv-20,98,6,60,293
71,2017,1999-nv-20,74,2,376,129
72,2017,2017-10-16,58,17,185,168
73,1995,1995-September-28,46,42,280,194
73,1996,1995-September-28,12,2,451,28
73,1997,1995-September-28,110,49,259,449
73,1998,1995-September-28,47,36,441,64
73,1999,1995-September-28,105,46,222,513
73,2000,1995-September-28,133,48,67,606
73,2001,1995-September-28,24,22,137,94
73,2002,1995-September-28,100,29,462,345
73,2003,1995-September-28,39,36,37,88
73,2004,1995-September-28,101,12,80,192
73,2005,1995-September-28,111,44,173,114
73,2006,1995-September-28,84,8,471,309
73,2007,1995-September-28,28,15,49,134
73,2008,1995-September-28,92,10,320,215
73,2009,1995-September-28,121,27,101,161
73,2010,1995-September-28,132,16,118,315
73,2011,1995-September-28,77,20,362,355
73,2012,1995-September-28,150,31,244,708
73,2013,1995-September-28,97,26,193,312
73,2014,1995-September-28,143,10,374,179
73,2015,1995-September-28,70,12,332,267
73,2016,1995-September-28,79,11,91,116
73,2017,1995-September-28,10,8,475,13
74,2008,2008-10-10,17,28,456,81
74,2009,2008-10-10,91,29,104,92
74,2010,2008-10-10,45,39,313,96
74,2011,2008-10-10,43,39,343,132
74,2012,2008-10-10,107,40,281,398
74,2013,2008-10-10,127,44,409,348
74,2014,2008-10-10,34,34,410,118
74,2015,2008-10-10,11,48,197,51
74,2016,2008-10-10,71,39,447,169
74,2017,2008-10-10,101,35,198,259
75,2003,2003-oc-28,78,29,488,326
75,2004,2003-oc-28,31,18,191,130
75,2005,2003-oc-28,155,10,133,549
75,2006,2003-oc-28,75,34,392,314
75,2007,2003-oc-28,43,33,174,94
75,2008,2003-oc-28,46,21,364,222
75,2009,2003-oc-28,157,47,478,399
75,2010,2003-oc-28,158,8,485,501
75,2011,2003-oc-28,89,41,351,168
75,2012,2003-oc-28,157,34,163,377
75,2013,2003-oc-28,87,20,389,429
75,2014,2003-oc-28,116,35,131,262
75,2015,2003-oc-28,132,22,194,636
75,2016,2003-oc-28,116,30,311,325
75,2017,2003-oc-28,118,20,131,332
76,2013,2013-01-25,22,41,496,39
76,2014,2013-01-25,157,1,185,274
76,2015,2013-01-25,82,8,138,340
76,2016,2013-01-25,94,8,58,456
76,2017,2013-01-25,148,14,326,225
77,2006,2006-sept-11,98,9,190,476
77,2007,2006-sept-11,29,30,79,139
77,2008,2006-sept-11,128,36,192,373
77,2009,2006-sept-11,28,7,360,115
77,2010,2006-sept-11,10,2,328,48
77,2011,2006-sept-11,57,7,242,109
77,2012,2006-sept-11,13,20,342,35
77,2013,2006-sept-11,31,28,313,73
77,2014,2006-sept-11,42,24,327,100
77,2015,2006-sept-11,94,47,57,197
77,2016,2006-sept-11,83,21,467,340
77,2017,2006-sept-11,36,20,443,126
78,2009,2009-ja-11,88,19,52,156
78,2010,2009-ja-11,126,40,164,627
78,2011,2009-ja-11,34,32,269,79
78,2012,2009-ja-11,159,45,242,190
78,2013,2009-ja-11,36,10,111,149
78,2014,2009-ja-11,64,46,436,94
78,2015,2009-ja-11,159,32,162,428
78,2016,2009-ja-11,63,41,276,295
78,2017,2009-ja-11,39,36,14,40
79,2005,2005-March-7,16,44,70,47
79,2006,2005-March-7,24,13,40,86
79,2007,2005-March-7,149,22,159,288
79,2008,2005-March-7,35,11,307,103
79,2009,2005-March-7,159,36,248,680
79,2010,2005-March-7,28,34,394,90
79,2011,2005-March-7,115,25,119,228
79,2012,2005-March-7,87,25,451,239
79,2013,2005-March-7,60,36,250,245
79,2014,2005-March-7,156,10,357,706
79,2015,2005-March-7,138,10,178,316
79,2016,2005-March-7,77,3,31,369
79,2017,2005-March-7,22,42,91,94
80,1997,1997-jly-4,27,5,95,72
80,1998,1997-jly-4,76,20,405,246
80,1999,1997-jly-4,155,18,404,756
80,2000,1997-jly-4,70,30,91,95
80,2001,1997-jly-4,113,3,176,372
80,2002,1997-jly-4,93,18,86,408
80,2003,1997-jly-4,9,9,175,12
80,2004,1997-jly-4,14,25,148,60
80,2005,1997-jly-4,11,5,449,17
80,2006,1997-jly-4,46,12,435,107
80,2007,1997-jly-4,25,46,191,117
80,2008,1997-jly-4,32,47,456,32
80,2009,1997-jly-4,134,9,189,282
80,2010,1997-jly-4,55,14,126,250
80,2011,1997-jly-4,87,43,447,152
80,2012,1997-jly-4,122,31,33,140
80,2013,1997-jly-4,27,12,179,103
80,2014,1997-jly-4,9,44,243,44
80,2015,1997-jly-4,92,46,391,184
80,2016,1997-jly-4,16,14,70,40
80,2017,1997-jly-4,19,43,332,69
81,2000,2000-01-19,40,46,45,147
81,2001,2000-01-19,149,22,208,645
81,2002,2000-01-19,33,33,76,150
81,2003,2000-01-19,55,4,214,97
81,2004,2000-01-19,151,40,187,439
81,2005,2000-01-19,102,20,50,449
81,2006,2000-01-19,41,13,196,180
81,2007,2000-01-19,19,29,293,61
81,2008,2000-01-19,43,40,207,186
81,2009,2000-01-19,112,18,420,452
81,2010,2000-01-19,90,1,41,101
81,2011,2000-01-19,90,13,366,146
81,2012,2000-01-19,19,40,274,49
81,2013,2000-01-19,57,2,217,107
81,2014,2000-01-19,55,23,371,242
81,2015,2000-01-19,46,38,425,93
81,2016,2000-01-19,66,10,334,257
81,2017,2000-01-19,44,49,77,141
82,1990,1990-nv-1,57,49,353,274
82,1991,1990-nv-1,110,34,154,304
82,1992,1990-nv-1,70,49,309,188
82,1993,1990-nv-1,104,30,42,187
82,1994,1990-nv-1,119,50,329,577
82,1995,1990-nv-1,47,3,228,191
82,1996,1990-nv-1,85,43,201,312
82,1997,1990-nv-1,70,3,255,350
82,1998,1990-nv-1,139,1,151,378
82,1999,1990-nv-1,147,14,272,599
82,2000,1990-nv-1,119,28,93,254
82,2001,1990-nv-1,37,10,418,132
82,2002,1990-nv-1,48,9,3,96
82,2003,1990-nv-1,24,8,190,94
82,2004,1990-nv-1,107,15,73,240
82,2005,1990-nv-1,100,12,354,374
82,2006,1990-nv-1,147,46,395,410
82,2007,1990-nv-1,119,38,99,296
82,2008,1990-nv-1,98,41,34,369
82,2009,1990-nv-1,137,33,192,409
82,2010,1990-nv-1,156,37,246,396
82,2011,1990-nv-1,43,50,492,58
82,2012,1990-nv-1,124,8,412,420
82,2013,1990-nv-1,92,22,473,282
82,2014,1990-nv-1,148,7,99,274
82,2015,1990-nv-1,61,26,189,191
82,2016,1990-nv-1,90,44,163,124
82,2017,1990-nv-1,17,13,50,48
83,1996,1996-January-12,19,47,359,89
83,1997,1996-January-12,147,27,369,663
83,1998,1996-January-12,37,50,452,57
83,1999,1996-January-12,43,36,15,179
83,2000,1996-January-12,75,13,37,216
83,2001,1996-January-12,60,40,463,276
83,2002,1996-January-12,125,46,126,438
83,2003,1996-January-12,84,22,260,311
83,2004,1996-January-12,87,32,494,392
83,2005,1996-January-12,117,2,38,185
83,2006,1996-January-12,88,30,457,210
83,2007,1996-January-12,142,35,451,642
83,2008,1996-January-12,92,24,421,439
83,2009,1996-January-12,145,47,464,521
83,2010,1996-January-12,119,23,410,559
83,2011,1996-January-12,97,8,107,267
83,2012,1996-January-12,32,39,467,46
83,2013,1996-January-12,124,13,3,188
83,2014,1996-January-12,155,32,12,269
83,2015,1996-January-12,100,26,189,249
83,2016,1996-January-12,72,39,474,315
83,2017,1996-January-12,112,45,187,209
84,1999,1999-08-2,159,42,466,246
84,2000,1999-08-2,47,49,236,92
84,2001,1999-08-2,66,28,361,319
84,2002,1999-08-2,82,41,234,240
84,2003,1999-08-2,35,32,110,62
84,2004,1999-08-2,118,43,57,478
84,2005,1999-08-2,106,23,40,368
84,2006,1999-08-2,126,41,143,449
84,2007,1999-08-2,57,1,16,191
84,2008,1999-08-2,119,10,148,531
84,2009,1999-08-2,96,11,308,140
84,2010,1999-08-2,49,7,404,58
84,2011,1999-08-2,115,22,357,476
84,2012,1999-08-2,132,12,34,156
84,2013,1999-08-2,105,40,468,148
84,2014,1999-08-2,30,25,378,76
84,2015,1999-08-2,138,44,483,193
84,2016,1999-08-2,96,33,294,448
84,2017,1999-08-2,30,3,66,124
85,2005,2005-June-1,108,21,359,488
85,2006,2005-June-1,132,11,423,594
85,2007,2005-June-1,87,24,98,195
85,2008,2005-June-1,46,8,454,50
85,2009,2005-June-1,24,2,130,45
85,2010,2005-June-1,144,23,75,540
85,2011,2005-June-1,138,18,50,301
85,2012,2005-June-1,132,49,136,562
85,2013,2005-June-1,98,11,409,202
85,2014,2005-June-1,58,16,466,204
85,2015,2005-June-1,146,38,17,203
85,2016,2005-June-1,63,29,440,238
85,2017,2005-June-1,113,39,193,322
86,2015,2015-ap-2,158,5,159,460
86,2016,2015-ap-2,87,46,383,303
86,2017,2015-ap-2,58,31,48,176
87,2008,2008-February-2,66,39,337,315
87,2009,2008-February-2,102,48,86,298
87,2010,2008-February-2,55,30,231,185
87,2011,2008-February-2,52,36,476,57
87,2012,2008-February-2,113,15,169,283
87,2013,2008-February-2,69,12,197,260
87,2014,2008-February-2,29,32,403,113
87,2015,2008-February-2,136,50,335,345
87,2016,2008-February-2,31,30,402,151
87,2017,2008-February-2,51,22,226,157
88,1993,1993-dc-27,130,12,95,210
88,1994,1993-dc-27,126,35,47,331
88,1995,1993-dc-27,36,30,180,156
88,1996,1993-dc-27,120,34,46,325
88,1997,1993-dc-27,11,6,424,11
88,1998,1993-dc-27,149,43,183,676
88,1999,1993-dc-27,47,48,345,144
88,2000,1993-dc-27,30,8,313,121
88,2001,1993-dc-27,28,36,185,30
88,2002,1993-dc-27,89,34,438,307
88,2003,1993-dc-27,116,39,9,457
88,2004,1993-dc-27,152,29,371,241
88,2005,1993-dc-27,117,31,483,510
88,2006,1993-dc-27,99,29,132,452
88,2007,1993-dc-27,138,27,109,603
88,2008,1993-dc-27,17,26,56,66
88,2009,1993-dc-27,92,5,172,452
88,2010,1993-dc-27,107,1,235,512
88,2011,1993-dc-27,49,8,47,118
88,2012,1993-dc-27,141,47,154,499
88,2013,1993-dc-27,72,39,494,288
88,2014,1993-dc-27,160,25,423,485
88,2015,1993-dc-27,71,38,153,108
88,2016,1993-dc-27,98,35,173,434
88,2017,1993-dc-27,49,33,298,68
89,2017,2017-feb-21,107,50,251,467
90,2001,2001-sp-12,110,33,19,213
90,2002,2001-sp-12,114,47,325,290
90,2003,2001-sp-12,93,9,308,430
90,2004,2001-sp-12,156,20,366,254
90,2005,2001-sp-12,32,7,88,150
90,2006,2001-sp-12,159,35,479,665
90,2007,2001-sp-12,127,13,126,210
90,2008,2001-sp-12,36,17,142,152
90,2009,2001-sp-12,90,35,454,237
90,2010,2001-sp-12,39,14,284,116
90,2011,2001-sp-12,10,37,221,42
90,2012,2001-sp-12,22,40,187,102
90,2013,2001-sp-12,18,10,294,50
90,2014,2001-sp-12,144,29,76,684
90,2015,2001-sp-12,24,23,48,48
90,2016,2001-sp-12,84,24,79,314
90,2017,2001-sp-12,30,20,128,129
91,2003,2003-nov-19,94,20,424,147
91,2004,2003-nov-19,18,19,476,66
91,2005,2003-nov-19,59,29,195,231
91,2006,2003-nov-19,137,22,103,601
91,2007,2003-nov-19,43,17,222,151
91,2008,2003-nov-19,141,14,400,546
91,2009,2003-nov-19,152,28,39,628
91,2010,2003-nov-19,81,47,163,295
91,2011,2003-nov-19,154,33,195,657
91,2012,2003-nov-19,76,36,199,170
91,2013,2003-nov-19,118,49,59,469
91,2014,2003-nov-19,147,20,2,632
91,2015,2003-nov-19,151,50,255,630
91,2016,2003-nov-19,63,35,292,82
91,2017,2003-nov-19,78,50,189,266
92,2007,2007-10-12,69,29,95,285
92,2008,2007-10-12,26,7,308,102
92,2009,2007-10-12,133,21,321,656
92,2010,2007-10-12,30,28,324,144
92,2011,2007-10-12,138,32,12,268
92,2012,2007-10-12,75,30,220,88
92,2013,2007-10-12,51,22,426,76
92,2014,2007-10-12,136,39,279,587
92,2015,2007-10-12,121,21,470,360
92,2016,2007-10-12,127,46,466,627
92,2017,2007-10-12,16,26,343,61
93,2014,2014-04-8,72,25,106,229
93,2015,2014-04-8,114,38,23,265
93,2016,2014-04-8,74,45,239,269
93,2017,2014-04-8,137,40,45,439
94,2012,2012-03-8,139,40,316,306
94,2013,2012-03-8,34,28,154,83
94,2014,2012-03-8,96,40,2,164
94,2015,2012-03-8,90,11,57,320
94,2016,2012-03-8,139,32,147,475
94,2017,2012-03-8,86,41,293,165
95,2005,2005-May-24,97,41,311,439
95,2006,2005-May-24,109,17,388,159
95,2007,2005-May-24,90,32,449,105
95,2008,2005-May-24,101,30,194,117
95,2009,2005-May-24,66,4,88,78
95,2010,2005-May-24,36,11,364,76
95,2011,2005-May-24,61,29,108,261
95,2012,2005-May-24,54,16,140,201
95,2013,2005-May-24,108,31,115,181
95,2014,2005-May-24,160,41,20,560
95,2015,2005-May-24,39,41,5,158
95,2016,2005-May-24,22,35,350,76
95,2017,2005-May-24,127,41,385,200
96,2016,2016-March-23,74,9,471,95
96,2017,2016-March-23,21,12,290,48
97,1998,1998-dec-22,12,17,62,42
97,1999,1998-dec-22,144,43,203,188
97,2000,1998-dec-22,143,9,219,570
97,2001,1998-dec-22,35,11,117,98
97,2002,1998-dec-22,11,8,189,24
97,2003,1998-dec-22,58,7,186,236
97,2004,1998-dec-22,30,14,1,138
97,2005,1998-dec-22,59,34,38,158
97,2006,1998-dec-22,16,50,424,49
97,2007,1998-dec-22,80,46,8,96
97,2008,1998-dec-22,53,50,383,182
97,2009,1998-dec-22,72,48,124,126
97,2010,1998-dec-22,31,48,265,68
97,2011,1998-dec-22,43,38,276,199
97,2012,1998-dec-22,46,35,344,98
97,2013,1998-dec-22,12,30,101,56
97,2014,1998-dec-22,154,1,474,429
97,2015,1998-dec-22,144,1,111,226
97,2016,1998-dec-22,145,23,256,687
97,2017,1998-dec-22,83,19,25,104
98,1994,1994-my-23,93,7,308,465
98,1995,1994-my-23,150,16,11,445
98,1996,1994-my-23,40,44,273,66
98,1997,1994-my-23,98,47,199,207
98,1998,1994-my-23,74,9,281,117
98,1999,1994-my-23,137,4,157,227
98,2000,1994-my-23,76,42,198,182
98,2001,1994-my-23,44,27,72,193
98,2002,1994-my-23,78,18,270,202
98,2003,1994-my-23,9,31,29,35
98,2004,1994-my-23,30,43,14,75
98,2005,1994-my-23,44,38,322,206
98,2006,1994-my-23,144,6,474,350
98,2007,1994-my-23,136,19,315,557
98,2008,1994-my-23,106,9,315,306
98,2009,1994-my-23,75,13,204,145
98,2010,1994-my-23,8,27,416,29
98,2011,1994-my-23,87,16,118,105
98,2012,1994-my-23,33,12,52,115
98,2013,1994-my-23,51,25,184,101
98,2014,1994-my-23,58,10,379,182
98,2015,1994-my-23,26,3,317,100
98,2016,1994-my-23,65,10,209,279
98,2017,1994-my-23,86,45,443,268
99,2015,2015-nv-4,77,37,363,244
99,2016,2015-nv-4,103,12,155,342
99,2017,2015-nv-4,34,24,215,47
100,2013,2013-ap-19,150,4,129,534
100,2014,2013-ap-19,87,25,400,200
100,2015,2013-ap-19,91,2,260,314
100,2016,2013-ap-19,87,45,391,408
100,2017,2013-ap-19,56,13,212,69
101,2000,2000-ja-1,92,40,380,188
101,2001,2000-ja-1,27,47,236,110
101,2002,2000-ja-1,10,7,289,14
101,2003,2000-ja-1,66,42,275,217
101,2004,2000-ja-1,26,20,28,40
101,2005,2000-ja-1,82,1,73,212
101,2006,2000-ja-1,156,42,362,372
101,2007,2000-ja-1,34,45,319,162
101,2008,2000-ja-1,95,44,125,275
101,2009,2000-ja-1,32,41,88,65
101,2010,2000-ja-1,51,18,443,64
101,2011,2000-ja-1,41,15,238,101
101,2012,2000-ja-1,97,46,308,355
101,2013,2000-ja-1,154,35,155,331
101,2014,2000-ja-1,8,43,457,32
101,2015,2000-ja-1,52,37,107,130
101,2016,2000-ja-1,63,7,17,281
101,2017,2000-ja-1,104,22,390,446
102,2016,2016-May-9,28,29,43,54
102,2017,2016-May-9,31,29,193,136
103,1996,1996-03-25,104,1,46,345
103,1997,1996-03-25,80,20,233,351
103,1998,1996-03-25,58,8,358,76
103,1999,1996-03-25,39,3,481,190
103,2000,1996-03-25,125,23,210,178
103,2001,1996-03-25,35,25,275,80
103,2002,1996-03-25,145,20,171,570
103,2003,1996-03-25,136,37,246,610
103,2004,1996-03-25,16,36,392,45
103,2005,1996-03-25,150,1,11,440
103,2006,1996-03-25,148,16,499,183
103,2007,1996-03-25,18,1,484,20
103,2008,1996-03-25,100,16,200,390
103,2009,1996-03-25,110,31,143,512
103,2010,1996-03-25,48,37,160,83
103,2011,1996-03-25,160,21,220,515
103,2012,1996-03-25,18,17,228,83
103,2013,1996-03-25,159,44,108,283
103,2014,1996-03-25,32,8,146,149
103,2015,1996-03-25,10,5,71,20
103,2016,1996-03-25,151,21,232,590
103,2017,1996-03-25,90,20,273,387
104,2012,2012-ja-4,56,6,204,235
104,2013,2012-ja-4,152,23,492,482
104,2014,2012-ja-4,102,14,314,318
104,2015,2012-ja-4,122,20,27,546
104,2016,2012-ja-4,28,29,450,134
104,2017,2012-ja-4,76,46,170,250
105,1993,1993-07-13,156,8,144,484
105,1994,1993-07-13,115,38,276,139
105,1995,1993-07-13,129,35,257,421
105,1996,1993-07-13,155,20,477,548
105,1997,1993-07-13,62,22,256,304
105,1998,1993-07-13,8,46,354,36
105,1999,1993-07-13,122,41,277,148
105,2000,1993-07-13,92,21,272,444
105,2001,1993-07-13,103,30,207,334
105,2002,1993-07-13,74,4,412,163
105,2003,1993-07-13,92,49,268,108
105,2004,1993-07-13,90,32,226,317
105,2005,1993-07-13,138,4,284,590
105,2006,1993-07-13,104,16,296,459
105,2007,1993-07-13,47,5,46,102
105,2008,1993-07-13,36,19,409,137
105,2009,1993-07-13,70,38,235,337
105,2010,1993-07-13,66,44,402,291
105,2011,1993-07-13,61,15,180,170
105,2012,1993-07-13,41,27,295,202
105,2013,1993-07-13,49,41,459,216
105,2014,1993-07-13,156,24,171,681
105,2015,1993-07-13,63,46,408,216
105,2016,1993-07-13,9,46,68,17
105,2017,1993-07-13,128,28,219,527
106,2012,2012-August-3,31,18,44,116
106,2013,2012-August-3,78,26,442,167
106,2014,2012-August-3,107,29,494,224
106,2015,2012-August-3,33,44,256,90
106,2016,2012-August-3,95,6,231,299
106,2017,2012-August-3,128,21,52,513
107,1990,1990-dc-10,77,37,42,304
107,1991,1990-dc-10,33,29,481,166
107,1992,1990-dc-10,11,13,379,20
107,1993,1990-dc-10,159,27,68,754
107,1994,1990-dc-10,111,48,189,418
107,1995,1990-dc-10,140,17,256,364
107,1996,1990-dc-10,76,42,55,218
107,1997,1990-dc-10,30,47,489,128
107,1998,1990-dc-10,16,9,382,54
107,1999,1990-dc-10,88,10,147,433
107,2000,1990-dc-10,94,45,323,156
107,2001,1990-dc-10,146,1,247,658
107,2002,1990-dc-10,15,44,403,46
107,2003,1990-dc-10,129,38,462,305
107,2004,1990-dc-10,35,37,454,99
107,2005,1990-dc-10,142,23,318,620
107,2006,1990-dc-10,149,48,257,185
107,2007,1990-dc-10,73,44,185,128
107,2008,1990-dc-10,55,34,117,65
107,2009,1990-dc-10,101,33,403,203
107,2010,1990-dc-10,31,23,304,149
107,2011,1990-dc-10,62,43,428,175
107,2012,1990-dc-10,118,26,460,575
107,2013,1990-dc-10,151,40,64,391
107,2014,1990-dc-10,63,39,83,209
107,2015,1990-dc-10,127,21,29,523
107,2016,1990-dc-10,85,5,146,186
107,2017,1990-dc-10,17,14,463,53
108,1991,1991-06-6,69,19,207,95
108,1992,1991-06-6,51,9,457,200
108,1993,1991-06-6,78,26,106,319
108,1994,1991-06-6,159,19,114,479
108,1995,1991-06-6,83,29,425,385
108,1996,1991-06-6,69,5,184,97
108,1997,1991-06-6,52,38,373,260
108,1998,1991-06-6,115,36,238,212
108,1999,1991-06-6,138,32,424,559
108,2000,1991-06-6,32,31,187,146
108,2001,1991-06-6,132,47,163,470
108,2002,1991-06-6,101,22,407,180
108,2003,1991-06-6,61,9,401,255
108,2004,1991-06-6,43,12,206,49
108,2005,1991-06-6,19,29,231,30
108,2006,1991-06-6,49,49,472,210
108,2007,1991-06-6,96,14,59,124
108,2008,1991-06-6,88,46,393,414
108,2009,1991-06-6,158,38,23,632
108,2010,1991-06-6,87,31,323,320
108,2011,1991-06-6,104,50,284,253
108,2012,1991-06-6,109,8,476,520
108,2013,1991-06-6,141,19,400,237
108,2014,1991-06-6,100,29,205,236
108,2015,1991-06-6,160,30,95,600
108,2016,1991-06-6,79,18,198,280
108,2017,1991-06-6,38,18,75,40
109,2010,2010-August-16,44,26,150,162
109,2011,2010-August-16,24,23,164,114
109,2012,2010-August-16,43,32,355,65
109,2013,2010-August-16,116,21,468,281
109,2014,2010-August-16,117,36,244,316
109,2015,2010-August-16,24,29,467,24
109,2016,2010-August-16,68,33,151,91
109,2017,2010-August-16,26,26,271,122
110,1997,1997-dc-19,111,44,284,274
110,1998,1997-dc-19,84,46,430,374
110,1999,1997-dc-19,140,4,273,335
110,2000,1997-dc-19,41,38,422,157
110,2001,1997-dc-19,73,1,16,253
110,2002,1997-dc-19,135,29,44,257
110,2003,1997-dc-19,25,33,223,84
110,2004,1997-dc-19,108,6,297,155
110,2005,1997-dc-19,74,6,484,178
110,2006,1997-dc-19,130,13,475,416
110,2007,1997-dc-19,78,46,442,203
110,2008,1997-dc-19,55,29,403,116
110,2009,1997-dc-19,106,43,8,408
110,2010,1997-dc-19,87,49,384,213
110,2011,1997-dc-19,86,7,425,288
110,2012,1997-dc-19,14,36,147,70
110,2013,1997-dc-19,46,6,365,220
110,2014,1997-dc-19,159,39,289,354
110,2015,1997-dc-19,55,11,451,112
110,2016,1997-dc-19,99,22,362,391
110,2017,1997-dc-19,26,17,346,77
111,2007,2007-May-10,68,24,196,194
111,2008,2007-May-10,68,35,333,263
111,2009,2007-May-10,46,37,298,200
111,2010,2007-May-10,42,18,180,50
111,2011,2007-May-10,74,25,162,130
111,2012,2007-May-10,51,27,430,71
111,2013,2007-May-10,116,30,391,155
111,2014,2007-May-10,41,26,291,149
111,2015,2007-May-10,137,25,481,290
111,2016,2007-May-10,35,41,467,173
111,2017,2007-May-10,88,25,493,377
112,2011,2011-sept-19,65,10,98,181
112,2012,2011-sept-19,125,43,314,509
112,2013,2011-sept-19,101,23,390,348
112,2014,2011-sept-19,61,12,219,88
112,2015,2011-sept-19,129,8,26,475
112,2016,2011-sept-19,118,36,197,228
112,2017,2011-sept-19,101,21,252,348
113,2009,2009-07-13,115,29,148,405
113,2010,2009-07-13,141,3,195,217
113,2011,2009-07-13,105,44,37,122
113,2012,2009-07-13,61,48,183,92
113,2013,2009-07-13,108,19,368,262
113,2014,2009-07-13,104,22,177,464
113,2015,2009-07-13,76,32,387,172
113,2016,2009-07-13,94,11,367,152
113,2017,2009-07-13,68,34,359,211
114,1992,1992-feb-11,44,15,151,111
114,1993,1992-feb-11,59,2,434,289
114,1994,1992-feb-11,44,40,176,96
114,1995,1992-feb-11,32,10,74,54
114,1996,1992-feb-11,105,25,257,263
114,1997,1992-feb-11,41,9,336,75
114,1998,1992-feb-11,148,21,157,206
114,1999,1992-feb-11,91,39,295,158
114,2000,1992-feb-11,73,29,35,286
114,2001,1992-feb-11,46,24,132,192
114,2002,1992-feb-11,63,4,165,254
114,2003,1992-feb-11,139,14,341,678
114,2004,1992-feb-11,98,19,397,219
114,2005,1992-feb-11,128,38,490,626
114,2006,1992-feb-11,139,4,373,419
114,2007,1992-feb-11,102,41,113,423
114,2008,1992-feb-11,28,10,293,45
114,2009,1992-feb-11,30,19,222,147
114,2010,1992-feb-11,29,42,108,126
114,2011,1992-feb-11,142,7,185,700
114,2012,1992-feb-11,15,32,496,61
114,2013,1992-feb-11,30,16,79,49
114,2014,1992-feb-11,104,33,419,342
114,2015,1992-feb-11,35,13,19,125
114,2016,1992-feb-11,151,27,147,167
114,2017,1992-feb-11,32,24,496,112
115,1997,1997-05-12,102,27,93,452
115,1998,1997-05-12,37,43,373,137
115,1999,1997-05-12,76,7,102,156
115,2000,1997-05-12,79,3,373,357
115,2001,1997-05-12,158,12,42,495
115,2002,1997-05-12,44,42,67,73
115,2003,1997-05-12,93,35,497,242
115,2004,1997-05-12,35,7,201,43
115,2005,1997-05-12,124,39,429,549
115,2006,1997-05-12,75,26,68,84
115,2007,1997-05-12,62,50,452,285
115,2008,1997-05-12,142,24,458,340
115,2009,1997-05-12,17,25,69,23
115,2010,1997-05-12,92,38,281,438
115,2011,1997-05-12,80,26,437,183
115,2012,1997-05-12,81,35,320,219
115,2013,1997-05-12,87,39,236,331
115,2014,1997-05-12,145,38,90,238
115,2015,1997-05-12,159,45,204,195
115,2016,1997-05-12,122,14,416,243
115,2017,1997-05-12,32,9,307,118
116,2003,2003-December-5,154,43,41,401
116,2004,2003-December-5,83,49,349,96
116,2005,2003-December-5,109,19,369,141
116,2006,2003-December-5,38,5,135,76
116,2007,2003-December-5,80,35,86,155
116,2008,2003-December-5,53,29,10,263
116,2009,2003-December-5,10,45,25,10
116,2010,2003-December-5,88,40,349,353
116,2011,2003-December-5,123,39,327,337
116,2012,2003-December-5,52,16,16,233
116,2013,2003-December-5,108,17,276,316
116,2014,2003-December-5,125,44,57,183
116,2015,2003-December-5,140,26,113,401
116,2016,2003-December-5,111,36,61,195
116,2017,2003-December-5,148,33,22,423
117,2006,2006-mar-14,131,45,94,630
117,2007,2006-mar-14,151,41,314,570
117,2008,2006-mar-14,35,38,370,169
117,2009,2006-mar-14,81,44,415,255
117,2010,2006-mar-14,66,1,481,91
117,2011,2006-mar-14,157,45,32,388
117,2012,2006-mar-14,39,11,325,157
117,2013,2006-mar-14,122,37,235,334
117,2014,2006-mar-14,91,42,360,203
117,2015,2006-mar-14,72,30,155,115
117,2016,2006-mar-14,156,2,406,208
117,2017,2006-mar-14,109,22,356,135
118,2016,2016-April-6,124,43,327,194
118,2017,2016-April-6,115,50,235,298
119,2007,2007-ma-23,22,48,285,106
119,2008,2007-ma-23,78,46,55,216
119,2009,2007-ma-23,83,27,128,190
119,2010,2007-ma-23,157,5,269,209
119,2011,2007-ma-23,122,19,495,357
119,2012,2007-ma-23,125,38,21,402
119,2013,2007-ma-23,43,32,337,74
119,2014,2007-ma-23,50,32,363,76
119,2015,2007-ma-23,74,27,255,78
119,2016,2007-ma-23,56,39,32,191
119,2017,2007-ma-23,59,24,77,173
120,1990,1990-oct-25,58,1,52,239
120,1991,1990-oct-25,14,3,452,53
120,1992,1990-oct-25,109,9,325,418
120,1993,1990-oct-25,118,41,24,443
120,1994,1990-oct-25,63,28,183,221
120,1995,1990-oct-25,76,35,354,146
120,1996,1990-oct-25,141,40,339,199
120,1997,1990-oct-25,78,43,92,252
120,1998,1990-oct-25,156,4,485,253
120,1999,1990-oct-25,58,17,188,199
120,2000,1990-oct-25,55,31,147,218
120,2001,1990-oct-25,151,17,239,286
120,2002,1990-oct-25,160,40,309,492
120,2003,1990-oct-25,11,41,500,33
120,2004,1990-oct-25,97,31,434,156
120,2005,1990-oct-25,134,39,101,564
120,2006,1990-oct-25,82,35,290,410
120,2007,1990-oct-25,152,19,250,603
120,2008,1990-oct-25,22,12,133,75
120,2009,1990-oct-25,68,49,291,188
120,2010,1990-oct-25,96,49,294,226
120,2011,1990-oct-25,67,47,301,98
120,2012,1990-oct-25,45,9,328,54
120,2013,1990-oct-25,139,21,119,671
120,2014,1990-oct-25,28,1,360,57
120,2015,1990-oct-25,73,40,240,231
120,2016,1990-oct-25,117,11,391,388
120,2017,1990-oct-25,57,48,468,245
121,2016,2016-12-16,105,29,484,176
121,2017,2016-12-16,18,6,289,21
122,2006,2006-apr-1,28,10,433,75
122,2007,2006-apr-1,129,2,428,176
122,2008,2006-apr-1,130,20,348,414
122,2009,2006-apr-1,67,25,327,241
122,2010,2006-apr-1,93,1,8,228
122,2011,2006-apr-1,41,13,170,107
122,2012,2006-apr-1,156,43,370,691
122,2013,2006-apr-1,151,36,230,359
122,2014,2006-apr-1,108,47,425,153
122,2015,2006-apr-1,94,19,174,175
122,2016,2006-apr-1,22,30,15,32
122,2017,2006-apr-1,117,9,8,435
123,2009,2009-07-14,129,6,43,429
123,2010,2009-07-14,141,41,316,175
123,2011,2009-07-14,90,45,322,104
123,2012,2009-07-14,107,32,320,477
123,2013,2009-07-14,134,41,447,621
123,2014,2009-07-14,52,30,31,211
123,2015,2009-07-14,135,36,233,190
123,2016,2009-07-14,100,6,391,364
123,2017,2009-07-14,53,19,43,60
124,2016,2016-02-13,13,23,16,59
124,2017,2016-02-13,99,21,157,268
125,2013,2013-03-7,48,49,146,181
125,2014,2013-03-7,60,10,469,296
125,2015,2013-03-7,134,2,162,481
125,2016,2013-03-7,34,25,96,138
125,2017,2013-03-7,39,46,416,186
126,1995,1995-mar-12,129,11,257,143
126,1996,1995-mar-12,43,33,416,96
126,1997,1995-mar-12,36,19,36,143
126,1998,1995-mar-12,43,5,230,196
126,1999,1995-mar-12,119,24,338,441
126,2000,1995-mar-12,91,34,120,135
126,2001,1995-mar-12,158,36,297,423
126,2002,1995-mar-12,131,42,37,304
126,2003,1995-mar-12,131,37,403,579
126,2004,1995-mar-12,143,27,284,182
126,2005,1995-mar-12,145,2,150,154
126,2006,1995-mar-12,127,50,199,419
126,2007,1995-mar-12,141,1,78,530
126,2008,1995-mar-12,35,10,424,102
126,2009,1995-mar-12,19,3,457,31
126,2010,1995-mar-12,42,16,58,132
126,2011,1995-mar-12,26,31,86,93
126,2012,1995-mar-12,102,21,113,274
126,2013,1995-mar-12,70,30,88,132
126,2014,1995-mar-12,8,48,454,32
126,2015,1995-mar-12,92,29,474,394
126,2016,1995-mar-12,67,6,113,142
126,2017,1995-mar-12,95,29,373,305
127,2015,2015-January-10,16,50,26,75
127,2016,2015-January-10,83,27,28,290
127,2017,2015-January-10,83,9,76,392
128,2003,2003-ja-8,116,20,102,300
128,2004,2003-ja-8,19,23,292,35
128,2005,2003-ja-8,108,18,452,436
128,2006,2003-ja-8,82,7,312,85
128,2007,2003-ja-8,126,45,329,464
128,2008,2003-ja-8,37,35,54,186
128,2009,2003-ja-8,61,19,53,119
128,2010,2003-ja-8,144,11,167,284
128,2011,2003-ja-8,133,22,228,578
128,2012,2003-ja-8,74,26,97,237
128,2013,2003-ja-8,23,11,132,108
128,2014,2003-ja-8,128,38,337,148
128,2015,2003-ja-8,141,50,387,158
128,2016,2003-ja-8,99,44,63,282
128,2017,2003-ja-8,99,43,14,107
129,1998,1998-06-15,130,17,431,482
129,1999,1998-06-15,68,13,42,146
129,2000,1998-06-15,75,25,195,330
129,2001,1998-06-15,111,49,416,293
129,2002,1998-06-15,46,15,389,137
129,2003,1998-06-15,107,46,249,293
129,2004,1998-06-15,81,39,19,267
129,2005,1998-06-15,68,48,160,215
129,2006,1998-06-15,22,10,195,79
129,2007,1998-06-15,147,48,143,595
129,2008,1998-06-15,91,48,31,240
129,2009,1998-06-15,71,44,88,121
129,2010,1998-06-15,137,29,167,171
129,2011,1998-06-15,158,3,250,583
129,2012,1998-06-15,107,31,337,359
129,2013,1998-06-15,86,18,59,192
129,2014,1998-06-15,29,28,409,34
129,2015,1998-06-15,75,2,406,159
129,2016,1998-06-15,32,18,149,142
129,2017,1998-06-15,133,28,51,565
130,2003,2003-03-23,97,37,28,435
130,2004,2003-03-23,58,5,368,255
130,2005,2003-03-23,59,10,427,99
130,2006,2003-03-23,12,48,135,17
130,2007,2003-03-23,154,27,74,156
130,2008,2003-03-23,115,11,66,442
130,2009,2003-03-23,99,47,206,134
130,2010,2003-03-23,118,4,41,154
130,2011,2003-03-23,77,50,376,142
130,2012,2003-03-23,103,3,308,388
130,2013,2003-03-23,150,39,457,647
130,2014,2003-03-23,156,4,220,645
130,2015,2003-03-23,54,49,302,96
130,2016,2003-03-23,23,1,11,108
130,2017,2003-03-23,98,21,436,298
131,2016,2016-nov-23,65,21,328,276
131,2017,2016-nov-23,80,21,398,336
132,2000,2000-dec-3,71,24,334,344
132,2001,2000-dec-3,135,13,363,201
132,2002,2000-dec-3,41,22,371,72
132,2003,2000-dec-3,138,26,448,426
132,2004,2000-dec-3,151,11,352,697
132,2005,2000-dec-3,135,26,232,213
132,2006,2000-dec-3,81,40,98,96
132,2007,2000-dec-3,123,35,154,605
132,2008,2000-dec-3,108,1,273,134
132,2009,2000-dec-3,117,37,302,435
132,2010,2000-dec-3,15,46,66,37
132,2011,2000-dec-3,96,29,121,184
132,2012,2000-dec-3,48,35,124,229
132,2013,2000-dec-3,117,38,70,374
132,2014,2000-dec-3,142,16,372,421
132,2015,2000-dec-3,57,44,160,179
132,2016,2000-dec-3,11,22,153,50
132,2017,2000-dec-3,40,30,497,102
133,1992,1992-ma-3,50,14,324,70
133,1993,1992-ma-3,18,12,55,26
133,1994,1992-ma-3,8,45,284,17
133,1995,1992-ma-3,82,31,497,318
133,1996,1992-ma-3,58,24,68,208
133,1997,1992-ma-3,10,6,124,10
133,1998,1992-ma-3,12,4,451,47
133,1999,1992-ma-3,9,27,272,25
133,2000,1992-ma-3,78,28,135,267
133,2001,1992-ma-3,42,14,336,195
133,2002,1992-ma-3,84,12,372,132
133,2003,1992-ma-3,115,45,310,406
133,2004,1992-ma-3,51,39,329,75
133,2005,1992-ma-3,88,29,329,208
133,2006,1992-ma-3,16,29,30,72
133,2007,1992-ma-3,94,5,283,184
133,2008,1992-ma-3,100,33,488,467
133,2009,1992-ma-3,127,9,38,345
133,2010,1992-ma-3,100,33,315,454
133,2011,1992-ma-3,71,9,38,218
133,2012,1992-ma-3,91,35,11,434
133,2013,1992-ma-3,115,2,378,447
133,2014,1992-ma-3,112,11,9,184
133,2015,1992-ma-3,155,21,487,282
133,2016,1992-ma-3,37,1,496,48
133,2017,1992-ma-3,19,39,156,91
134,2004,2004-11-19,34,33,337,142
134,2005,2004-11-19,138,14,25,581
134,2006,2004-11-19,19,35,396,31
134,2007,2004-11-19,86,13,165,353
134,2008,2004-11-19,76,16,248,156
134,2009,2004-11-19,111,6,190,420
134,2010,2004-11-19,152,50,142,181
134,2011,2004-11-19,132,40,450,395
134,2012,2004-11-19,83,32,195,149
134,2013,2004-11-19,72,30,424,296
134,2014,2004-11-19,33,31,294,160
134,2015,2004-11-19,9,5,59,39
134,2016,2004-11-19,100,48,12,446
134,2017,2004-11-19,98,1,448,347
135,1993,1993-sept-24,31,49,251,80
135,1994,1993-sept-24,147,12,366,591
135,1995,1993-sept-24,18,21,387,19
135,1996,1993-sept-24,142,50,463,406
135,1997,1993-sept-24,20,12,447,43
135,1998,1993-sept-24,126,46,91,358
135,1999,1993-sept-24,67,43,427,263
135,2000,1993-sept-24,118,17,397,323
135,2001,1993-sept-24,145,32,407,655
135,2002,1993-sept-24,106,46,316,154
135,2003,1993-sept-24,154,11,297,712
135,2004,1993-sept-24,82,34,313,218
135,2005,1993-sept-24,63,34,403,130
135,2006,1993-sept-24,140,36,385,617
135,2007,1993-sept-24,48,44,417,56
135,2008,1993-sept-24,140,19,186,470
135,2009,1993-sept-24,118,7,113,172
135,2010,1993-sept-24,146,18,290,178
135,2011,1993-sept-24,160,16,26,366
135,2012,1993-sept-24,26,22,229,55
135,2013,1993-sept-24,112,12,366,366
135,2014,1993-sept-24,121,29,71,526
135,2015,1993-sept-24,96,32,129,272
135,2016,1993-sept-24,66,14,190,160
135,2017,1993-sept-24,143,26,127,506
136,1993,1993-nv-24,152,37,462,465
136,1994,1993-nv-24,136,25,170,323
136,1995,1993-nv-24,134,38,88,573
136,1996,1993-nv-24,45,13,115,208
136,1997,1993-nv-24,116,17,144,407
136,1998,1993-nv-24,92,19,394,409
136,1999,1993-nv-24,95,11,246,138
136,2000,1993-nv-24,22,11,499,108
136,2001,1993-nv-24,28,17,449,62
136,2002,1993-nv-24,150,16,328,493
136,2003,1993-nv-24,81,21,424,261
136,2004,1993-nv-24,130,50,356,349
136,2005,1993-nv-24,28,25,142,49
136,2006,1993-nv-24,19,2,171,34
136,2007,1993-nv-24,143,29,256,315
136,2008,1993-nv-24,136,26,242,342
136,2009,1993-nv-24,18,7,472,73
136,2010,1993-nv-24,44,5,138,172
136,2011,1993-nv-24,139,11,89,507
136,2012,1993-nv-24,60,43,201,224
136,2013,1993-nv-24,113,32,482,220
136,2014,1993-nv-24,94,32,129,315
136,2015,1993-nv-24,139,40,118,326
136,2016,1993-nv-24,77,48,360,360
136,2017,1993-nv-24,109,11,208,480
137,1994,1994-jul-10,100,28,330,492
137,1995,1994-jul-10,127,20,434,152
137,1996,1994-jul-10,53,38,231,131
137,1997,1994-jul-10,154,50,464,282
137,1998,1994-jul-10,60,26,317,205
137,1999,1994-jul-10,113,32,177,547
137,2000,1994-jul-10,83,13,359,362
137,2001,1994-jul-10,71,19,441,185
137,2002,1994-jul-10,72,31,142,284
137,2003,1994-jul-10,84,29,72,296
137,2004,1994-jul-10,42,28,58,57
137,2005,1994-jul-10,47,25,268,87
137,2006,1994-jul-10,60,17,140,171
137,2007,1994-jul-10,131,40,34,236
137,2008,1994-jul-10,22,35,51,29
137,2009,1994-jul-10,69,11,149,155
137,2010,1994-jul-10,103,33,76,406
137,2011,1994-jul-10,126,8,212,613
137,2012,1994-jul-10,24,28,3,71
137,2013,1994-jul-10,53,43,106,242
137,2014,1994-jul-10,105,38,310,353
137,2015,1994-jul-10,56,14,38,182
137,2016,1994-jul-10,159,18,484,181
137,2017,1994-jul-10,98,29,60,226
138,1998,1998-jly-23,16,10,165,62
138,1999,1998-jly-23,90,13,226,352
138,2000,1998-jly-23,104,14,314,279
138,2001,1998-jly-23,25,41,46,124
138,2002,1998-jly-23,159,33,177,492
138,2003,1998-jly-23,80,3,467,246
138,2004,1998-jly-23,154,17,266,707
138,2005,1998-jly-23,68,33,375,323
138,2006,1998-jly-23,38,36,356,138
138,2007,1998-jly-23,110,44,20,164
138,2008,1998-jly-23,14,46,108,33
138,2009,1998-jly-23,49,12,171,121
138,2010,1998-jly-23,42,47,318,75
138,2011,1998-jly-23,27,19,211,66
138,2012,1998-jly-23,61,5,130,275
138,2013,1998-jly-23,151,42,437,285
138,2014,1998-jly-23,22,42,450,72
138,2015,1998-jly-23,24,45,41,95
138,2016,1998-jly-23,44,8,284,106
138,2017,1998-jly-23,26,48,236,84
139,2009,2009-11-5,68,3,142,126
139,2010,2009-11-5,92,47,373,132
139,2011,2009-11-5,117,27,309,143
139,2012,2009-11-5,119,17,379,211
139,2013,2009-11-5,116,35,238,363
139,2014,2009-11-5,18,10,88,25
139,2015,2009-11-5,149,21,290,644
139,2016,2009-11-5,126,17,342,472
139,2017,2009-11-5,102,22,205,250
140,2006,2006-01-24,99,17,362,307
140,2007,2006-01-24,72,16,315,211
140,2008,2006-01-24,73,37,409,212
140,2009,2006-01-24,93,10,457,436
140,2010,2006-01-24,88,18,55,142
140,2011,2006-01-24,136,43,262,505
140,2012,2006-01-24,50,24,396,202
140,2013,2006-01-24,102,41,262,236
140,2014,2006-01-24,52,35,177,61
140,2015,2006-01-24,126,11,432,526
140,2016,2006-01-24,159,4,189,477
140,2017,2006-01-24,47,13,456,132
141,1995,1995-jul-13,70,6,172,293
141,1996,1995-jul-13,16,4,444,28
141,1997,1995-jul-13,39,16,423,100
141,1998,1995-jul-13,44,35,219,166
141,1999,1995-jul-13,9,10,223,25
141,2000,1995-jul-13,155,32,74,627
141,2001,1995-jul-13,85,2,351,298
141,2002,1995-jul-13,24,45,352,93
141,2003,1995-jul-13,93,34,198,139
141,2004,1995-jul-13,101,48,82,225
141,2005,1995-jul-13,103,29,426,114
141,2006,1995-jul-13,155,25,202,650
141,2007,1995-jul-13,100,35,486,113
141,2008,1995-jul-13,83,28,42,359
141,2009,1995-jul-13,40,9,277,187
141,2010,1995-jul-13,28,28,497,43
141,2011,1995-jul-13,56,26,110,232
141,2012,1995-jul-13,120,39,65,241
141,2013,1995-jul-13,17,32,211,41
141,2014,1995-jul-13,136,37,212,432
141,2015,1995-jul-13,111,17,270,203
141,2016,1995-jul-13,12,46,141,52
141,2017,1995-jul-13,94,2,56,169
142,1998,1998-04-11,26,4,403,114
142,1999,1998-04-11,61,23,343,112
142,2000,1998-04-11,14,4,446,22
142,2001,1998-04-11,34,38,129,56
142,2002,1998-04-11,151,13,169,282
142,2003,1998-04-11,69,39,46,342
142,2004,1998-04-11,37,1,460,152
142,2005,1998-04-11,104,35,345,516
142,2006,1998-04-11,28,46,120,56
142,2007,1998-04-11,122,29,30,463
142,2008,1998-04-11,64,6,416,236
142,2009,1998-04-11,77,21,266,221
142,2010,1998-04-11,21,14,476,40
142,2011,1998-04-11,42,5,82,138
142,2012,1998-04-11,53,23,328,259
142,2013,1998-04-11,65,31,174,248
142,2014,1998-04-11,145,39,338,399
142,2015,1998-04-11,43,43,99,202
142,2016,1998-04-11,109,9,386,188
142,2017,1998-04-11,36,26,395,54
143,1997,1997-August-8,126,29,245,158
143,1998,1997-August-8,79,6,96,220
143,1999,1997-August-8,114,47,246,216
143,2000,1997-August-8,53,9,343,237
143,2001,1997-August-8,85,8,435,177
143,2002,1997-August-8,55,45,72,180
143,2003,1997-August-8,96,14,175,351
143,2004,1997-August-8,72,46,466,233
143,2005,1997-August-8,131,40,200,195
143,2006,1997-August-8,114,23,315,476
143,2007,1997-August-8,75,29,302,372
143,2008,1997-August-8,158,30,424,711
143,2009,1997-August-8,135,34,230,286
143,2010,1997-August-8,122,9,57,278
143,2011,1997-August-8,78,38,370,300
143,2012,1997-August-8,121,32,227,330
143,2013,1997-August-8,125,20,93,533
143,2014,1997-August-8,31,48,345,87
143,2015,1997-August-8,49,16,341,104
143,2016,1997-August-8,127,22,264,362
143,2017,1997-August-8,48,20,85,165
144,2015,2015-09-26,125,41,243,492
144,2016,2015-09-26,138,46,25,508
144,2017,2015-09-26,87,49,477,122
145,1990,1990-dec-17,158,42,484,772
145,1991,1990-dec-17,51,12,377,120
145,1992,1990-dec-17,83,37,213,264
145,1993,1990-dec-17,102,34,92,382
145,1994,1990-dec-17,138,15,477,240
145,1995,1990-dec-17,141,9,138,404
145,1996,1990-dec-17,85,9,497,156
145,1997,1990-dec-17,140,33,167,365
145,1998,1990-dec-17,114,5,350,131
145,1999,1990-dec-17,92,48,285,106
145,2000,1990-dec-17,34,24,10,128
145,2001,1990-dec-17,153,32,380,766
145,2002,1990-dec-17,58,11,130,180
145,2003,1990-dec-17,79,16,163,309
145,2004,1990-dec-17,25,18,269,84
145,2005,1990-dec-17,153,5,409,546
145,2006,1990-dec-17,103,9,382,154
145,2007,1990-dec-17,148,33,234,417
145,2008,1990-dec-17,54,20,256,96
145,2009,1990-dec-17,148,18,105,158
145,2010,1990-dec-17,78,10,452,317
145,2011,1990-dec-17,145,38,195,499
145,2012,1990-dec-17,52,9,332,65
145,2013,1990-dec-17,59,7,436,288
145,2014,1990-dec-17,30,37,159,88
145,2015,1990-dec-17,50,48,216,178
145,2016,1990-dec-17,92,28,394,234
145,2017,1990-dec-17,22,49,350,84
146,1996,1996-aug-26,50,21,192,82
146,1997,1996-aug-26,150,45,126,681
146,1998,1996-aug-26,108,26,163,286
146,1999,1996-aug-26,98,6,496,138
146,2000,1996-aug-26,33,11,205,138
146,2001,1996-aug-26,24,24,147,51
146,2002,1996-aug-26,49,3,284,130
146,2003,1996-aug-26,129,27,250,559
146,2004,1996-aug-26,108,35,242,320
146,2005,1996-aug-26,59,16,68,83
146,2006,1996-aug-26,12,18,372,43
146,2007,1996-aug-26,55,21,365,242
146,2008,1996-aug-26,12,15,193,28
146,2009,1996-aug-26,12,22,331,36
146,2010,1996-aug-26,121,41,244,251
146,2011,1996-aug-26,132,7,213,610
146,2012,1996-aug-26,145,22,115,295
146,2013,1996-aug-26,46,36,374,223
146,2014,1996-aug-26,128,50,476,555
146,2015,1996-aug-26,47,45,446,77
146,2016,1996-aug-26,148,3,48,639
146,2017,1996-aug-26,27,41,21,46
147,2007,2007-spt-14,64,8,195,71
147,2008,2007-spt-14,34,46,246,55
147,2009,2007-spt-14,98,37,188,473
147,2010,2007-spt-14,88,20,459,295
147,2011,2007-spt-14,87,24,216,167
147,2012,2007-spt-14,37,35,324,83
147,2013,2007-spt-14,10,4,292,31
147,2014,2007-spt-14,40,29,459,151
147,2015,2007-spt-14,156,25,408,350
147,2016,2007-spt-14,107,7,216,132
147,2017,2007-spt-14,137,9,389,562
148,2008,2008-September-21,71,5,244,278
148,2009,2008-September-21,126,15,446,464
148,2010,2008-September-21,129,35,490,131
148,2011,2008-September-21,66,23,249,93
148,2012,2008-September-21,50,21,2,242
148,2013,2008-September-21,144,31,470,621
148,2014,2008-September-21,131,13,173,182
148,2015,2008-September-21,88,38,400,158
148,2016,2008-September-21,144,17,231,566
148,2017,2008-September-21,150,24,180,278
149,2000,2000-November-2,129,33,116,206
149,2001,2000-November-2,151,6,144,396
149,2002,2000-November-2,130,22,402,408
149,2003,2000-November-2,43,18,433,161
149,2004,2000-November-2,15,49,446,49
149,2005,2000-November-2,120,26,430,263
149,2006,2000-November-2,130,31,195,156
149,2007,2000-November-2,144,20,164,691
149,2008,2000-November-2,126,46,175,310
149,2009,2000-November-2,146,24,271,600
149,2010,2000-November-2,48,13,352,151
149,2011,2000-November-2,18,11,212,42
149,2012,2000-November-2,128,8,167,513
149,2013,2000-November-2,122,48,125,378
149,2014,2000-November-2,34,19,280,139
149,2015,2000-November-2,144,23,24,186
149,2016,2000-November-2,61,50,186,134
149,2017,2000-November-2,62,35,40,308
150,2002,2002-oc-17,26,49,329,76
150,2003,2002-oc-17,46,48,299,57
150,2004,2002-oc-17,25,14,117,49
150,2005,2002-oc-17,26,20,435,72
150,2006,2002-oc-17,96,46,123,194
150,2007,2002-oc-17,72,37,409,138
150,2008,2002-oc-17,11,39,310,26
150,2009,2002-oc-17,35,8,37,44
150,2010,2002-oc-17,96,37,195,433
150,2011,2002-oc-17,38,24,309,146
150,2012,2002-oc-17,123,16,116,401
150,2013,2002-oc-17,104,43,185,306
150,2014,2002-oc-17,127,9,421,149
150,2015,2002-oc-17,88,21,402,214
150,2016,2002-oc-17,56,26,239,121
150,2017,2002-oc-17,116,10,270,251
151,1997,1997-August-11,78,14,344,114
151,1998,1997-August-11,137,1,417,432
151,1999,1997-August-11,151,44,14,401
151,2000,1997-August-11,58,5,191,68
151,2001,1997-August-11,79,17,297,183
151,2002,1997-August-11,148,26,109,245
151,2003,1997-August-11,68,37,349,306
151,2004,1997-August-11,98,43,155,315
151,2005,1997-August-11,61,35,102,198
151,2006,1997-August-11,125,49,42,201
151,2007,1997-August-11,33,1,200,150
151,2008,1997-August-11,50,30,463,214
151,2009,1997-August-11,142,38,422,278
151,2010,1997-August-11,132,20,256,378
151,2011,1997-August-11,64,19,271,189
151,2012,1997-August-11,111,32,226,418
151,2013,1997-August-11,39,17,117,159
151,2014,1997-August-11,72,6,443,319
151,2015,1997-August-11,30,36,262,61
151,2016,1997-August-11,22,22,491,102
151,2017,1997-August-11,148,5,385,684
152,1993,1993-04-6,114,35,125,153
152,1994,1993-04-6,101,31,480,489
152,1995,1993-04-6,139,41,428,198
152,1996,1993-04-6,55,14,355,261
152,1997,1993-04-6,47,19,450,169
152,1998,1993-04-6,125,4,197,194
152,1999,1993-04-6,50,22,234,216
152,2000,1993-04-6,103,41,395,481
152,2001,1993-04-6,96,43,223,201
152,2002,1993-04-6,95,2,481,265
152,2003,1993-04-6,89,30,423,358
152,2004,1993-04-6,95,25,251,428
152,2005,1993-04-6,39,9,17,97
152,2006,1993-04-6,16,20,487,28
152,2007,1993-04-6,74,20,145,348
152,2008,1993-04-6,26,49,268,65
152,2009,1993-04-6,158,4,82,634
152,2010,1993-04-6,35,21,111,110
152,2011,1993-04-6,147,21,352,363
152,2012,1993-04-6,93,35,228,351
152,2013,1993-04-6,63,36,294,222
152,2014,1993-04-6,57,8,392,82
152,2015,1993-04-6,26,17,385,106
152,2016,1993-04-6,95,40,431,463
152,2017,1993-04-6,94,7,36,112
153,1993,1993-oct-18,93,25,383,310
153,1994,1993-oct-18,87,20,490,93
153,1995,1993-oct-18,18,16,426,79
153,1996,1993-oct-18,106,30,300,271
153,1997,1993-oct-18,89,34,288,162
153,1998,1993-oct-18,79,44,420,102
153,1999,1993-oct-18,20,32,204,41
153,2000,1993-oct-18,37,25,208,146
153,2001,1993-oct-18,103,8,65,238
153,2002,1993-oct-18,62,26,163,171
153,2003,1993-oct-18,148,45,479,328
153,2004,1993-oct-18,128,24,22,377
153,2005,1993-oct-18,38,41,161,44
153,2006,1993-oct-18,88,29,201,334
153,2007,1993-oct-18,132,26,490,263
153,2008,1993-oct-18,51,25,182,190
153,2009,1993-oct-18,18,50,499,71
153,2010,1993-oct-18,155,27,259,191
153,2011,1993-oct-18,131,14,161,272
153,2012,1993-oct-18,64,46,186,294
153,2013,1993-oct-18,14,25,263,66
153,2014,1993-oct-18,137,24,368,224
153,2015,1993-oct-18,59,49,85,270
153,2016,1993-oct-18,64,20,89,303
153,2017,1993-oct-18,63,1,229,182
154,2006,2006-apr-16,82,28,218,330
154,2007,2006-apr-16,76,41,360,158
154,2008,2006-apr-16,66,41,40,172
154,2009,2006-apr-16,116,2,372,570
154,2010,2006-apr-16,43,32,316,71
154,2011,2006-apr-16,69,25,46,231
154,2012,2006-apr-16,17,2,494,49
154,2013,2006-apr-16,101,7,227,396
154,2014,2006-apr-16,126,45,425,431
154,2015,2006-apr-16,9,10,322,20
154,2016,2006-apr-16,20,20,132,76
154,2017,2006-apr-16,141,13,457,695
155,2007,2007-09-5,122,37,128,380
155,2008,2007-09-5,55,29,282,173
155,2009,2007-09-5,120,5,499,220
155,2010,2007-09-5,146,19,154,602
155,2011,2007-09-5,63,49,186,192
155,2012,2007-09-5,145,2,440,646
155,2013,2007-09-5,84,28,231,123
155,2014,2007-09-5,102,33,432,269
155,2015,2007-09-5,27,48,136,32
155,2016,2007-09-5,30,6,284,127
155,2017,2007-09-5,68,19,9,98
156,1990,1990-dec-1,124,1,125,481
156,1991,1990-dec-1,9,18,465,32
156,1992,1990-dec-1,101,46,301,411
156,1993,1990-dec-1,119,43,3,446
156,1994,1990-dec-1,149,16,163,506
156,1995,1990-dec-1,92,9,233,448
156,1996,1990-dec-1,135,31,380,274
156,1997,1990-dec-1,34,10,266,113
156,1998,1990-dec-1,50,45,305,236
156,1999,1990-dec-1,86,16,458,250
156,2000,1990-dec-1,34,34,3,105
156,2001,1990-dec-1,121,11,482,192
156,2002,1990-dec-1,85,50,321,410
156,2003,1990-dec-1,59,28,217,265
156,2004,1990-dec-1,49,50,150,197
156,2005,1990-dec-1,110,22,315,277
156,2006,1990-dec-1,131,8,424,424
156,2007,1990-dec-1,18,40,119,75
156,2008,1990-dec-1,61,4,255,254
156,2009,1990-dec-1,80,4,427,297
156,2010,1990-dec-1,29,39,217,38
156,2011,1990-dec-1,96,20,342,200
156,2012,1990-dec-1,131,8,127,165
156,2013,1990-dec-1,113,31,224,484
156,2014,1990-dec-1,45,33,98,195
156,2015,1990-dec-1,96,15,354,161
156,2016,1990-dec-1,56,1,123,126
156,2017,1990-dec-1,29,10,203,126
157,2000,2000-mar-27,65,18,443,232
157,2001,2000-mar-27,124,42,175,273
157,2002,2000-mar-27,27,11,330,89
157,2003,2000-mar-27,26,42,402,64
157,2004,2000-mar-27,55,46,330,158
157,2005,2000-mar-27,54,11,157,105
157,2006,2000-mar-27,83,27,153,131
157,2007,2000-mar-27,125,17,106,449
157,2008,2000-mar-27,37,10,156,102
157,2009,2000-mar-27,71,50,414,172
157,2010,2000-mar-27,41,3,188,44
157,2011,2000-mar-27,154,12,403,462
157,2012,2000-mar-27,21,33,175,80
157,2013,2000-mar-27,55,14,114,214
157,2014,2000-mar-27,55,7,207,142
157,2015,2000-mar-27,60,50,473,79
157,2016,2000-mar-27,21,27,246,107
157,2017,2000-mar-27,120,1,259,148
158,1991,1991-05-20,65,29,382,240
158,1992,1991-05-20,160,3,97,618
158,1993,1991-05-20,128,18,133,489
158,1994,1991-05-20,108,43,409,333
158,1995,1991-05-20,74,1,183,313
158,1996,1991-05-20,20,34,163,96
158,1997,1991-05-20,78,13,272,248
158,1998,1991-05-20,83,44,2,194
158,1999,1991-05-20,72,11,136,327
158,2000,1991-05-20,78,19,455,100
158,2001,1991-05-20,104,46,356,302
158,2002,1991-05-20,154,29,213,442
158,2003,1991-05-20,43,7,30,78
158,2004,1991-05-20,100,9,485,155
158,2005,1991-05-20,56,27,191,252
158,2006,1991-05-20,159,31,480,161
158,2007,1991-05-20,100,35,68,218
158,2008,1991-05-20,105,14,208,321
158,2009,1991-05-20,159,42,306,463
158,2010,1991-05-20,17,38,318,26
158,2011,1991-05-20,14,46,216,23
158,2012,1991-05-20,51,11,415,74
158,2013,1991-05-20,70,3,457,87
158,2014,1991-05-20,68,7,492,332
158,2015,1991-05-20,31,12,296,73
158,2016,1991-05-20,71,29,455,200
158,2017,1991-05-20,87,33,185,380
159,1998,1998-ja-2,80,46,103,314
159,1999,1998-ja-2,95,50,53,253
159,2000,1998-ja-2,94,39,230,132
159,2001,1998-ja-2,93,24,254,351
159,2002,1998-ja-2,16,27,189,35
159,2003,1998-ja-2,12,10,457,54
159,2004,1998-ja-2,85,15,178,176
159,2005,1998-ja-2,126,4,414,188
159,2006,1998-ja-2,149,10,400,552
159,2007,1998-ja-2,140,7,167,287
159,2008,1998-ja-2,72,25,350,314
159,2009,1998-ja-2,52,43,375,176
159,2010,1998-ja-2,133,43,91,578
159,2011,1998-ja-2,128,11,338,625
159,2012,1998-ja-2,117,30,340,563
159,2013,1998-ja-2,72,26,437,138
159,2014,1998-ja-2,120,9,220,123
159,2015,1998-ja-2,41,26,15,149
159,2016,1998-ja-2,22,6,382,90
159,2017,1998-ja-2,72,1,289,187
160,1995,1995-03-12,57,29,51,110
160,1996,1995-03-12,142,9,246,521
160,1997,1995-03-12,108,19,119,264
160,1998,1995-03-12,147,1,203,235
160,1999,1995-03-12,127,25,392,261
160,2000,1995-03-12,123,19,324,217
160,2001,1995-03-12,25,37,72,29
160,2002,1995-03-12,146,39,269,606
160,2003,1995-03-12,63,2,142,163
160,2004,1995-03-12,25,12,221,125
160,2005,1995-03-12,49,5,404,160
160,2006,1995-03-12,95,16,91,306
160,2007,1995-03-12,46,22,166,53
160,2008,1995-03-12,44,28,444,136
160,2009,1995-03-12,136,21,69,396
160,2010,1995-03-12,15,46,333,26
160,2011,1995-03-12,55,41,71,96
160,2012,1995-03-12,55,40,77,225
160,2013,1995-03-12,47,21,461,226
160,2014,1995-03-12,124,26,23,567
160,2015,1995-03-12,16,32,343,64
160,2016,1995-03-12,83,37,149,301
160,2017,1995-03-12,33,43,140,94
161,2007,2007-oct-3,105,34,490,158
161,2008,2007-oct-3,48,18,5,62
161,2009,2007-oct-3,50,18,208,140
161,2010,2007-oct-3,126,32,430,249
161,2011,2007-oct-3,144,1,70,715
161,2012,2007-oct-3,26,42,210,50
161,2013,2007-oct-3,73,34,483,288
161,2014,2007-oct-3,148,27,87,659
161,2015,2007-oct-3,96,21,177,442
161,2016,2007-oct-3,41,39,74,158
161,2017,2007-oct-3,58,15,99,173
162,2007,2007-09-24,52,33,485,79
162,2008,2007-09-24,86,43,136,333
162,2009,2007-09-24,16,47,402,43
162,2010,2007-09-24,59,42,119,170
162,2011,2007-09-24,119,23,478,183
162,2012,2007-09-24,32,37,39,71
162,2013,2007-09-24,75,28,256,194
162,2014,2007-09-24,60,15,391,213
162,2015,2007-09-24,126,24,240,406
162,2016,2007-09-24,74,17,84,100
162,2017,2007-09-24,60,32,59,170
163,2013,2013-dec-26,137,17,253,597
163,2014,2013-dec-26,18,21,52,74
163,2015,2013-dec-26,22,13,274,54
163,2016,2013-dec-26,115,30,500,151
163,2017,2013-dec-26,55,43,32,171
164,1994,1994-dc-11,69,6,322,289
164,1995,1994-dc-11,60,15,18,92
164,1996,1994-dc-11,20,22,431,21
164,1997,1994-dc-11,138,26,157,461
164,1998,1994-dc-11,144,20,10,208
164,1999,1994-dc-11,27,30,464,102
164,2000,1994-dc-11,52,6,498,113
164,2001,1994-dc-11,121,49,29,148
164,2002,1994-dc-11,123,12,253,425
164,2003,1994-dc-11,38,50,431,50
164,2004,1994-dc-11,103,33,154,159
164,2005,1994-dc-11,96,25,148,355
164,2006,1994-dc-11,64,12,351,279
164,2007,1994-dc-11,47,8,486,155
164,2008,1994-dc-11,144,19,33,447
164,2009,1994-dc-11,149,39,470,528
164,2010,1994-dc-11,134,16,261,568
164,2011,1994-dc-11,145,41,102,462
164,2012,1994-dc-11,128,37,291,469
164,2013,1994-dc-11,64,24,399,84
164,2014,1994-dc-11,148,9,356,331
164,2015,1994-dc-11,112,29,387,119
164,2016,1994-dc-11,144,33,499,590
164,2017,1994-dc-11,39,11,425,72
165,1999,1999-02-5,113,20,175,304
165,2000,1999-02-5,94,13,272,167
165,2001,1999-02-5,41,33,71,44
165,2002,1999-02-5,24,5,246,70
165,2003,1999-02-5,8,16,342,34
165,2004,1999-02-5,31,1,83,60
165,2005,1999-02-5,96,32,430,301
165,2006,1999-02-5,28,19,163,116
165,2007,1999-02-5,75,46,336,225
165,2008,1999-02-5,72,39,10,91
165,2009,1999-02-5,95,46,45,467
165,2010,1999-02-5,96,10,404,173
165,2011,1999-02-5,18,47,384,51
165,2012,1999-02-5,101,32,13,397
165,2013,1999-02-5,120,27,65,371
165,2014,1999-02-5,75,13,478,289
165,2015,1999-02-5,51,30,25,128
165,2016,1999-02-5,81,29,347,164
165,2017,1999-02-5,124,31,358,209
166,2016,2016-spt-8,47,28,244,92
166,2017,2016-spt-8,110,34,59,398
167,2014,2014-ap-14,156,29,378,605
167,2015,2014-ap-14,33,34,362,84
167,2016,2014-ap-14,61,26,112,222
167,2017,2014-ap-14,81,45,203,328
168,2002,2002-November-6,70,26,438,187
168,2003,2002-November-6,113,37,77,293
168,2004,2002-November-6,14,1,169,66
168,2005,2002-November-6,84,14,232,341
168,2006,2002-November-6,140,33,308,308
168,2007,2002-November-6,149,20,210,559
168,2008,2002-November-6,160,18,438,540
168,2009,2002-November-6,30,4,192,111
168,2010,2002-November-6,50,24,222,120
168,2011,2002-November-6,107,29,230,378
168,2012,2002-November-6,21,43,244,36
168,2013,2002-November-6,57,9,46,217
168,2014,2002-November-6,48,14,5,222
168,2015,2002-November-6,80,30,411,123
168,2016,2002-November-6,156,45,301,412
168,2017,2002-November-6,119,35,173,498
169,2002,2002-ja-21,40,9,104,176
169,2003,2002-ja-21,8,28,262,37
169,2004,2002-ja-21,152,1,8,506
169,2005,2002-ja-21,148,20,342,364
169,2006,2002-ja-21,141,39,227,691
169,2007,2002-ja-21,132,36,230,138
169,2008,2002-ja-21,66,41,453,252
169,2009,2002-ja-21,151,30,4,464
169,2010,2002-ja-21,110,30,33,335
169,2011,2002-ja-21,127,5,73,270
169,2012,2002-ja-21,53,39,463,66
169,2013,2002-ja-21,37,22,162,111
169,2014,2002-ja-21,38,45,446,186
169,2015,2002-ja-21,23,42,413,72
169,2016,2002-ja-21,146,7,489,338
169,2017,2002-ja-21,11,14,62,15
170,1991,1991-07-23,156,43,458,356
170,1992,1991-07-23,40,19,376,198
170,1993,1991-07-23,29,41,455,131
170,1994,1991-07-23,106,6,172,417
170,1995,1991-07-23,98,44,99,188
170,1996,1991-07-23,124,8,415,186
170,1997,1991-07-23,125,29,278,259
170,1998,1991-07-23,134,1,240,617
170,1999,1991-07-23,66,1,367,160
170,2000,1991-07-23,22,5,30,71
170,2001,1991-07-23,125,31,300,280
170,2002,1991-07-23,39,7,308,128
170,2003,1991-07-23,58,14,482,124
170,2004,1991-07-23,107,15,329,342
170,2005,1991-07-23,23,45,69,48
170,2006,1991-07-23,16,2,230,26
170,2007,1991-07-23,51,42,334,120
170,2008,1991-07-23,93,40,110,365
170,2009,1991-07-23,23,35,121,47
170,2010,1991-07-23,44,3,425,62
170,2011,1991-07-23,68,7,194,174
170,2012,1991-07-23,112,2,217,143
170,2013,1991-07-23,117,7,498,176
170,2014,1991-07-23,53,41,291,215
170,2015,1991-07-23,96,5,294,468
170,2016,1991-07-23,96,47,272,465
170,2017,1991-07-23,81,30,197,241
171,2005,2005-February-24,159,3,294,215
171,2006,2005-February-24,36,40,59,50
171,2007,2005-February-24,152,8,296,505
171,2008,2005-February-24,15,41,295,32
171,2009,2005-February-24,127,4,263,358
171,2010,2005-February-24,48,11,265,190
171,2011,2005-February-24,48,29,259,72
171,2012,2005-February-24,8,46,381,29
171,2013,2005-February-24,60,21,192,71
171,2014,2005-February-24,82,28,428,334
171,2015,2005-February-24,132,12,170,169
171,2016,2005-February-24,27,49,114,95
171,2017,2005-February-24,142,7,199,669
172,1991,1991-oct-12,140,46,40,628
172,1992,1991-oct-12,92,29,183,139
172,1993,1991-oct-12,144,18,121,554
172,1994,1991-oct-12,56,31,345,157
172,1995,1991-oct-12,25,50,201,93
172,1996,1991-oct-12,134,37,16,233
172,1997,1991-oct-12,159,34,300,630
172,1998,1991-oct-12,135,11,264,426
172,1999,1991-oct-12,39,18,172,145
172,2000,1991-oct-12,40,5,302,158
172,2001,1991-oct-12,24,19,193,49
172,2002,1991-oct-12,122,50,162,403
172,2003,1991-oct-12,72,22,89,127
172,2004,1991-oct-12,80,41,422,384
172,2005,1991-oct-12,27,19,398,29
172,2006,1991-oct-12,58,8,202,240
172,2007,1991-oct-12,35,27,12,36
172,2008,1991-oct-12,109,40,93,384
172,2009,1991-oct-12,64,28,296,272
172,2010,1991-oct-12,122,5,114,553
172,2011,1991-oct-12,21,9,386,61
172,2012,1991-oct-12,154,29,208,283
172,2013,1991-oct-12,134,7,303,205
172,2014,1991-oct-12,132,23,134,657
172,2015,1991-oct-12,157,19,276,495
172,2016,1991-oct-12,124,47,73,232
172,2017,1991-oct-12,43,34,191,87
173,1998,1998-oct-4,84,23,157,323
173,1999,1998-oct-4,64,41,164,161
173,2000,1998-oct-4,160,15,92,228
173,2001,1998-oct-4,132,13,80,274
173,2002,1998-oct-4,132,33,80,308
173,2003,1998-oct-4,129,3,91,195
173,2004,1998-oct-4,94,4,195,97
173,2005,1998-oct-4,145,35,163,636
173,2006,1998-oct-4,32,43,334,143
173,2007,1998-oct-4,100,9,229,433
173,2008,1998-oct-4,45,22,181,54
173,2009,1998-oct-4,132,45,88,405
173,2010,1998-oct-4,135,26,462,263
173,2011,1998-oct-4,154,37,58,560
173,2012,1998-oct-4,76,9,350,121
173,2013,1998-oct-4,87,19,107,187
173,2014,1998-oct-4,11,41,308,16
173,2015,1998-oct-4,62,7,223,87
173,2016,1998-oct-4,18,34,30,78
173,2017,1998-oct-4,43,48,9,113
174,2002,2002-aug-1,65,12,23,77
174,2003,2002-aug-1,84,31,449,361
174,2004,2002-aug-1,76,29,405,300
174,2005,2002-aug-1,89,25,397,233
174,2006,2002-aug-1,30,45,477,65
174,2007,2002-aug-1,91,37,422,214
174,2008,2002-aug-1,76,20,336,327
174,2009,2002-aug-1,81,36,486,346
174,2010,2002-aug-1,88,31,367,120
174,2011,2002-aug-1,158,12,11,401
174,2012,2002-aug-1,155,49,145,254
174,2013,2002-aug-1,54,3,43,258
174,2014,2002-aug-1,124,38,123,614
174,2015,2002-aug-1,124,37,342,516
174,2016,2002-aug-1,118,6,70,313
174,2017,2002-aug-1,149,37,28,461
175,2008,2008-03-28,86,3,305,283
175,2009,2008-03-28,112,35,396,445
175,2010,2008-03-28,77,47,334,374
175,2011,2008-03-28,85,29,328,162
175,2012,2008-03-28,18,8,222,33
175,2013,2008-03-28,42,38,306,182
175,2014,2008-03-28,15,24,408,48
175,2015,2008-03-28,40,20,422,147
175,2016,2008-03-28,88,26,235,210
175,2017,2008-03-28,81,30,216,346
176,2004,2004-October-5,118,21,468,288
176,2005,2004-October-5,141,8,31,586
176,2006,2004-October-5,116,40,21,538
176,2007,2004-October-5,116,11,63,229
176,2008,2004-October-5,47,47,145,47
176,2009,2004-October-5,99,7,117,293
176,2010,2004-October-5,20,23,230,64
176,2011,2004-October-5,46,36,353,148
176,2012,2004-October-5,44,23,219,184
176,2013,2004-October-5,137,44,59,549
176,2014,2004-October-5,105,25,253,426
176,2015,2004-October-5,18,5,94,50
176,2016,2004-October-5,10,25,180,14
176,2017,2004-October-5,90,7,258,209
177,2013,2013-nov-23,154,22,140,728
177,2014,2013-nov-23,60,24,367,290
177,2015,2013-nov-23,67,32,414,193
177,2016,2013-nov-23,79,23,264,276
177,2017,2013-nov-23,114,32,390,291
178,1993,1993-oc-19,52,24,477,203
178,1994,1993-oc-19,31,20,408,133
178,1995,1993-oc-19,116,39,52,392
178,1996,1993-oc-19,137,48,201,225
178,1997,1993-oc-19,20,22,29,68
178,1998,1993-oc-19,16,33,94,16
178,1999,1993-oc-19,151,18,203,703
178,2000,1993-oc-19,52,49,321,256
178,2001,1993-oc-19,99,22,396,214
178,2002,1993-oc-19,35,41,174,54
178,2003,1993-oc-19,156,23,372,232
178,2004,1993-oc-19,16,49,378,79
178,2005,1993-oc-19,130,36,254,326
178,2006,1993-oc-19,115,36,264,488
178,2007,1993-oc-19,98,10,113,316
178,2008,1993-oc-19,21,20,103,83
178,2009,1993-oc-19,68,2,25,249
178,2010,1993-oc-19,142,35,293,379
178,2011,1993-oc-19,148,42,324,295
178,2012,1993-oc-19,159,30,361,722
178,2013,1993-oc-19,64,47,266,71
178,2014,1993-oc-19,9,17,79,35
178,2015,1993-oc-19,138,27,459,319
178,2016,1993-oc-19,87,39,96,102
178,2017,1993-oc-19,102,50,212,300
179,1999,1999-nov-2,68,13,359,248
179,2000,1999-nov-2,137,47,439,676
179,2001,1999-nov-2,44,39,156,64
179,2002,1999-nov-2,103,23,359,312
179,2003,1999-nov-2,135,31,450,196
179,2004,1999-nov-2,103,25,162,293
179,2005,1999-nov-2,42,33,316,179
179,2006,1999-nov-2,135,50,337,634
179,2007,1999-nov-2,32,23,458,51
179,2008,1999-nov-2,20,23,69,58
179,2009,1999-nov-2,157,31,261,562
179,2010,1999-nov-2,22,24,255,88
179,2011,1999-nov-2,120,41,474,512
179,2012,1999-nov-2,52,17,432,69
179,2013,1999-nov-2,120,9,189,190
179,2014,1999-nov-2,142,15,278,452
179,2015,1999-nov-2,72,44,303,159
179,2016,1999-nov-2,72,4,327,176
179,2017,1999-nov-2,108,21,27,343
180,1992,1992-ma-13,101,4,291,256
180,1993,1992-ma-13,50,49,463,249
180,1994,1992-ma-13,58,5,400,104
180,1995,1992-ma-13,115,34,265,539
180,1996,1992-ma-13,15,45,41,27
180,1997,1992-ma-13,16,45,28,27
180,1998,1992-ma-13,80,18,301,238
180,1999,1992-ma-13,46,7,482,111
180,2000,1992-ma-13,14,10,22,44
180,2001,1992-ma-13,84,33,400,318
180,2002,1992-ma-13,64,33,177,314
180,2003,1992-ma-13,63,47,307,214
180,2004,1992-ma-13,10,26,480,41
180,2005,1992-ma-13,26,13,353,86
180,2006,1992-ma-13,112,49,458,286
180,2007,1992-ma-13,157,16,191,347
180,2008,1992-ma-13,92,20,183,277
180,2009,1992-ma-13,134,27,364,533
180,2010,1992-ma-13,90,29,272,351
180,2011,1992-ma-13,106,18,472,467
180,2012,1992-ma-13,86,49,174,145
180,2013,1992-ma-13,55,37,127,99
180,2014,1992-ma-13,95,16,486,418
180,2015,1992-ma-13,160,4,405,518
180,2016,1992-ma-13,68,6,477,213
180,2017,1992-ma-13,59,13,10,100
181,2001,2001-12-13,48,34,369,198
181,2002,2001-12-13,140,35,381,346
181,2003,2001-12-13,126,45,307,371
181,2004,2001-12-13,137,26,265,224
181,2005,2001-12-13,45,10,108,193
181,2006,2001-12-13,147,46,413,346
181,2007,2001-12-13,114,27,103,386
181,2008,2001-12-13,117,9,329,245
181,2009,2001-12-13,59,15,448,188
181,2010,2001-12-13,82,21,218,158
181,2011,2001-12-13,76,19,278,251
181,2012,2001-12-13,13,50,81,14
181,2013,2001-12-13,130,37,361,544
181,2014,2001-12-13,126,1,341,505
181,2015,2001-12-13,148,46,324,589
181,2016,2001-12-13,82,40,215,94
181,2017,2001-12-13,152,36,349,384
182,1994,1994-ja-5,126,26,335,259
182,1995,1994-ja-5,61,18,377,149
182,1996,1994-ja-5,25,33,405,85
182,1997,1994-ja-5,20,12,248,33
182,1998,1994-ja-5,103,32,454,187
182,1999,1994-ja-5,108,1,167,168
182,2000,1994-ja-5,78,50,135,294
182,2001,1994-ja-5,110,40,299,120
182,2002,1994-ja-5,21,17,222,44
182,2003,1994-ja-5,103,43,322,210
182,2004,1994-ja-5,81,18,323,133
182,2005,1994-ja-5,23,28,15,108
182,2006,1994-ja-5,50,49,259,202
182,2007,1994-ja-5,62,28,169,175
182,2008,1994-ja-5,103,44,339,338
182,2009,1994-ja-5,38,4,449,152
182,2010,1994-ja-5,82,10,370,236
182,2011,1994-ja-5,66,22,58,147
182,2012,1994-ja-5,156,43,214,332
182,2013,1994-ja-5,112,45,45,316
182,2014,1994-ja-5,141,3,325,327
182,2015,1994-ja-5,48,37,395,101
182,2016,1994-ja-5,86,37,379,241
182,2017,1994-ja-5,87,28,309,375
183,2010,2010-jan-4,80,16,38,96
183,2011,2010-jan-4,35,4,314,76
183,2012,2010-jan-4,117,3,410,242
183,2013,2010-jan-4,151,27,155,564
183,2014,2010-jan-4,90,50,481,101
183,2015,2010-jan-4,93,42,62,369
183,2016,2010-jan-4,119,42,132,530
183,2017,2010-jan-4,122,1,478,540
184,1994,1994-03-17,155,7,265,617
184,1995,1994-03-17,58,33,407,127
184,1996,1994-03-17,120,28,116,339
184,1997,1994-03-17,10,19,42,15
184,1998,1994-03-17,47,26,440,179
184,1999,1994-03-17,152,14,287,365
184,2000,1994-03-17,57,4,190,209
184,2001,1994-03-17,77,13,237,150
184,2002,1994-03-17,112,38,462,235
184,2003,1994-03-17,99,7,499,330
184,2004,1994-03-17,121,24,156,389
184,2005,1994-03-17,107,9,158,512
184,2006,1994-03-17,127,41,105,209
184,2007,1994-03-17,153,22,1,522
184,2008,1994-03-17,14,10,330,66
184,2009,1994-03-17,153,4,276,154
184,2010,1994-03-17,160,6,92,695
184,2011,1994-03-17,135,24,29,486
184,2012,1994-03-17,158,4,449,434
184,2013,1994-03-17,125,7,351,445
184,2014,1994-03-17,149,29,303,385
184,2015,1994-03-17,102,35,384,233
184,2016,1994-03-17,72,3,319,212
184,2017,1994-03-17,72,8,157,315
185,1995,1995-12-17,133,8,373,176
185,1996,1995-12-17,86,23,467,119
185,1997,1995-12-17,32,11,356,102
185,1998,1995-12-17,16,31,391,22
185,1999,1995-12-17,81,28,160,188
185,2000,1995-12-17,48,10,492,74
185,2001,1995-12-17,142,42,313,583
185,2002,1995-12-17,68,26,240,296
185,2003,1995-12-17,105,35,6,315
185,2004,1995-12-17,36,50,309,123
185,2005,1995-12-17,77,15,260,206
185,2006,1995-12-17,41,42,205,68
185,2007,1995-12-17,130,26,180,457
185,2008,1995-12-17,64,25,129,268
185,2009,1995-12-17,13,2,58,54
185,2010,1995-12-17,91,23,343,326
185,2011,1995-12-17,9,10,343,21
185,2012,1995-12-17,53,15,69,213
185,2013,1995-12-17,33,41,130,150
185,2014,1995-12-17,102,39,72,208
185,2015,1995-12-17,99,23,212,366
185,2016,1995-12-17,132,29,86,309
185,2017,1995-12-17,144,34,57,272
186,1993,1993-July-3,117,28,330,531
186,1994,1993-July-3,93,14,202,296
186,1995,1993-July-3,88,34,323,181
186,1996,1993-July-3,144,3,414,242
186,1997,1993-July-3,78,42,455,328
186,1998,1993-July-3,32,38,390,145
186,1999,1993-July-3,9,44,254,14
186,2000,1993-July-3,73,40,488,207
186,2001,1993-July-3,50,29,86,120
186,2002,1993-July-3,119,8,14,330
186,2003,1993-July-3,35,26,239,81
186,2004,1993-July-3,48,12,405,90
186,2005,1993-July-3,139,42,184,437
186,2006,1993-July-3,124,31,414,496
186,2007,1993-July-3,72,18,283,220
186,2008,1993-July-3,91,26,409,395
186,2009,1993-July-3,82,48,88,203
186,2010,1993-July-3,145,46,235,555
186,2011,1993-July-3,88,24,417,319
186,2012,1993-July-3,136,8,62,499
186,2013,1993-July-3,75,39,89,209
186,2014,1993-July-3,12,43,3,56
186,2015,1993-July-3,108,31,267,398
186,2016,1993-July-3,155,36,248,490
186,2017,1993-July-3,102,41,133,448
187,2017,2017-August-10,56,3,128,178
188,2014,2014-spt-22,79,47,251,140
188,2015,2014-spt-22,103,14,46,325
188,2016,2014-spt-22,149,26,104,472
188,2017,2014-spt-22,146,33,17,168
189,2003,2003-04-20,45,13,336,162
189,2004,2003-04-20,15,19,63,26
189,2005,2003-04-20,21,23,145,80
189,2006,2003-04-20,102,10,110,233
189,2007,2003-04-20,110,16,118,298
189,2008,2003-04-20,8,3,437,19
189,2009,2003-04-20,144,48,322,485
189,2010,2003-04-20,48,40,241,167
189,2011,2003-04-20,105,9,259,222
189,2012,2003-04-20,99,21,19,198
189,2013,2003-04-20,38,44,348,179
189,2014,2003-04-20,114,48,340,387
189,2015,2003-04-20,94,42,175,265
189,2016,2003-04-20,143,27,169,282
189,2017,2003-04-20,40,16,267,197
190,1996,1996-dc-27,15,10,335,32
190,1997,1996-dc-27,150,29,415,714
190,1998,1996-dc-27,23,8,210,68
190,1999,1996-dc-27,11,43,467,31
190,2000,1996-dc-27,58,2,166,104
190,2001,1996-dc-27,39,21,452,78
190,2002,1996-dc-27,64,19,133,85
190,2003,1996-dc-27,70,5,79,245
190,2004,1996-dc-27,46,33,374,143
190,2005,1996-dc-27,21,50,138,80
190,2006,1996-dc-27,149,19,79,638
190,2007,1996-dc-27,155,49,264,219
190,2008,1996-dc-27,42,40,380,133
190,2009,1996-dc-27,38,10,261,50
190,2010,1996-dc-27,74,26,95,270
190,2011,1996-dc-27,64,41,248,88
190,2012,1996-dc-27,147,8,194,408
190,2013,1996-dc-27,21,24,324,39
190,2014,1996-dc-27,44,37,415,189
190,2015,1996-dc-27,13,23,330,48
190,2016,1996-dc-27,45,41,270,191
190,2017,1996-dc-27,94,15,358,246
191,2004,2004-April-26,81,50,402,264
191,2005,2004-April-26,48,16,188,53
191,2006,2004-April-26,111,41,275,356
191,2007,2004-April-26,34,41,304,68
191,2008,2004-April-26,53,7,186,223
191,2009,2004-April-26,116,18,405,137
191,2010,2004-April-26,139,29,367,343
191,2011,2004-April-26,106,26,173,162
191,2012,2004-April-26,114,43,401,161
191,2013,2004-April-26,21,49,159,50
191,2014,2004-April-26,104,40,272,465
191,2015,2004-April-26,132,38,346,139
191,2016,2004-April-26,150,34,439,409
191,2017,2004-April-26,125,5,385,600
192,1999,1999-ma-16,100,27,77,145
192,2000,1999-ma-16,160,37,164,401
192,2001,1999-ma-16,75,37,309,126
192,2002,1999-ma-16,58,50,185,186
192,2003,1999-ma-16,71,38,169,175
192,2004,1999-ma-16,88,35,218,123
192,2005,1999-ma-16,80,47,280,258
192,2006,1999-ma-16,52,26,376,97
192,2007,1999-ma-16,134,42,53,575
192,2008,1999-ma-16,69,43,242,334
192,2009,1999-ma-16,59,26,73,137
192,2010,1999-ma-16,51,12,74,94
192,2011,1999-ma-16,88,33,272,329
192,2012,1999-ma-16,78,20,135,299
192,2013,1999-ma-16,115,47,414,469
192,2014,1999-ma-16,105,46,115,186
192,2015,1999-ma-16,43,46,214,136
192,2016,1999-ma-16,26,10,225,104
192,2017,1999-ma-16,130,34,159,196
193,1990,1990-December-22,49,28,366,140
193,1991,1990-December-22,137,10,169,335
193,1992,1990-December-22,45,39,256,195
193,1993,1990-December-22,105,44,47,388
193,1994,1990-December-22,148,4,146,251
193,1995,1990-December-22,39,37,299,40
193,1996,1990-December-22,63,36,183,290
193,1997,1990-December-22,84,9,468,412
193,1998,1990-December-22,159,43,99,576
193,1999,1990-December-22,21,22,358,96
193,2000,1990-December-22,12,19,87,49
193,2001,1990-December-22,10,44,28,30
193,2002,1990-December-22,22,5,366,112
193,2003,1990-December-22,77,11,316,352
193,2004,1990-December-22,22,28,385,23
193,2005,1990-December-22,114,11,6,140
193,2006,1990-December-22,127,4,335,318
193,2007,1990-December-22,45,20,463,200
193,2008,1990-December-22,52,48,8,245
193,2009,1990-December-22,15,7,54,18
193,2010,1990-December-22,29,9,494,45
193,2011,1990-December-22,82,33,183,342
193,2012,1990-December-22,75,2,435,179
193,2013,1990-December-22,45,31,425,77
193,2014,1990-December-22,109,14,303,314
193,2015,1990-December-22,87,16,115,401
193,2016,1990-December-22,159,12,363,651
193,2017,1990-December-22,152,6,146,666
194,1994,1994-05-23,42,37,388,207
194,1995,1994-05-23,137,25,100,334
194,1996,1994-05-23,19,12,113,21
194,1997,1994-05-23,84,4,194,145
194,1998,1994-05-23,65,40,19,301
194,1999,1994-05-23,16,42,319,22
194,2000,1994-05-23,25,13,333,44
194,2001,1994-05-23,155,25,223,425
194,2002,1994-05-23,94,14,444,346
194,2003,1994-05-23,75,38,156,103
194,2004,1994-05-23,107,37,209,221
194,2005,1994-05-23,103,50,436,494
194,2006,1994-05-23,99,12,154,222
194,2007,1994-05-23,35,40,132,149
194,2008,1994-05-23,36,28,194,36
194,2009,1994-05-23,118,43,151,402
194,2010,1994-05-23,58,7,91,136
194,2011,1994-05-23,88,20,112,365
194,2012,1994-05-23,144,36,52,337
194,2013,1994-05-23,102,31,165,113
194,2014,1994-05-23,81,39,422,313
194,2015,1994-05-23,30,9,56,144
194,2016,1994-05-23,56,28,239,135
194,2017,1994-05-23,118,25,461,324
195,1990,1990-spt-5,158,25,339,511
195,1991,1990-spt-5,137,8,495,244
195,1992,1990-spt-5,142,30,18,519
195,1993,1990-spt-5,123,35,481,591
195,1994,1990-spt-5,42,3,294,110
195,1995,1990-spt-5,89,26,5,155
195,1996,1990-spt-5,133,21,134,135
195,1997,1990-spt-5,100,34,412,249
195,1998,1990-spt-5,34,24,24,127
195,1999,1990-spt-5,58,47,479,130
195,2000,1990-spt-5,44,25,406,97
195,2001,1990-spt-5,66,1,445,99
195,2002,1990-spt-5,28,35,238,137
195,2003,1990-spt-5,30,42,302,38
195,2004,1990-spt-5,47,36,355,156
195,2005,1990-spt-5,134,5,443,328
195,2006,1990-spt-5,14,22,438,49
195,2007,1990-spt-5,30,27,392,130
195,2008,1990-spt-5,81,10,475,140
195,2009,1990-spt-5,157,28,449,289
195,2010,1990-spt-5,154,46,380,163
195,2011,1990-spt-5,72,11,368,140
195,2012,1990-spt-5,29,48,365,32
195,2013,1990-spt-5,71,12,64,162
195,2014,1990-spt-5,159,36,343,313
195,2015,1990-spt-5,156,45,136,392
195,2016,1990-spt-5,102,10,171,145
195,2017,1990-spt-5,86,39,220,373
196,1999,1999-August-6,157,23,196,467
196,2000,1999-August-6,19,32,332,69
196,2001,1999-August-6,128,28,216,299
196,2002,1999-August-6,76,12,138,296
196,2003,1999-August-6,79,34,149,157
196,2004,1999-August-6,124,5,431,421
196,2005,1999-August-6,26,38,348,40
196,2006,1999-August-6,90,33,77,177
196,2007,1999-August-6,138,45,47,512
196,2008,1999-August-6,112,19,62,461
196,2009,1999-August-6,35,21,107,148
196,2010,1999-August-6,95,8,422,271
196,2011,1999-August-6,110,1,175,370
196,2012,1999-August-6,68,1,415,321
196,2013,1999-August-6,138,31,260,550
196,2014,1999-August-6,117,34,108,120
196,2015,1999-August-6,90,5,360,332
196,2016,1999-August-6,134,47,342,334
196,2017,1999-August-6,46,27,358,150
197,2003,2003-my-27,60,27,234,173
197,2004,2003-my-27,86,39,483,227
197,2005,2003-my-27,140,4,387,398
197,2006,2003-my-27,142,42,102,611
197,2007,2003-my-27,88,12,224,282
197,2008,2003-my-27,99,4,141,220
197,2009,2003-my-27,66,47,141,105
197,2010,2003-my-27,64,28,14,84
197,2011,2003-my-27,36,19,221,149
197,2012,2003-my-27,149,12,275,272
197,2013,2003-my-27,129,46,370,159
197,2014,2003-my-27,10,36,8,32
197,2015,2003-my-27,13,48,343,49
197,2016,2003-my-27,130,23,480,560
197,2017,2003-my-27,18,6,348,66
198,2003,2003-July-1,44,7,68,210
198,2004,2003-July-1,82,39,316,118
198,2005,2003-July-1,158,5,291,263
198,2006,2003-July-1,48,10,400,220
198,2007,2003-July-1,24,42,259,89
198,2008,2003-July-1,153,23,78,483
198,2009,2003-July-1,150,21,129,565
198,2010,2003-July-1,91,33,326,215
198,2011,2003-July-1,54,10,493,235
198,2012,2003-July-1,92,46,128,419
198,2013,2003-July-1,106,20,418,263
198,2014,2003-July-1,153,23,371,230
198,2015,2003-July-1,12,22,293,20
198,2016,2003-July-1,112,50,213,413
198,2017,2003-July-1,28,42,37,41
199,2013,2013-August-8,93,15,57,181
199,2014,2013-August-8,11,25,277,24
199,2015,2013-August-8,97,50,197,382
199,2016,2013-August-8,131,49,133,295
199,2017,2013-August-8,87,43,272,167
200,2005,2005-aug-12,141,23,489,293
200,2006,2005-aug-12,27,33,352,84
200,2007,2005-aug-12,149,6,109,649
200,2008,2005-aug-12,64,4,348,152
200,2009,2005-aug-12,130,16,52,170
200,2010,2005-aug-12,136,2,470,155
200,2011,2005-aug-12,159,10,358,576
200,2012,2005-aug-12,74,3,25,110
200,2013,2005-aug-12,155,31,40,430
200,2014,2005-aug-12,54,36,50,155
200,2015,2005-aug-12,54,26,263,61
200,2016,2005-aug-12,16,26,119,62
200,2017,2005-aug-12,21,19,479,58
201,2017,2017-November-15,134,31,33,558
202,1996,1996-jan-25,148,36,94,374
202,1997,1996-jan-25,145,36,5,545
202,1998,1996-jan-25,45,29,4,223
202,1999,1996-jan-25,94,11,13,378
202,2000,1996-jan-25,81,10,358,107
202,2001,1996-jan-25,47,14,222,49
202,2002,1996-jan-25,34,24,346,94
202,2003,1996-jan-25,122,45,40,413
202,2004,1996-jan-25,127,39,281,390
202,2005,1996-jan-25,135,1,242,584
202,2006,1996-jan-25,123,43,156,282
202,2007,1996-jan-25,131,8,283,197
202,2008,1996-jan-25,159,21,135,431
202,2009,1996-jan-25,146,20,348,333
202,2010,1996-jan-25,51,15,373,103
202,2011,1996-jan-25,98,37,396,252
202,2012,1996-jan-25,35,13,101,147
202,2013,1996-jan-25,124,24,84,482
202,2014,1996-jan-25,90,49,22,304
202,2015,1996-jan-25,10,43,47,34
202,2016,1996-jan-25,140,12,363,443
202,2017,1996-jan-25,160,30,490,307
203,1996,1996-02-18,138,46,195,527
203,1997,1996-02-18,48,43,430,126
203,1998,1996-02-18,131,23,195,376
203,1999,1996-02-18,79,6,97,80
203,2000,1996-02-18,103,44,440,491
203,2001,1996-02-18,157,9,391,347
203,2002,1996-02-18,50,21,101,178
203,2003,1996-02-18,48,38,426,124
203,2004,1996-02-18,123,36,129,514
203,2005,1996-02-18,131,11,467,282
203,2006,1996-02-18,84,3,170,181
203,2007,1996-02-18,48,50,468,196
203,2008,1996-02-18,149,18,9,654
203,2009,1996-02-18,39,7,187,103
203,2010,1996-02-18,23,33,223,30
203,2011,1996-02-18,133,39,92,652
203,2012,1996-02-18,56,49,212,86
203,2013,1996-02-18,9,24,387,11
203,2014,1996-02-18,126,17,91,488
203,2015,1996-02-18,24,7,287,119
203,2016,1996-02-18,97,8,20,313
203,2017,1996-02-18,131,43,248,411
204,2011,2011-August-10,35,28,248,59
204,2012,2011-August-10,74,1,350,202
204,2013,2011-August-10,51,41,101,192
204,2014,2011-August-10,129,10,248,622
204,2015,2011-August-10,51,42,311,155
204,2016,2011-August-10,43,46,154,159
204,2017,2011-August-10,29,26,455,29
205,2005,2005-dec-11,99,9,125,293
205,2006,2005-dec-11,62,45,106,206
205,2007,2005-dec-11,112,6,325,295
205,2008,2005-dec-11,141,41,466,279
205,2009,2005-dec-11,39,13,141,165
205,2010,2005-dec-11,90,18,421,448
205,2011,2005-dec-11,81,27,390,333
205,2012,2005-dec-11,87,27,39,93
205,2013,2005-dec-11,38,7,34,82
205,2014,2005-dec-11,110,46,91,409
205,2015,2005-dec-11,14,12,276,14
205,2016,2005-dec-11,63,47,152,290
205,2017,2005-dec-11,132,1,243,259
206,2015,2015-04-3,58,36,58,108
206,2016,2015-04-3,85,33,282,245
206,2017,2015-04-3,80,49,138,192
207,2017,2017-my-3,60,19,408,114
208,2010,2010-04-2,157,43,409,736
208,2011,2010-04-2,63,49,6,154
208,2012,2010-04-2,83,6,50,127
208,2013,2010-04-2,58,17,481,107
208,2014,2010-04-2,72,15,48,204
208,2015,2010-04-2,154,45,250,158
208,2016,2010-04-2,125,31,360,229
208,2017,2010-04-2,35,47,18,74
209,2017,2017-ap-22,8,29,12,11
210,2012,2012-04-12,38,25,493,104
210,2013,2012-04-12,22,39,312,100
210,2014,2012-04-12,129,42,237,356
210,2015,2012-04-12,139,4,335,298
210,2016,2012-04-12,103,44,37,108
210,2017,2012-04-12,92,9,243,350
211,2000,2000-10-28,139,25,55,306
211,2001,2000-10-28,111,8,234,158
211,2002,2000-10-28,79,2,257,176
211,2003,2000-10-28,29,37,220,60
211,2004,2000-10-28,71,50,100,207
211,2005,2000-10-28,78,36,289,242
211,2006,2000-10-28,29,13,287,52
211,2007,2000-10-28,141,46,198,542
211,2008,2000-10-28,19,20,21,38
211,2009,2000-10-28,37,7,103,78
211,2010,2000-10-28,103,47,281,314
211,2011,2000-10-28,115,11,83,417
211,2012,2000-10-28,66,45,485,249
211,2013,2000-10-28,116,12,254,340
211,2014,2000-10-28,21,31,357,78
211,2015,2000-10-28,127,18,22,175
211,2016,2000-10-28,64,31,305,122
211,2017,2000-10-28,9,42,279,25
212,2010,2010-03-8,22,11,327,26
212,2011,2010-03-8,128,11,378,261
212,2012,2010-03-8,100,37,111,197
212,2013,2010-03-8,82,2,404,249
212,2014,2010-03-8,159,31,149,474
212,2015,2010-03-8,115,42,244,272
212,2016,2010-03-8,94,3,225,430
212,2017,2010-03-8,61,31,309,225
213,1997,1997-October-7,21,49,327,45
213,1998,1997-October-7,41,3,444,182
213,1999,1997-October-7,65,47,122,70
213,2000,1997-October-7,53,21,208,260
213,2001,1997-October-7,45,17,362,165
213,2002,1997-October-7,110,10,368,342
213,2003,1997-October-7,142,9,137,554
213,2004,1997-October-7,59,15,158,212
213,2005,1997-October-7,130,6,288,482
213,2006,1997-October-7,140,27,229,271
213,2007,1997-October-7,105,37,151,508
213,2008,1997-October-7,151,10,82,697
213,2009,1997-October-7,8,2,126,28
213,2010,1997-October-7,143,26,468,467
213,2011,1997-October-7,68,32,132,108
213,2012,1997-October-7,156,15,16,333
213,2013,1997-October-7,134,6,344,490
213,2014,1997-October-7,37,31,451,172
213,2015,1997-October-7,62,11,162,220
213,2016,1997-October-7,96,13,211,242
213,2017,1997-October-7,40,31,76,150
214,1994,1994-02-26,142,37,264,685
214,1995,1994-02-26,121,36,79,238
214,1996,1994-02-26,54,41,210,62
214,1997,1994-02-26,107,48,94,489
214,1998,1994-02-26,35,49,320,74
214,1999,1994-02-26,136,2,78,327
214,2000,1994-02-26,34,12,187,143
214,2001,1994-02-26,34,8,91,51
214,2002,1994-02-26,15,38,382,45
214,2003,1994-02-26,9,28,238,9
214,2004,1994-02-26,67,27,90,326
214,2005,1994-02-26,76,14,196,168
214,2006,1994-02-26,28,5,396,83
214,2007,1994-02-26,43,29,382,80
214,2008,1994-02-26,88,17,471,221
214,2009,1994-02-26,140,48,151,214
214,2010,1994-02-26,34,35,194,72
214,2011,1994-02-26,88,29,19,337
214,2012,1994-02-26,108,1,371,127
214,2013,1994-02-26,107,34,97,317
214,2014,1994-02-26,95,24,9,410
214,2015,1994-02-26,64,42,286,241
214,2016,1994-02-26,104,17,143,227
214,2017,1994-02-26,60,34,262,246
215,2002,2002-March-26,90,22,75,124
215,2003,2002-March-26,159,27,486,410
215,2004,2002-March-26,55,23,265,182
215,2005,2002-March-26,134,47,138,321
215,2006,2002-March-26,109,16,473,328
215,2007,2002-March-26,77,9,325,237
215,2008,2002-March-26,115,31,390,494
215,2009,2002-March-26,100,20,458,101
215,2010,2002-March-26,96,46,366,315
215,2011,2002-March-26,124,7,273,182
215,2012,2002-March-26,18,16,48,39
215,2013,2002-March-26,132,3,30,502
215,2014,2002-March-26,139,31,484,282
215,2015,2002-March-26,91,47,263,349
215,2016,2002-March-26,156,7,183,692
215,2017,2002-March-26,127,8,467,334
216,1991,1991-July-11,126,10,190,375
216,1992,1991-July-11,78,12,118,336
216,1993,1991-July-11,19,38,406,46
216,1994,1991-July-11,120,46,246,545
216,1995,1991-July-11,142,13,472,145
216,1996,1991-July-11,14,38,190,18
216,1997,1991-July-11,42,4,61,116
216,1998,1991-July-11,62,34,57,122
216,1999,1991-July-11,67,50,499,287
216,2000,1991-July-11,136,25,391,243
216,2001,1991-July-11,65,2,454,265
216,2002,1991-July-11,34,49,163,48
216,2003,1991-July-11,19,33,246,46
216,2004,1991-July-11,144,39,444,595
216,2005,1991-July-11,69,46,427,317
216,2006,1991-July-11,47,11,319,72
216,2007,1991-July-11,58,27,138,192
216,2008,1991-July-11,20,12,70,24
216,2009,1991-July-11,159,23,274,505
216,2010,1991-July-11,41,13,230,153
216,2011,1991-July-11,120,10,81,156
216,2012,1991-July-11,107,39,25,480
216,2013,1991-July-11,73,8,111,270
216,2014,1991-July-11,140,29,7,151
216,2015,1991-July-11,76,47,366,152
216,2016,1991-July-11,58,10,425,183
216,2017,1991-July-11,16,33,9,80
217,1999,1999-oct-24,28,17,472,43
217,2000,1999-oct-24,129,48,95,506
217,2001,1999-oct-24,87,7,473,98
217,2002,1999-oct-24,152,21,48,653
217,2003,1999-oct-24,32,41,95,97
217,2004,1999-oct-24,108,28,451,141
217,2005,1999-oct-24,65,43,61,275
217,2006,1999-oct-24,73,50,136,101
217,2007,1999-oct-24,45,5,119,130
217,2008,1999-oct-24,68,41,5,306
217,2009,1999-oct-24,136,19,350,167
217,2010,1999-oct-24,160,3,325,296
217,2011,1999-oct-24,85,29,391,262
217,2012,1999-oct-24,114,36,451,510
217,2013,1999-oct-24,147,50,93,156
217,2014,1999-oct-24,78,23,376,161
217,2015,1999-oct-24,86,5,215,106
217,2016,1999-oct-24,117,50,17,453
217,2017,1999-oct-24,50,10,162,125
218,2000,2000-nov-26,84,16,488,303
218,2001,2000-nov-26,152,37,373,230
218,2002,2000-nov-26,50,3,269,130
218,2003,2000-nov-26,124,35,33,607
218,2004,2000-nov-26,12,48,257,53
218,2005,2000-nov-26,134,22,110,178
218,2006,2000-nov-26,44,12,64,182
218,2007,2000-nov-26,152,10,163,180
218,2008,2000-nov-26,75,28,302,321
218,2009,2000-nov-26,65,31,415,224
218,2010,2000-nov-26,138,39,283,626
218,2011,2000-nov-26,25,25,351,107
218,2012,2000-nov-26,78,34,189,377
218,2013,2000-nov-26,109,3,379,438
218,2014,2000-nov-26,124,24,327,334
218,2015,2000-nov-26,101,41,91,138
218,2016,2000-nov-26,114,43,413,534
218,2017,2000-nov-26,88,44,479,258
219,2015,2015-December-10,139,12,471,527
219,2016,2015-December-10,43,22,198,194
219,2017,2015-December-10,103,21,364,144
220,2008,2008-July-21,15,1,245,66
220,2009,2008-July-21,44,29,161,114
220,2010,2008-July-21,127,1,225,369
220,2011,2008-July-21,79,9,463,191
220,2012,2008-July-21,48,9,488,108
220,2013,2008-July-21,37,48,216,56
220,2014,2008-July-21,50,2,174,252
220,2015,2008-July-21,34,18,71,155
220,2016,2008-July-21,118,16,362,308
220,2017,2008-July-21,53,38,178,175
221,1997,1997-jly-16,113,4,268,408
221,1998,1997-jly-16,16,19,344,53
221,1999,1997-jly-16,130,29,12,487
221,2000,1997-jly-16,88,50,93,94
221,2001,1997-jly-16,52,29,481,155
221,2002,1997-jly-16,152,29,94,723
221,2003,1997-jly-16,121,38,456,439
221,2004,1997-jly-16,96,50,483,247
221,2005,1997-jly-16,26,23,366,53
221,2006,1997-jly-16,82,18,61,84
221,2007,1997-jly-16,35,26,365,174
221,2008,1997-jly-16,36,28,190,106
221,2009,1997-jly-16,13,40,253,47
221,2010,1997-jly-16,14,10,442,60
221,2011,1997-jly-16,124,26,488,236
221,2012,1997-jly-16,27,48,479,32
221,2013,1997-jly-16,127,34,182,547
221,2014,1997-jly-16,99,7,266,282
221,2015,1997-jly-16,12,16,174,40
221,2016,1997-jly-16,33,50,138,56
221,2017,1997-jly-16,117,41,55,585
222,2007,2007-July-2,26,20,280,113
222,2008,2007-July-2,97,13,79,278
222,2009,2007-July-2,85,6,412,86
222,2010,2007-July-2,39,4,215,48
222,2011,2007-July-2,160,16,258,310
222,2012,2007-July-2,25,26,130,85
222,2013,2007-July-2,14,11,444,48
222,2014,2007-July-2,141,5,309,373
222,2015,2007-July-2,134,16,312,185
222,2016,2007-July-2,134,24,347,411
222,2017,2007-July-2,153,13,232,430
223,1992,1992-06-12,63,44,14,139
223,1993,1992-06-12,147,33,159,255
223,1994,1992-06-12,116,49,183,258
223,1995,1992-06-12,107,13,387,442
223,1996,1992-06-12,154,14,422,238
223,1997,1992-06-12,144,17,12,380
223,1998,1992-06-12,131,4,291,444
223,1999,1992-06-12,100,41,342,271
223,2000,1992-06-12,101,20,114,369
223,2001,1992-06-12,109,12,182,543
223,2002,1992-06-12,65,39,126,102
223,2003,1992-06-12,121,14,492,571
223,2004,1992-06-12,157,48,165,427
223,2005,1992-06-12,155,19,368,240
223,2006,1992-06-12,99,40,172,312
223,2007,1992-06-12,93,25,28,432
223,2008,1992-06-12,113,45,109,534
223,2009,1992-06-12,110,8,327,427
223,2010,1992-06-12,149,13,426,223
223,2011,1992-06-12,137,17,481,239
223,2012,1992-06-12,18,38,8,27
223,2013,1992-06-12,116,47,1,123
223,2014,1992-06-12,144,30,499,288
223,2015,1992-06-12,24,8,141,80
223,2016,1992-06-12,137,43,55,175
223,2017,1992-06-12,118,3,327,345
224,2017,2017-apr-16,19,26,390,52
225,2007,2007-spt-9,138,13,179,238
225,2008,2007-spt-9,120,43,84,511
225,2009,2007-spt-9,50,17,137,221
225,2010,2007-spt-9,18,30,74,59
225,2011,2007-spt-9,148,9,341,182
225,2012,2007-spt-9,158,41,353,721
225,2013,2007-spt-9,137,33,221,246
225,2014,2007-spt-9,66,25,90,259
225,2015,2007-spt-9,52,41,148,180
225,2016,2007-spt-9,41,43,261,150
225,2017,2007-spt-9,105,11,58,169
226,2009,2009-dec-19,60,17,103,68
226,2010,2009-dec-19,61,30,431,222
226,2011,2009-dec-19,32,7,87,89
226,2012,2009-dec-19,39,41,239,50
226,2013,2009-dec-19,144,47,216,582
226,2014,2009-dec-19,61,40,88,140
226,2015,2009-dec-19,157,13,395,430
226,2016,2009-dec-19,85,41,141,300
226,2017,2009-dec-19,18,19,288,70
227,2013,2013-August-9,137,43,31,212
227,2014,2013-August-9,14,44,471,50
227,2015,2013-August-9,100,28,330,439
227,2016,2013-August-9,98,14,252,277
227,2017,2013-August-9,79,20,84,322
228,1999,1999-spt-8,74,10,138,312
228,2000,1999-spt-8,51,33,114,240
228,2001,1999-spt-8,140,1,462,389
228,2002,1999-spt-8,102,9,267,371
228,2003,1999-spt-8,30,3,295,48
228,2004,1999-spt-8,54,35,196,72
228,2005,1999-spt-8,80,12,278,271
228,2006,1999-spt-8,14,25,165,48
228,2007,1999-spt-8,110,26,310,226
228,2008,1999-spt-8,41,16,213,86
228,2009,1999-spt-8,37,29,481,75
228,2010,1999-spt-8,74,3,309,169
228,2011,1999-spt-8,132,14,401,285
228,2012,1999-spt-8,90,43,248,229
228,2013,1999-spt-8,132,26,287,566
228,2014,1999-spt-8,90,9,163,313
228,2015,1999-spt-8,52,2,11,168
228,2016,1999-spt-8,44,41,273,182
228,2017,1999-spt-8,33,38,17,44
229,1999,1999-nov-22,38,31,241,127
229,2000,1999-nov-22,118,21,465,356
229,2001,1999-nov-22,41,14,220,189
229,2002,1999-nov-22,51,23,387,119
229,2003,1999-nov-22,70,41,394,79
229,2004,1999-nov-22,68,22,229,252
229,2005,1999-nov-22,91,42,75,301
229,2006,1999-nov-22,60,13,344,284
229,2007,1999-nov-22,84,17,478,260
229,2008,1999-nov-22,10,33,463,28
229,2009,1999-nov-22,67,36,219,310
229,2010,1999-nov-22,132,47,111,303
229,2011,1999-nov-22,32,11,406,34
229,2012,1999-nov-22,62,46,275,248
229,2013,1999-nov-22,27,42,115,136
229,2014,1999-nov-22,66,34,239,185
229,2015,1999-nov-22,30,47,266,128
229,2016,1999-nov-22,125,4,398,322
229,2017,1999-nov-22,35,12,4,148
230,2003,2003-July-3,40,34,477,194
230,2004,2003-July-3,107,49,57,460
230,2005,2003-July-3,142,19,210,697
230,2006,2003-July-3,64,45,420,90
230,2007,2003-July-3,58,48,150,148
230,2008,2003-July-3,32,11,248,75
230,2009,2003-July-3,146,49,475,277
230,2010,2003-July-3,96,36,271,168
230,2011,2003-July-3,91,27,188,233
230,2012,2003-July-3,146,31,345,291
230,2013,2003-July-3,66,24,404,129
230,2014,2003-July-3,52,9,26,257
230,2015,2003-July-3,135,8,425,323
230,2016,2003-July-3,40,44,381,171
230,2017,2003-July-3,76,27,484,377
231,1992,1992-03-8,32,45,295,33
231,1993,1992-03-8,126,42,468,172
231,1994,1992-03-8,51,19,264,164
231,1995,1992-03-8,88,23,173,131
231,1996,1992-03-8,106,22,177,239
231,1997,1992-03-8,85,35,81,248
231,1998,1992-03-8,12,36,151,58
231,1999,1992-03-8,141,32,27,143
231,2000,1992-03-8,41,13,292,126
231,2001,1992-03-8,62,36,172,93
231,2002,1992-03-8,41,25,200,141
231,2003,1992-03-8,125,44,376,143
231,2004,1992-03-8,142,9,369,379
231,2005,1992-03-8,154,33,261,742
231,2006,1992-03-8,143,44,91,519
231,2007,1992-03-8,113,41,19,189
231,2008,1992-03-8,19,18,465,77
231,2009,1992-03-8,44,19,267,213
231,2010,1992-03-8,49,31,470,140
231,2011,1992-03-8,137,49,490,463
231,2012,1992-03-8,103,48,89,280
231,2013,1992-03-8,22,29,197,54
231,2014,1992-03-8,37,7,315,109
231,2015,1992-03-8,29,15,421,42
231,2016,1992-03-8,143,11,417,416
231,2017,1992-03-8,121,24,128,166
232,2016,2016-jly-27,87,5,122,223
232,2017,2016-jly-27,62,34,226,289
233,2006,2006-aug-8,116,47,300,322
233,2007,2006-aug-8,74,22,54,250
233,2008,2006-aug-8,136,44,446,253
233,2009,2006-aug-8,105,33,276,195
233,2010,2006-aug-8,116,23,361,197
233,2011,2006-aug-8,99,3,357,441
233,2012,2006-aug-8,81,33,142,212
233,2013,2006-aug-8,27,16,449,94
233,2014,2006-aug-8,110,5,381,428
233,2015,2006-aug-8,18,43,398,50
233,2016,2006-aug-8,14,11,43,28
233,2017,2006-aug-8,80,25,123,135
234,1992,1992-September-15,19,5,35,74
234,1993,1992-September-15,87,43,167,418
234,1994,1992-September-15,157,11,182,329
234,1995,1992-September-15,73,47,375,309
234,1996,1992-September-15,140,8,386,354
234,1997,1992-September-15,126,11,497,526
234,1998,1992-September-15,124,19,449,408
234,1999,1992-September-15,131,26,424,274
234,2000,1992-September-15,127,33,341,364
234,2001,1992-September-15,30,27,321,135
234,2002,1992-September-15,59,43,125,148
234,2003,1992-September-15,57,44,117,229
234,2004,1992-September-15,132,27,125,536
234,2005,1992-September-15,79,30,331,188
234,2006,1992-September-15,93,19,380,125
234,2007,1992-September-15,39,21,383,185
234,2008,1992-September-15,111,4,261,337
234,2009,1992-September-15,33,37,281,66
234,2010,1992-September-15,89,50,489,238
234,2011,1992-September-15,78,15,217,307
234,2012,1992-September-15,110,7,293,252
234,2013,1992-September-15,35,45,105,85
234,2014,1992-September-15,153,36,128,570
234,2015,1992-September-15,84,32,266,325
234,2016,1992-September-15,108,42,325,310
234,2017,1992-September-15,153,27,331,758
235,1995,1995-04-15,90,48,1,123
235,1996,1995-04-15,121,19,345,341
235,1997,1995-04-15,89,18,295,409
235,1998,1995-04-15,127,44,40,536
235,1999,1995-04-15,78,42,415,378
235,2000,1995-04-15,30,20,221,90
235,2001,1995-04-15,62,8,20,162
235,2002,1995-04-15,95,24,180,142
235,2003,1995-04-15,84,35,70,227
235,2004,1995-04-15,146,3,171,725
235,2005,1995-04-15,77,26,205,387
235,2006,1995-04-15,59,43,318,75
235,2007,1995-04-15,88,40,149,243
235,2008,1995-04-15,39,22,223,87
235,2009,1995-04-15,145,36,486,153
235,2010,1995-04-15,90,9,193,377
235,2011,1995-04-15,92,34,160,427
235,2012,1995-04-15,76,39,47,120
235,2013,1995-04-15,118,35,330,399
235,2014,1995-04-15,42,7,234,201
235,2015,1995-04-15,8,19,199,27
235,2016,1995-04-15,84,45,118,216
235,2017,1995-04-15,25,25,146,64
236,2005,2005-spt-4,74,26,14,349
236,2006,2005-spt-4,122,39,300,257
236,2007,2005-spt-4,124,35,234,569
236,2008,2005-spt-4,96,26,425,228
236,2009,2005-spt-4,94,49,153,275
236,2010,2005-spt-4,90,25,103,349
236,2011,2005-spt-4,144,32,346,423
236,2012,2005-spt-4,47,23,159,217
236,2013,2005-spt-4,115,23,12,291
236,2014,2005-spt-4,55,15,118,55
236,2015,2005-spt-4,134,11,302,372
236,2016,2005-spt-4,13,12,340,48
236,2017,2005-spt-4,155,48,371,656
237,2007,2007-apr-5,88,12,13,222
237,2008,2007-apr-5,160,31,100,486
237,2009,2007-apr-5,97,19,92,204
237,2010,2007-apr-5,76,43,25,240
237,2011,2007-apr-5,23,5,14,71
237,2012,2007-apr-5,118,29,215,247
237,2013,2007-apr-5,130,29,499,138
237,2014,2007-apr-5,157,8,26,449
237,2015,2007-apr-5,125,12,275,484
237,2016,2007-apr-5,132,44,349,139
237,2017,2007-apr-5,84,43,168,215
238,2008,2008-02-2,93,35,495,349
238,2009,2008-02-2,14,8,219,45
238,2010,2008-02-2,18,3,237,84
238,2011,2008-02-2,71,20,449,178
238,2012,2008-02-2,26,15,74,104
238,2013,2008-02-2,51,31,467,175
238,2014,2008-02-2,152,24,387,590
238,2015,2008-02-2,96,9,219,215
238,2016,2008-02-2,36,29,84,153
238,2017,2008-02-2,62,17,493,135
239,2017,2017-feb-12,154,5,463,427
240,1994,1994-jul-22,142,47,266,448
240,1995,1994-jul-22,95,24,62,406
240,1996,1994-jul-22,36,1,305,143
240,1997,1994-jul-22,67,31,265,139
240,1998,1994-jul-22,136,32,202,196
240,1999,1994-jul-22,95,46,313,449
240,2000,1994-jul-22,119,46,89,352
240,2001,1994-jul-22,154,42,352,617
240,2002,1994-jul-22,58,21,195,170
240,2003,1994-jul-22,26,34,198,106
240,2004,1994-jul-22,132,20,268,652
240,2005,1994-jul-22,69,24,442,186
240,2006,1994-jul-22,98,26,208,265
240,2007,1994-jul-22,25,3,93,56
240,2008,1994-jul-22,35,33,19,74
240,2009,1994-jul-22,136,33,304,561
240,2010,1994-jul-22,128,32,100,475
240,2011,1994-jul-22,88,46,337,162
240,2012,1994-jul-22,9,18,297,28
240,2013,1994-jul-22,63,11,309,120
240,2014,1994-jul-22,12,3,490,18
240,2015,1994-jul-22,66,43,462,227
240,2016,1994-jul-22,17,42,452,52
240,2017,1994-jul-22,28,7,69,38
241,2017,2017-jan-1,153,6,468,281
242,2000,2000-jan-14,59,20,199,160
242,2001,2000-jan-14,75,6,449,355
242,2002,2000-jan-14,18,26,329,54
242,2003,2000-jan-14,65,47,421,69
242,2004,2000-jan-14,61,39,55,160
242,2005,2000-jan-14,85,28,427,257
242,2006,2000-jan-14,13,18,46,60
242,2007,2000-jan-14,45,34,236,172
242,2008,2000-jan-14,142,29,48,707
242,2009,2000-jan-14,87,18,148,134
242,2010,2000-jan-14,141,35,430,229
242,2011,2000-jan-14,48,41,364,197
242,2012,2000-jan-14,36,48,287,78
242,2013,2000-jan-14,142,19,35,207
242,2014,2000-jan-14,94,11,396,233
242,2015,2000-jan-14,94,46,75,142
242,2016,2000-jan-14,67,37,207,74
242,2017,2000-jan-14,104,14,393,514
243,2016,2016-08-19,96,42,445,219
243,2017,2016-08-19,123,29,83,272
244,2004,2004-ju-13,44,32,386,94
244,2005,2004-ju-13,131,2,274,131
244,2006,2004-ju-13,22,33,284,27
244,2007,2004-ju-13,119,7,56,587
244,2008,2004-ju-13,32,3,68,55
244,2009,2004-ju-13,156,48,285,428
244,2010,2004-ju-13,69,12,308,207
244,2011,2004-ju-13,119,31,12,400
244,2012,2004-ju-13,25,14,456,83
244,2013,2004-ju-13,54,6,438,68
244,2014,2004-ju-13,146,5,119,631
244,2015,2004-ju-13,96,5,268,444
244,2016,2004-ju-13,55,4,190,269
244,2017,2004-ju-13,64,26,497,290
245,1993,1993-ju-4,38,41,140,132
245,1994,1993-ju-4,69,9,179,239
245,1995,1993-ju-4,59,16,497,137
245,1996,1993-ju-4,95,21,200,323
245,1997,1993-ju-4,140,3,473,166
245,1998,1993-ju-4,142,15,316,297
245,1999,1993-ju-4,137,1,348,481
245,2000,1993-ju-4,56,47,327,129
245,2001,1993-ju-4,131,38,129,468
245,2002,1993-ju-4,44,24,305,65
245,2003,1993-ju-4,134,29,366,343
245,2004,1993-ju-4,158,24,331,390
245,2005,1993-ju-4,99,23,102,225
245,2006,1993-ju-4,85,15,25,371
245,2007,1993-ju-4,127,45,45,188
245,2008,1993-ju-4,42,45,422,77
245,2009,1993-ju-4,71,24,429,330
245,2010,1993-ju-4,121,12,380,377
245,2011,1993-ju-4,156,31,427,246
245,2012,1993-ju-4,153,22,466,644
245,2013,1993-ju-4,54,41,403,234
245,2014,1993-ju-4,150,3,66,490
245,2015,1993-ju-4,45,27,301,186
245,2016,1993-ju-4,160,5,140,722
245,2017,1993-ju-4,66,9,389,256
246,2014,2014-08-3,93,38,313,129
246,2015,2014-08-3,50,40,93,240
246,2016,2014-08-3,134,43,275,144
246,2017,2014-08-3,151,46,411,748
247,1993,1993-ap-12,33,13,239,34
247,1994,1993-ap-12,150,33,299,507
247,1995,1993-ap-12,160,12,169,735
247,1996,1993-ap-12,136,1,407,492
247,1997,1993-ap-12,83,19,233,147
247,1998,1993-ap-12,117,19,162,351
247,1999,1993-ap-12,148,17,429,583
247,2000,1993-ap-12,68,5,314,220
247,2001,1993-ap-12,98,17,403,290
247,2002,1993-ap-12,35,20,361,169
247,2003,1993-ap-12,116,41,276,163
247,2004,1993-ap-12,114,29,200,464
247,2005,1993-ap-12,108,17,466,187
247,2006,1993-ap-12,104,41,25,335
247,2007,1993-ap-12,156,29,495,474
247,2008,1993-ap-12,90,45,219,394
247,2009,1993-ap-12,28,23,407,130
247,2010,1993-ap-12,24,1,469,117
247,2011,1993-ap-12,77,10,382,206
247,2012,1993-ap-12,141,40,310,671
247,2013,1993-ap-12,60,35,352,294
247,2014,1993-ap-12,23,24,144,41
247,2015,1993-ap-12,68,15,268,197
247,2016,1993-ap-12,157,27,370,284
247,2017,1993-ap-12,114,35,116,246
248,1997,1997-June-9,75,14,406,185
248,1998,1997-June-9,19,38,46,30
248,1999,1997-June-9,139,11,260,301
248,2000,1997-June-9,94,36,176,340
248,2001,1997-June-9,142,41,38,661
248,2002,1997-June-9,59,8,228,92
248,2003,1997-June-9,104,30,239,347
248,2004,1997-June-9,136,44,101,493
248,2005,1997-June-9,139,18,131,392
248,2006,1997-June-9,79,25,51,197
248,2007,1997-June-9,109,38,483,192
248,2008,1997-June-9,122,45,219,129
248,2009,1997-June-9,123,37,64,290
248,2010,1997-June-9,50,30,70,100
248,2011,1997-June-9,93,7,387,188
248,2012,1997-June-9,30,12,426,149
248,2013,1997-June-9,67,7,326,94
248,2014,1997-June-9,148,50,416,704
248,2015,1997-June-9,151,1,285,584
248,2016,1997-June-9,72,31,128,265
248,2017,1997-June-9,47,50,94,195
249,1999,1999-08-15,104,4,385,175
249,2000,1999-08-15,147,8,28,305
249,2001,1999-08-15,100,43,456,180
249,2002,1999-08-15,99,33,54,292
249,2003,1999-08-15,158,48,279,770
249,2004,1999-08-15,106,33,205,506
249,2005,1999-08-15,75,44,434,217
249,2006,1999-08-15,87,49,368,144
249,2007,1999-08-15,36,31,183,61
249,2008,1999-08-15,21,46,17,102
249,2009,1999-08-15,76,40,375,330
249,2010,1999-08-15,122,43,395,484
249,2011,1999-08-15,152,10,184,471
249,2012,1999-08-15,29,50,388,42
249,2013,1999-08-15,19,43,113,70
249,2014,1999-08-15,91,35,197,146
249,2015,1999-08-15,65,4,42,199
249,2016,1999-08-15,47,19,443,83
249,2017,1999-08-15,149,5,370,263
250,2008,2008-my-20,28,25,147,140
250,2009,2008-my-20,124,48,6,366
250,2010,2008-my-20,20,44,235,64
250,2011,2008-my-20,38,40,375,54
250,2012,2008-my-20,75,32,339,169
250,2013,2008-my-20,8,32,62,10
250,2014,2008-my-20,147,18,138,466
250,2015,2008-my-20,83,5,111,344
250,2016,2008-my-20,16,37,181,38
250,2017,2008-my-20,98,10,323,208
251,2001,2001-February-28,93,41,350,164
251,2002,2001-February-28,95,25,485,253
251,2003,2001-February-28,76,45,450,249
251,2004,2001-February-28,86,27,121,169
251,2005,2001-February-28,120,49,118,218
251,2006,2001-February-28,134,33,210,430
251,2007,2001-February-28,82,35,37,385
251,2008,2001-February-28,148,41,2,715
251,2009,2001-February-28,60,30,410,87
251,2010,2001-February-28,53,21,444,204
251,2011,2001-February-28,96,11,414,163
251,2012,2001-February-28,142,6,363,694
251,2013,2001-February-28,119,35,426,128
251,2014,2001-February-28,155,6,35,618
251,2015,2001-February-28,74,2,321,157
251,2016,2001-February-28,80,32,113,92
251,2017,2001-February-28,41,41,181,119
252,2010,2010-March-26,125,31,221,200
252,2011,2010-March-26,128,6,81,209
252,2012,2010-March-26,95,2,151,457
252,2013,2010-March-26,63,21,73,244
252,2014,2010-March-26,119,32,189,476
252,2015,2010-March-26,104,36,283,469
252,2016,2010-March-26,18,40,203,63
252,2017,2010-March-26,74,21,292,293
253,1998,1998-sp-24,154,6,342,469
253,1999,1998-sp-24,141,49,489,524
253,2000,1998-sp-24,17,23,46,51
253,2001,1998-sp-24,132,34,492,573
253,2002,1998-sp-24,86,43,466,108
253,2003,1998-sp-24,76,18,180,141
253,2004,1998-sp-24,19,7,285,50
253,2005,1998-sp-24,113,11,128,466
253,2006,1998-sp-24,84,20,115,152
253,2007,1998-sp-24,102,30,399,279
253,2008,1998-sp-24,107,12,328,232
253,2009,1998-sp-24,64,10,191,243
253,2010,1998-sp-24,144,28,370,683
253,2011,1998-sp-24,92,31,35,359
253,2012,1998-sp-24,18,49,205,63
253,2013,1998-sp-24,151,34,154,468
253,2014,1998-sp-24,75,39,382,180
253,2015,1998-sp-24,96,24,143,316
253,2016,1998-sp-24,68,28,166,321
253,2017,1998-sp-24,130,34,428,492
254,2007,2007-08-18,147,49,479,243
254,2008,2007-08-18,39,18,404,40
254,2009,2007-08-18,88,41,250,295
254,2010,2007-08-18,114,21,423,314
254,2011,2007-08-18,106,7,5,230
254,2012,2007-08-18,16,36,95,68
254,2013,2007-08-18,124,17,476,414
254,2014,2007-08-18,121,2,480,322
254,2015,2007-08-18,89,39,307,352
254,2016,2007-08-18,11,13,157,46
254,2017,2007-08-18,158,44,249,639
255,2002,2002-spt-4,152,5,120,291
255,2003,2002-spt-4,93,23,190,446
255,2004,2002-spt-4,28,37,130,113
255,2005,2002-spt-4,74,39,36,168
255,2006,2002-spt-4,117,48,90,241
255,2007,2002-spt-4,37,41,29,120
255,2008,2002-spt-4,56,22,462,84
255,2009,2002-spt-4,137,24,419,429
255,2010,2002-spt-4,102,42,22,323
255,2011,2002-spt-4,158,15,29,415
255,2012,2002-spt-4,77,48,113,365
255,2013,2002-spt-4,54,14,162,255
255,2014,2002-spt-4,58,25,373,225
255,2015,2002-spt-4,44,6,383,95
255,2016,2002-spt-4,56,37,255,223
255,2017,2002-spt-4,97,1,2,413
256,2009,2009-sp-5,62,1,163,239
256,2010,2009-sp-5,111,40,292,200
256,2011,2009-sp-5,99,24,309,298
256,2012,2009-sp-5,127,43,293,451
256,2013,2009-sp-5,61,42,270,211
256,2014,2009-sp-5,75,45,419,248
256,2015,2009-sp-5,134,30,336,393
256,2016,2009-sp-5,154,22,466,354
256,2017,2009-sp-5,149,30,249,674
257,1990,1990-October-15,15,19,146,62
257,1991,1990-October-15,77,27,310,300
257,1992,1990-October-15,118,43,170,401
257,1993,1990-October-15,146,9,316,339
257,1994,1990-October-15,8,5,339,16
257,1995,1990-October-15,46,21,207,210
257,1996,1990-October-15,25,4,380,89
257,1997,1990-October-15,97,29,207,257
257,1998,1990-October-15,17,23,262,47
257,1999,1990-October-15,120,41,198,458
257,2000,1990-October-15,40,5,143,74
257,2001,1990-October-15,39,26,218,120
257,2002,1990-October-15,50,3,296,144
257,2003,1990-October-15,25,48,70,106
257,2004,1990-October-15,134,21,89,581
257,2005,1990-October-15,156,46,10,397
257,2006,1990-October-15,71,31,8,325
257,2007,1990-October-15,129,24,115,270
257,2008,1990-October-15,151,2,264,610
257,2009,1990-October-15,104,20,348,171
257,2010,1990-October-15,106,4,366,339
257,2011,1990-October-15,59,30,173,280
257,2012,1990-October-15,135,41,406,383
257,2013,1990-October-15,146,22,6,220
257,2014,1990-October-15,128,39,306,286
257,2015,1990-October-15,24,47,226,30
257,2016,1990-October-15,97,40,347,286
257,2017,1990-October-15,131,32,259,363
258,1995,1995-sept-6,90,23,318,421
258,1996,1995-sept-6,108,29,34,224
258,1997,1995-sept-6,76,27,491,152
258,1998,1995-sept-6,96,26,336,311
258,1999,1995-sept-6,20,26,245,97
258,2000,1995-sept-6,57,6,19,134
258,2001,1995-sept-6,76,9,222,220
258,2002,1995-sept-6,118,24,112,496
258,2003,1995-sept-6,97,7,469,227
258,2004,1995-sept-6,143,38,462,265
258,2005,1995-sept-6,37,1,461,69
258,2006,1995-sept-6,121,23,467,322
258,2007,1995-sept-6,79,44,476,159
258,2008,1995-sept-6,12,36,21,22
258,2009,1995-sept-6,124,12,448,473
258,2010,1995-sept-6,70,39,359,103
258,2011,1995-sept-6,64,28,182,243
258,2012,1995-sept-6,14,50,284,54
258,2013,1995-sept-6,44,5,399,115
258,2014,1995-sept-6,25,33,81,28
258,2015,1995-sept-6,50,18,306,228
258,2016,1995-sept-6,56,2,67,146
258,2017,1995-sept-6,107,40,103,210
259,1998,1998-ag-10,74,12,58,114
259,1999,1998-ag-10,57,29,247,277
259,2000,1998-ag-10,51,45,236,232
259,2001,1998-ag-10,31,2,116,84
259,2002,1998-ag-10,57,20,411,181
259,2003,1998-ag-10,13,14,448,14
259,2004,1998-ag-10,122,8,110,392
259,2005,1998-ag-10,38,2,231,81
259,2006,1998-ag-10,85,40,296,90
259,2007,1998-ag-10,151,23,474,167
259,2008,1998-ag-10,9,5,333,32
259,2009,1998-ag-10,70,13,125,106
259,2010,1998-ag-10,124,3,217,451
259,2011,1998-ag-10,104,12,122,513
259,2012,1998-ag-10,141,41,393,346
259,2013,1998-ag-10,149,38,262,740
259,2014,1998-ag-10,156,31,306,310
259,2015,1998-ag-10,49,43,303,224
259,2016,1998-ag-10,113,50,307,252
259,2017,1998-ag-10,106,44,47,240
260,1995,1995-October-10,135,7,275,181
260,1996,1995-October-10,16,22,6,27
260,1997,1995-October-10,60,48,433,135
260,1998,1995-October-10,82,23,111,229
260,1999,1995-October-10,124,29,438,445
260,2000,1995-October-10,24,10,275,45
260,2001,1995-October-10,100,27,117,103
260,2002,1995-October-10,127,28,207,167
260,2003,1995-October-10,70,9,13,214
260,2004,1995-October-10,90,19,492,127
260,2005,1995-October-10,10,26,3,39
260,2006,1995-October-10,102,12,466,108
260,2007,1995-October-10,73,28,114,140
260,2008,1995-October-10,42,14,168,54
260,2009,1995-October-10,106,19,320,245
260,2010,1995-October-10,142,25,213,583
260,2011,1995-October-10,56,35,50,109
260,2012,1995-October-10,48,2,112,228
260,2013,1995-October-10,110,37,126,392
260,2014,1995-October-10,133,20,468,494
260,2015,1995-October-10,151,14,446,247
260,2016,1995-October-10,149,31,475,729
260,2017,1995-October-10,31,45,458,87
261,1999,1999-01-13,158,4,91,656
261,2000,1999-01-13,47,49,155,162
261,2001,1999-01-13,70,13,114,152
261,2002,1999-01-13,47,24,332,87
261,2003,1999-01-13,77,2,373,189
261,2004,1999-01-13,17,21,253,19
261,2005,1999-01-13,120,39,122,431
261,2006,1999-01-13,151,34,237,425
261,2007,1999-01-13,108,26,6,301
261,2008,1999-01-13,42,18,379,207
261,2009,1999-01-13,114,13,347,499
261,2010,1999-01-13,77,37,365,222
261,2011,1999-01-13,11,38,238,15
261,2012,1999-01-13,59,31,383,194
261,2013,1999-01-13,139,48,282,231
261,2014,1999-01-13,68,23,75,122
261,2015,1999-01-13,48,14,177,189
261,2016,1999-01-13,57,33,194,108
261,2017,1999-01-13,27,19,409,66
262,2017,2017-dc-1,57,32,488,93
263,1993,1993-dc-14,140,41,131,645
263,1994,1993-dc-14,152,41,486,716
263,1995,1993-dc-14,136,17,444,445
263,1996,1993-dc-14,144,11,441,563
263,1997,1993-dc-14,85,35,448,258
263,1998,1993-dc-14,106,30,5,294
263,1999,1993-dc-14,76,46,374,231
263,2000,1993-dc-14,82,12,339,87
263,2001,1993-dc-14,63,38,385,163
263,2002,1993-dc-14,93,36,420,386
263,2003,1993-dc-14,69,19,289,80
263,2004,1993-dc-14,59,21,41,266
263,2005,1993-dc-14,132,15,33,137
263,2006,1993-dc-14,105,50,177,420
263,2007,1993-dc-14,20,39,416,42
263,2008,1993-dc-14,47,31,485,130
263,2009,1993-dc-14,76,27,329,294
263,2010,1993-dc-14,147,10,285,322
263,2011,1993-dc-14,28,28,467,120
263,2012,1993-dc-14,31,32,143,82
263,2013,1993-dc-14,73,4,215,138
263,2014,1993-dc-14,115,41,469,415
263,2015,1993-dc-14,40,30,423,132
263,2016,1993-dc-14,136,28,267,454
263,2017,1993-dc-14,39,21,97,102
264,1994,1994-06-7,10,35,160,14
264,1995,1994-06-7,141,38,229,168
264,1996,1994-06-7,134,5,42,168
264,1997,1994-06-7,9,34,476,35
264,1998,1994-06-7,158,22,34,188
264,1999,1994-06-7,128,5,340,170
264,2000,1994-06-7,140,4,395,539
264,2001,1994-06-7,109,34,97,374
264,2002,1994-06-7,117,28,34,580
264,2003,1994-06-7,124,32,111,346
264,2004,1994-06-7,99,36,389,424
264,2005,1994-06-7,56,27,235,124
264,2006,1994-06-7,150,28,392,471
264,2007,1994-06-7,34,21,342,81
264,2008,1994-06-7,68,42,61,143
264,2009,1994-06-7,74,30,136,198
264,2010,1994-06-7,124,12,97,296
264,2011,1994-06-7,48,22,210,140
264,2012,1994-06-7,45,32,213,216
264,2013,1994-06-7,142,12,230,156
264,2014,1994-06-7,72,13,403,312
264,2015,1994-06-7,154,47,148,432
264,2016,1994-06-7,124,33,388,158
264,2017,1994-06-7,49,43,436,182
265,2015,2015-09-20,89,12,113,182
265,2016,2015-09-20,77,41,61,151
265,2017,2015-09-20,20,4,84,90
266,1991,1991-ma-9,70,4,225,277
266,1992,1991-ma-9,34,8,253,40
266,1993,1991-ma-9,83,30,332,363
266,1994,1991-ma-9,34,13,110,69
266,1995,1991-ma-9,95,19,100,323
266,1996,1991-ma-9,158,30,320,583
266,1997,1991-ma-9,39,28,101,93
266,1998,1991-ma-9,143,21,338,589
266,1999,1991-ma-9,31,49,404,146
266,2000,1991-ma-9,146,6,441,504
266,2001,1991-ma-9,84,23,347,202
266,2002,1991-ma-9,95,36,16,116
266,2003,1991-ma-9,98,19,231,352
266,2004,1991-ma-9,54,31,184,72
266,2005,1991-ma-9,42,5,72,130
266,2006,1991-ma-9,122,40,213,295
266,2007,1991-ma-9,39,30,202,110
266,2008,1991-ma-9,53,27,175,169
266,2009,1991-ma-9,75,7,382,169
266,2010,1991-ma-9,9,34,48,25
266,2011,1991-ma-9,29,38,281,80
266,2012,1991-ma-9,64,41,409,160
266,2013,1991-ma-9,74,35,234,192
266,2014,1991-ma-9,46,35,170,114
266,2015,1991-ma-9,79,43,184,378
266,2016,1991-ma-9,112,35,476,369
266,2017,1991-ma-9,146,39,382,728
267,2012,2012-sp-10,118,3,30,187
267,2013,2012-sp-10,133,43,118,210
267,2014,2012-sp-10,93,29,323,394
267,2015,2012-sp-10,151,27,29,518
267,2016,2012-sp-10,71,23,375,156
267,2017,2012-sp-10,93,38,406,159
268,2003,2003-02-6,157,37,289,366
268,2004,2003-02-6,19,17,55,22
268,2005,2003-02-6,92,49,475,171
268,2006,2003-02-6,13,20,64,61
268,2007,2003-02-6,126,38,360,192
268,2008,2003-02-6,103,9,3,399
268,2009,2003-02-6,20,44,311,20
268,2010,2003-02-6,58,23,214,160
268,2011,2003-02-6,92,36,276,374
268,2012,2003-02-6,103,42,431,437
268,2013,2003-02-6,48,37,151,71
268,2014,2003-02-6,14,31,156,49
268,2015,2003-02-6,65,17,138,213
268,2016,2003-02-6,20,9,379,62
268,2017,2003-02-6,98,29,23,228
269,2007,2007-October-9,115,43,362,183
269,2008,2007-October-9,156,10,276,625
269,2009,2007-October-9,157,18,37,164
269,2010,2007-October-9,98,13,113,200
269,2011,2007-October-9,30,1,137,130
269,2012,2007-October-9,9,47,348,36
269,2013,2007-October-9,56,22,420,197
269,2014,2007-October-9,153,45,489,576
269,2015,2007-October-9,28,4,374,93
269,2016,2007-October-9,87,2,270,423
269,2017,2007-October-9,115,42,460,198
270,2004,2004-apr-27,134,12,277,164
270,2005,2004-apr-27,105,2,208,200
270,2006,2004-apr-27,134,20,270,223
270,2007,2004-apr-27,158,38,159,529
270,2008,2004-apr-27,80,4,449,85
270,2009,2004-apr-27,96,47,402,306
270,2010,2004-apr-27,64,6,315,260
270,2011,2004-apr-27,114,30,168,320
270,2012,2004-apr-27,144,6,70,625
270,2013,2004-apr-27,38,26,116,55
270,2014,2004-apr-27,67,22,9,281
270,2015,2004-apr-27,19,1,2,84
270,2016,2004-apr-27,111,29,227,162
270,2017,2004-apr-27,29,8,471,123
271,2013,2013-ap-18,128,38,385,360
271,2014,2013-ap-18,106,31,11,341
271,2015,2013-ap-18,116,24,267,165
271,2016,2013-ap-18,157,3,34,744
271,2017,2013-ap-18,128,49,13,317
272,2012,2012-04-4,132,10,112,264
272,2013,2012-04-4,142,18,210,206
272,2014,2012-04-4,65,4,130,249
272,2015,2012-04-4,70,3,455,196
272,2016,2012-04-4,139,32,335,594
272,2017,2012-04-4,23,38,243,113
273,1997,1997-jan-27,24,19,331,24
273,1998,1997-jan-27,13,29,170,62
273,1999,1997-jan-27,141,30,105,582
273,2000,1997-jan-27,104,5,84,212
273,2001,1997-jan-27,109,41,47,117
273,2002,1997-jan-27,38,39,44,151
273,2003,1997-jan-27,156,22,143,653
273,2004,1997-jan-27,27,30,145,100
273,2005,1997-jan-27,88,11,35,387
273,2006,1997-jan-27,142,12,27,509
273,2007,1997-jan-27,114,48,88,259
273,2008,1997-jan-27,16,22,453,51
273,2009,1997-jan-27,44,12,37,195
273,2010,1997-jan-27,132,40,235,307
273,2011,1997-jan-27,88,47,40,373
273,2012,1997-jan-27,83,32,394,183
273,2013,1997-jan-27,15,7,414,70
273,2014,1997-jan-27,132,2,293,576
273,2015,1997-jan-27,35,26,43,44
273,2016,1997-jan-27,109,48,102,292
273,2017,1997-jan-27,39,10,265,43
274,2003,2003-oc-4,12,43,131,49
274,2004,2003-oc-4,145,2,263,590
274,2005,2003-oc-4,67,16,155,230
274,2006,2003-oc-4,77,14,207,335
274,2007,2003-oc-4,37,44,415,122
274,2008,2003-oc-4,154,36,337,384
274,2009,2003-oc-4,99,37,460,381
274,2010,2003-oc-4,54,24,133,77
274,2011,2003-oc-4,15,5,360,18
274,2012,2003-oc-4,74,12,337,171
274,2013,2003-oc-4,151,32,42,338
274,2014,2003-oc-4,94,5,404,373
274,2015,2003-oc-4,145,12,364,176
274,2016,2003-oc-4,28,42,82,59
274,2017,2003-oc-4,32,45,386,120
275,1991,1991-nv-18,74,27,315,261
275,1992,1991-nv-18,78,46,368,158
275,1993,1991-nv-18,100,35,302,291
275,1994,1991-nv-18,156,49,469,197
275,1995,1991-nv-18,119,26,57,543
275,1996,1991-nv-18,134,13,277,177
275,1997,1991-nv-18,139,33,85,190
275,1998,1991-nv-18,152,24,225,178
275,1999,1991-nv-18,9,27,442,44
275,2000,1991-nv-18,89,27,279,320
275,2001,1991-nv-18,71,48,49,267
275,2002,1991-nv-18,140,48,115,373
275,2003,1991-nv-18,131,41,325,334
275,2004,1991-nv-18,90,38,112,287
275,2005,1991-nv-18,136,8,203,645
275,2006,1991-nv-18,18,23,337,50
275,2007,1991-nv-18,143,50,153,194
275,2008,1991-nv-18,158,43,396,300
275,2009,1991-nv-18,98,42,297,334
275,2010,1991-nv-18,90,38,85,350
275,2011,1991-nv-18,157,9,133,270
275,2012,1991-nv-18,81,29,478,162
275,2013,1991-nv-18,145,47,470,364
275,2014,1991-nv-18,158,27,332,705
275,2015,1991-nv-18,114,25,183,544
275,2016,1991-nv-18,17,34,482,82
275,2017,1991-nv-18,40,27,383,157
276,2010,2010-jly-5,37,44,457,117
276,2011,2010-jly-5,112,50,426,332
276,2012,2010-jly-5,89,16,391,165
276,2013,2010-jly-5,69,33,405,102
276,2014,2010-jly-5,146,32,356,568
276,2015,2010-jly-5,81,37,471,166
276,2016,2010-jly-5,159,23,442,741
276,2017,2010-jly-5,64,7,395,257
277,2014,2014-sept-8,138,21,95,486
277,2015,2014-sept-8,112,30,301,190
277,2016,2014-sept-8,40,12,261,179
277,2017,2014-sept-8,100,25,92,416
278,1999,1999-apr-26,79,45,16,90
278,2000,1999-apr-26,143,45,98,521
278,2001,1999-apr-26,29,43,107,120
278,2002,1999-apr-26,130,7,193,282
278,2003,1999-apr-26,42,45,292,202
278,2004,1999-apr-26,99,6,259,275
278,2005,1999-apr-26,96,18,430,249
278,2006,1999-apr-26,132,11,452,137
278,2007,1999-apr-26,86,15,159,339
278,2008,1999-apr-26,87,12,317,350
278,2009,1999-apr-26,36,26,100,81
278,2010,1999-apr-26,19,24,218,73
278,2011,1999-apr-26,158,28,418,472
278,2012,1999-apr-26,63,19,223,69
278,2013,1999-apr-26,95,39,115,387
278,2014,1999-apr-26,21,4,231,39
278,2015,1999-apr-26,85,28,497,174
278,2016,1999-apr-26,12,10,89,17
278,2017,1999-apr-26,18,32,295,58
279,2009,2009-oct-12,93,8,206,272
279,2010,2009-oct-12,130,42,125,377
279,2011,2009-oct-12,133,18,411,627
279,2012,2009-oct-12,147,42,398,645
279,2013,2009-oct-12,14,4,289,66
279,2014,2009-oct-12,146,10,243,398
279,2015,2009-oct-12,42,14,441,120
279,2016,2009-oct-12,21,20,288,89
279,2017,2009-oct-12,151,10,132,445
280,1994,1994-05-7,20,14,35,60
280,1995,1994-05-7,41,31,74,160
280,1996,1994-05-7,20,14,107,30
280,1997,1994-05-7,111,13,276,414
280,1998,1994-05-7,97,37,207,484
280,1999,1994-05-7,157,20,359,498
280,2000,1994-05-7,78,33,254,115
280,2001,1994-05-7,102,40,320,272
280,2002,1994-05-7,95,28,264,135
280,2003,1994-05-7,95,30,395,399
280,2004,1994-05-7,98,40,228,491
280,2005,1994-05-7,133,13,32,527
280,2006,1994-05-7,64,36,365,258
280,2007,1994-05-7,142,24,87,389
280,2008,1994-05-7,109,10,470,121
280,2009,1994-05-7,47,20,83,60
280,2010,1994-05-7,96,39,176,146
280,2011,1994-05-7,120,24,109,560
280,2012,1994-05-7,31,1,281,133
280,2013,1994-05-7,10,37,443,46
280,2014,1994-05-7,49,20,33,178
280,2015,1994-05-7,49,1,63,210
280,2016,1994-05-7,108,15,119,291
280,2017,1994-05-7,156,12,68,710
281,2004,2004-11-13,78,19,429,177
281,2005,2004-11-13,121,35,451,409
281,2006,2004-11-13,32,17,175,46
281,2007,2004-11-13,13,11,19,52
281,2008,2004-11-13,118,18,286,264
281,2009,2004-11-13,91,47,148,99
281,2010,2004-11-13,17,28,266,66
281,2011,2004-11-13,97,33,479,212
281,2012,2004-11-13,133,12,132,339
281,2013,2004-11-13,79,35,77,228
281,2014,2004-11-13,110,50,433,125
281,2015,2004-11-13,116,40,357,511
281,2016,2004-11-13,48,23,178,63
281,2017,2004-11-13,87,44,453,400
282,1993,1993-mar-12,47,40,217,193
282,1994,1993-mar-12,114,46,127,294
282,1995,1993-mar-12,16,20,140,80
282,1996,1993-mar-12,19,35,455,95
282,1997,1993-mar-12,97,35,168,381
282,1998,1993-mar-12,145,30,201,345
282,1999,1993-mar-12,106,47,335,152
282,2000,1993-mar-12,116,20,184,418
282,2001,1993-mar-12,102,46,318,188
282,2002,1993-mar-12,41,43,132,69
282,2003,1993-mar-12,15,23,354,31
282,2004,1993-mar-12,22,21,479,26
282,2005,1993-mar-12,75,8,47,215
282,2006,1993-mar-12,40,39,202,125
282,2007,1993-mar-12,51,33,496,205
282,2008,1993-mar-12,120,33,58,464
282,2009,1993-mar-12,94,48,492,458
282,2010,1993-mar-12,42,48,361,174
282,2011,1993-mar-12,98,13,445,136
282,2012,1993-mar-12,157,29,402,761
282,2013,1993-mar-12,124,36,244,526
282,2014,1993-mar-12,117,18,171,290
282,2015,1993-mar-12,129,2,292,404
282,2016,1993-mar-12,89,36,176,337
282,2017,1993-mar-12,26,44,362,76
283,1999,1999-my-15,106,26,351,442
283,2000,1999-my-15,78,26,403,329
283,2001,1999-my-15,58,41,17,233
283,2002,1999-my-15,76,10,226,144
283,2003,1999-my-15,155,1,173,617
283,2004,1999-my-15,145,12,107,250
283,2005,1999-my-15,135,35,219,354
283,2006,1999-my-15,143,36,495,375
283,2007,1999-my-15,18,12,131,81
283,2008,1999-my-15,10,47,344,31
283,2009,1999-my-15,50,45,401,153
283,2010,1999-my-15,63,17,355,213
283,2011,1999-my-15,122,24,445,242
283,2012,1999-my-15,144,50,52,560
283,2013,1999-my-15,158,48,260,379
283,2014,1999-my-15,63,16,208,269
283,2015,1999-my-15,47,3,369,51
283,2016,1999-my-15,17,24,317,60
283,2017,1999-my-15,105,1,358,335
284,2012,2012-ja-4,60,44,422,200
284,2013,2012-ja-4,44,2,445,54
284,2014,2012-ja-4,31,18,500,134
284,2015,2012-ja-4,41,49,451,59
284,2016,2012-ja-4,158,14,474,579
284,2017,2012-ja-4,41,41,407,76
285,2013,2013-November-17,65,43,127,284
285,2014,2013-November-17,115,22,91,408
285,2015,2013-November-17,86,24,258,412
285,2016,2013-November-17,34,21,395,122
285,2017,2013-November-17,32,38,87,92
286,2015,2015-ag-27,90,11,48,390
286,2016,2015-ag-27,43,24,238,198
286,2017,2015-ag-27,78,9,244,329
287,1996,1996-dec-15,44,4,33,67
287,1997,1996-dec-15,21,19,203,70
287,1998,1996-dec-15,90,35,412,330
287,1999,1996-dec-15,8,15,36,24
287,2000,1996-dec-15,64,10,250,229
287,2001,1996-dec-15,139,36,184,659
287,2002,1996-dec-15,119,22,395,180
287,2003,1996-dec-15,120,13,22,213
287,2004,1996-dec-15,33,41,438,39
287,2005,1996-dec-15,58,40,125,152
287,2006,1996-dec-15,24,49,327,121
287,2007,1996-dec-15,157,27,28,414
287,2008,1996-dec-15,152,50,355,363
287,2009,1996-dec-15,67,1,398,306
287,2010,1996-dec-15,155,27,68,296
287,2011,1996-dec-15,11,32,90,26
287,2012,1996-dec-15,25,6,296,101
287,2013,1996-dec-15,43,3,465,172
287,2014,1996-dec-15,119,9,170,438
287,2015,1996-dec-15,84,11,402,167
287,2016,1996-dec-15,158,19,176,754
287,2017,1996-dec-15,68,45,479,248
288,2007,2007-December-10,133,4,335,274
288,2008,2007-December-10,80,20,226,126
288,2009,2007-December-10,150,43,291,696
288,2010,2007-December-10,146,27,177,204
288,2011,2007-December-10,65,31,102,134
288,2012,2007-December-10,40,40,1,86
288,2013,2007-December-10,85,35,466,399
288,2014,2007-December-10,131,19,157,286
288,2015,2007-December-10,15,9,140,57
288,2016,2007-December-10,154,24,244,703
288,2017,2007-December-10,109,12,436,276
289,2001,2001-August-15,157,40,273,520
289,2002,2001-August-15,105,23,119,401
289,2003,2001-August-15,156,50,83,713
289,2004,2001-August-15,83,15,405,94
289,2005,2001-August-15,70,44,337,148
289,2006,2001-August-15,123,21,30,512
289,2007,2001-August-15,128,15,392,467
289,2008,2001-August-15,143,39,454,578
289,2009,2001-August-15,62,44,144,201
289,2010,2001-August-15,50,34,139,147
289,2011,2001-August-15,157,28,420,332
289,2012,2001-August-15,71,2,240,249
289,2013,2001-August-15,49,7,51,206
289,2014,2001-August-15,55,13,46,220
289,2015,2001-August-15,134,42,488,141
289,2016,2001-August-15,47,28,302,195
289,2017,2001-August-15,63,14,302,76
290,2006,2006-sept-15,106,17,100,466
290,2007,2006-sept-15,18,7,142,82
290,2008,2006-sept-15,140,43,445,622
290,2009,2006-sept-15,144,43,394,404
290,2010,2006-sept-15,45,2,412,141
290,2011,2006-sept-15,98,39,213,232
290,2012,2006-sept-15,70,31,209,246
290,2013,2006-sept-15,118,41,376,315
290,2014,2006-sept-15,140,46,91,163
290,2015,2006-sept-15,61,36,141,169
290,2016,2006-sept-15,133,10,256,523
290,2017,2006-sept-15,130,29,84,561
291,2002,2002-jan-19,66,23,93,300
291,2003,2002-jan-19,35,5,469,111
291,2004,2002-jan-19,152,45,446,616
291,2005,2002-jan-19,105,25,89,447
291,2006,2002-jan-19,88,2,294,199
291,2007,2002-jan-19,56,8,167,262
291,2008,2002-jan-19,65,46,348,111
291,2009,2002-jan-19,132,23,390,600
291,2010,2002-jan-19,114,38,473,151
291,2011,2002-jan-19,134,7,238,310
291,2012,2002-jan-19,32,34,3,94
291,2013,2002-jan-19,66,24,419,68
291,2014,2002-jan-19,152,20,387,318
291,2015,2002-jan-19,114,25,37,569
291,2016,2002-jan-19,76,15,33,280
291,2017,2002-jan-19,94,7,289,204
292,2016,2016-jul-10,149,41,486,598
292,2017,2016-jul-10,72,49,383,170
293,2014,2014-dec-27,134,45,61,210
293,2015,2014-dec-27,98,39,330,418
293,2016,2014-dec-27,136,36,298,667
293,2017,2014-dec-27,58,13,408,253
294,2009,2009-11-6,73,42,432,134
294,2010,2009-11-6,30,3,310,36
294,2011,2009-11-6,37,16,324,90
294,2012,2009-11-6,24,1,297,78
294,2013,2009-11-6,42,4,120,139
294,2014,2009-11-6,31,25,238,109
294,2015,2009-11-6,151,7,72,596
294,2016,2009-11-6,112,48,131,556
294,2017,2009-11-6,122,39,107,595
295,2004,2004-February-26,86,38,359,423
295,2005,2004-February-26,55,50,380,197
295,2006,2004-February-26,99,26,450,264
295,2007,2004-February-26,81,12,354,106
295,2008,2004-February-26,58,24,174,177
295,2009,2004-February-26,28,14,5,113
295,2010,2004-February-26,138,38,102,652
295,2011,2004-February-26,65,45,439,299
295,2012,2004-February-26,153,11,21,198
295,2013,2004-February-26,108,44,367,233
295,2014,2004-February-26,80,47,240,106
295,2015,2004-February-26,148,46,298,425
295,2016,2004-February-26,46,42,358,87
295,2017,2004-February-26,146,20,469,525
296,2003,2003-July-28,18,39,382,21
296,2004,2003-July-28,107,39,452,451
296,2005,2003-July-28,159,14,299,586
296,2006,2003-July-28,106,36,249,511
296,2007,2003-July-28,97,20,237,468
296,2008,2003-July-28,135,26,94,291
296,2009,2003-July-28,50,32,70,212
296,2010,2003-July-28,72,13,185,221
296,2011,2003-July-28,89,24,94,384
296,2012,2003-July-28,20,29,365,100
296,2013,2003-July-28,11,17,196,38
296,2014,2003-July-28,113,30,443,334
296,2015,2003-July-28,8,22,129,18
296,2016,2003-July-28,134,23,356,255
296,2017,2003-July-28,106,38,105,166
297,2013,2013-06-7,44,42,145,116
297,2014,2013-06-7,27,20,86,101
297,2015,2013-06-7,55,23,83,156
297,2016,2013-06-7,87,35,453,320
297,2017,2013-06-7,104,38,28,196
298,2017,2017-dec-20,156,3,318,633
299,2008,2008-March-16,125,44,346,621
299,2009,2008-March-16,99,14,287,354
299,2010,2008-March-16,42,31,314,126
299,2011,2008-March-16,54,14,439,180
299,2012,2008-March-16,26,32,251,131
299,2013,2008-March-16,97,36,215,471
299,2014,2008-March-16,93,11,168,137
299,2015,2008-March-16,111,24,117,467
299,2016,2008-March-16,66,44,471,126
299,2017,2008-March-16,95,46,157,430
300,1990,1990-November-20,60,25,441,234
300,1991,1990-November-20,27,11,440,31
300,1992,1990-November-20,75,33,42,168
300,1993,1990-November-20,155,5,59,326
300,1994,1990-November-20,107,18,308,314
300,1995,1990-November-20,136,20,475,592
300,1996,1990-November-20,138,2,176,375
300,1997,1990-November-20,135,35,446,433
300,1998,1990-November-20,108,41,380,459
300,1999,1990-November-20,109,8,222,535
300,2000,1990-November-20,16,9,381,62
300,2001,1990-November-20,94,34,424,145
300,2002,1990-November-20,59,6,402,145
300,2003,1990-November-20,149,17,214,672
300,2004,1990-November-20,145,48,281,570
300,2005,1990-November-20,87,24,327,294
300,2006,1990-November-20,85,49,183,151
300,2007,1990-November-20,74,2,263,370
300,2008,1990-November-20,62,22,71,74
300,2009,1990-November-20,131,12,18,550
300,2010,1990-November-20,37,30,271,146
300,2011,1990-November-20,156,24,425,233
300,2012,1990-November-20,85,50,444,399
300,2013,1990-November-20,127,33,242,509
300,2014,1990-November-20,45,29,207,133
300,2015,1990-November-20,49,41,223,94
300,2016,1990-November-20,107,2,52,163
300,2017,1990-November-20,51,31,473,113
301,2003,2003-05-12,130,9,266,521
301,2004,2003-05-12,23,35,13,94
301,2005,2003-05-12,127,2,226,255
301,2006,2003-05-12,156,26,67,397
301,2007,2003-05-12,27,29,185,53
301,2008,2003-05-12,26,20,228,31
301,2009,2003-05-12,66,8,165,131
301,2010,2003-05-12,30,40,333,124
301,2011,2003-05-12,133,19,327,422
301,2012,2003-05-12,42,16,167,66
301,2013,2003-05-12,117,40,441,330
301,2014,2003-05-12,142,9,433,557
301,2015,2003-05-12,47,38,237,129
301,2016,2003-05-12,57,12,455,98
301,2017,2003-05-12,159,47,222,415
302,1996,1996-06-26,114,35,111,496
302,1997,1996-06-26,63,6,288,164
302,1998,1996-06-26,128,32,429,442
302,1999,1996-06-26,69,39,434,199
302,2000,1996-06-26,16,6,196,49
302,2001,1996-06-26,118,19,215,540
302,2002,1996-06-26,145,48,393,477
302,2003,1996-06-26,113,38,312,558
302,2004,1996-06-26,65,5,187,205
302,2005,1996-06-26,63,12,65,174
302,2006,1996-06-26,88,50,487,340
302,2007,1996-06-26,35,22,287,159
302,2008,1996-06-26,8,33,269,32
302,2009,1996-06-26,27,12,344,59
302,2010,1996-06-26,119,9,257,530
302,2011,1996-06-26,108,38,164,418
302,2012,1996-06-26,129,18,445,316
302,2013,1996-06-26,104,39,88,108
302,2014,1996-06-26,10,9,385,32
302,2015,1996-06-26,121,5,394,236
302,2016,1996-06-26,125,18,408,489
302,2017,1996-06-26,150,5,333,164
303,2008,2008-April-9,47,4,104,130
303,2009,2008-April-9,129,2,450,401
303,2010,2008-April-9,105,13,134,159
303,2011,2008-April-9,90,13,163,333
303,2012,2008-April-9,154,11,131,705
303,2013,2008-April-9,99,25,282,453
303,2014,2008-April-9,71,39,96,125
303,2015,2008-April-9,94,32,480,139
303,2016,2008-April-9,60,8,122,149
303,2017,2008-April-9,35,32,292,115
304,2004,2004-jul-5,84,7,138,308
304,2005,2004-jul-5,48,20,93,99
304,2006,2004-jul-5,113,17,487,422
304,2007,2004-jul-5,13,10,318,35
304,2008,2004-jul-5,49,46,433,163
304,2009,2004-jul-5,156,3,75,693
304,2010,2004-jul-5,30,45,270,141
304,2011,2004-jul-5,155,50,238,758
304,2012,2004-jul-5,128,37,71,183
304,2013,2004-jul-5,70,25,215,137
304,2014,2004-jul-5,94,42,96,94
304,2015,2004-jul-5,90,23,445,384
304,2016,2004-jul-5,140,16,39,579
304,2017,2004-jul-5,72,29,88,321
305,1997,1997-11-17,41,31,126,117
305,1998,1997-11-17,122,41,281,520
305,1999,1997-11-17,133,5,355,385
305,2000,1997-11-17,62,28,436,292
305,2001,1997-11-17,84,23,157,412
305,2002,1997-11-17,53,3,2,244
305,2003,1997-11-17,50,49,29,82
305,2004,1997-11-17,146,39,197,730
305,2005,1997-11-17,72,4,169,275
305,2006,1997-11-17,99,9,406,180
305,2007,1997-11-17,132,4,216,238
305,2008,1997-11-17,42,49,464,195
305,2009,1997-11-17,18,27,446,71
305,2010,1997-11-17,31,50,492,134
305,2011,1997-11-17,64,41,245,161
305,2012,1997-11-17,90,10,440,95
305,2013,1997-11-17,80,18,27,245
305,2014,1997-11-17,149,29,387,493
305,2015,1997-11-17,74,33,444,112
305,2016,1997-11-17,135,46,495,410
305,2017,1997-11-17,60,35,168,254
306,2015,2015-oct-4,54,3,407,168
306,2016,2015-oct-4,139,23,494,250
306,2017,2015-oct-4,80,32,128,176
307,2012,2012-dec-13,138,6,257,192
307,2013,2012-dec-13,104,40,467,502
307,2014,2012-dec-13,93,1,150,390
307,2015,2012-dec-13,84,31,427,407
307,2016,2012-dec-13,83,35,147,303
307,2017,2012-dec-13,86,13,50,210
308,2004,2004-mar-28,9,3,338,36
308,2005,2004-mar-28,98,41,62,181
308,2006,2004-mar-28,77,22,208,249
308,2007,2004-mar-28,119,41,265,512
308,2008,2004-mar-28,156,4,73,414
308,2009,2004-mar-28,21,2,292,91
308,2010,2004-mar-28,84,41,468,217
308,2011,2004-mar-28,60,23,158,184
308,2012,2004-mar-28,28,19,172,40
308,2013,2004-mar-28,13,48,90,58
308,2014,2004-mar-28,98,50,84,229
308,2015,2004-mar-28,70,14,398,144
308,2016,2004-mar-28,64,8,383,312
308,2017,2004-mar-28,108,24,86,145
309,1993,1993-January-4,158,22,429,644
309,1994,1993-January-4,155,50,165,768
309,1995,1993-January-4,58,31,45,81
309,1996,1993-January-4,136,12,128,481
309,1997,1993-January-4,64,28,24,74
309,1998,1993-January-4,120,39,319,330
309,1999,1993-January-4,24,23,477,80
309,2000,1993-January-4,140,2,149,691
309,2001,1993-January-4,113,50,400,424
309,2002,1993-January-4,99,15,179,183
309,2003,1993-January-4,149,17,3,258
309,2004,1993-January-4,67,11,420,79
309,2005,1993-January-4,124,39,10,143
309,2006,1993-January-4,51,17,12,174
309,2007,1993-January-4,153,44,249,175
309,2008,1993-January-4,143,40,99,549
309,2009,1993-January-4,119,16,64,356
309,2010,1993-January-4,144,7,466,369
309,2011,1993-January-4,56,19,328,71
309,2012,1993-January-4,74,43,27,136
309,2013,1993-January-4,12,7,379,39
309,2014,1993-January-4,11,15,342,39
309,2015,1993-January-4,133,4,443,382
309,2016,1993-January-4,119,38,6,238
309,2017,1993-January-4,87,49,112,329
310,2003,2003-05-16,110,40,456,290
310,2004,2003-05-16,31,13,71,56
310,2005,2003-05-16,153,11,142,762
310,2006,2003-05-16,113,2,124,428
310,2007,2003-05-16,35,9,10,58
310,2008,2003-05-16,85,24,442,358
310,2009,2003-05-16,127,22,21,365
310,2010,2003-05-16,89,48,2,372
310,2011,2003-05-16,59,39,389,83
310,2012,2003-05-16,22,32,112,77
310,2013,2003-05-16,133,17,488,424
310,2014,2003-05-16,108,12,161,186
310,2015,2003-05-16,19,15,63,27
310,2016,2003-05-16,61,29,161,273
310,2017,2003-05-16,12,40,429,29
311,2000,2000-dec-8,25,22,362,72
311,2001,2000-dec-8,41,3,480,120
311,2002,2000-dec-8,116,38,311,315
311,2003,2000-dec-8,142,50,93,620
311,2004,2000-dec-8,27,17,230,97
311,2005,2000-dec-8,96,1,325,454
311,2006,2000-dec-8,63,35,224,312
311,2007,2000-dec-8,75,26,295,287
311,2008,2000-dec-8,9,17,47,38
311,2009,2000-dec-8,38,36,299,76
311,2010,2000-dec-8,105,32,270,509
311,2011,2000-dec-8,91,3,351,312
311,2012,2000-dec-8,132,12,288,262
311,2013,2000-dec-8,87,41,433,373
311,2014,2000-dec-8,154,37,411,269
311,2015,2000-dec-8,79,26,12,212
311,2016,2000-dec-8,54,10,70,75
311,2017,2000-dec-8,40,39,416,176
312,2017,2017-aug-22,149,44,8,224
313,2000,2000-February-28,10,14,453,27
313,2001,2000-February-28,128,47,370,577
313,2002,2000-February-28,43,14,199,82
313,2003,2000-February-28,119,38,270,583
313,2004,2000-February-28,87,29,334,215
313,2005,2000-February-28,46,38,159,99
313,2006,2000-February-28,44,46,303,148
313,2007,2000-February-28,144,36,45,692
313,2008,2000-February-28,80,17,281,94
313,2009,2000-February-28,17,16,97,27
313,2010,2000-February-28,120,45,377,342
313,2011,2000-February-28,125,48,163,204
313,2012,2000-February-28,149,29,52,481
313,2013,2000-February-28,131,37,366,632
313,2014,2000-February-28,81,6,44,239
313,2015,2000-February-28,152,8,380,503
313,2016,2000-February-28,118,17,114,317
313,2017,2000-February-28,98,47,69,274
314,2008,2008-dec-14,91,25,293,365
314,2009,2008-dec-14,56,37,197,178
314,2010,2008-dec-14,77,17,171,194
314,2011,2008-dec-14,130,12,458,646
314,2012,2008-dec-14,66,7,382,287
314,2013,2008-dec-14,96,28,319,167
314,2014,2008-dec-14,124,29,53,177
314,2015,2008-dec-14,96,5,210,334
314,2016,2008-dec-14,58,19,133,128
314,2017,2008-dec-14,142,48,445,584
315,1990,1990-12-25,121,41,38,395
315,1991,1990-12-25,38,45,84,178
315,1992,1990-12-25,17,24,7,31
315,1993,1990-12-25,94,5,81,316
315,1994,1990-12-25,113,28,280,512
315,1995,1990-12-25,153,17,455,441
315,1996,1990-12-25,54,25,134,173
315,1997,1990-12-25,129,4,490,240
315,1998,1990-12-25,100,7,101,477
315,1999,1990-12-25,77,50,285,375
315,2000,1990-12-25,88,5,326,121
315,2001,1990-12-25,152,31,9,431
315,2002,1990-12-25,117,5,286,468
315,2003,1990-12-25,75,11,233,237
315,2004,1990-12-25,138,27,454,278
315,2005,1990-12-25,123,48,227,531
315,2006,1990-12-25,86,17,362,416
315,2007,1990-12-25,94,35,417,447
315,2008,1990-12-25,100,45,337,406
315,2009,1990-12-25,116,26,452,547
315,2010,1990-12-25,85,43,294,270
315,2011,1990-12-25,99,29,113,344
315,2012,1990-12-25,22,24,485,89
315,2013,1990-12-25,99,36,93,328
315,2014,1990-12-25,87,34,242,327
315,2015,1990-12-25,9,38,409,19
315,2016,1990-12-25,109,40,231,211
315,2017,1990-12-25,52,15,213,123
316,1995,1995-ma-28,36,45,341,109
316,1996,1995-ma-28,84,46,112,199
316,1997,1995-ma-28,48,34,382,186
316,1998,1995-ma-28,98,30,128,411
316,1999,1995-ma-28,60,26,320,102
316,2000,1995-ma-28,55,5,392,180
316,2001,1995-ma-28,153,46,372,473
316,2002,1995-ma-28,145,24,362,701
316,2003,1995-ma-28,154,24,78,330
316,2004,1995-ma-28,112,14,65,250
316,2005,1995-ma-28,134,2,291,294
316,2006,1995-ma-28,21,5,450,54
316,2007,1995-ma-28,95,17,153,292
316,2008,1995-ma-28,65,13,436,179
316,2009,1995-ma-28,48,10,56,89
316,2010,1995-ma-28,83,36,39,112
316,2011,1995-ma-28,80,33,179,166
316,2012,1995-ma-28,79,43,216,247
316,2013,1995-ma-28,113,48,372,292
316,2014,1995-ma-28,78,34,272,129
316,2015,1995-ma-28,14,24,105,66
316,2016,1995-ma-28,105,20,263,196
316,2017,1995-ma-28,22,12,257,65
317,2001,2001-01-5,126,48,373,186
317,2002,2001-01-5,99,24,93,436
317,2003,2001-01-5,119,37,350,361
317,2004,2001-01-5,34,16,411,156
317,2005,2001-01-5,96,28,464,271
317,2006,2001-01-5,80,25,423,320
317,2007,2001-01-5,84,37,275,110
317,2008,2001-01-5,129,40,481,471
317,2009,2001-01-5,131,46,184,258
317,2010,2001-01-5,18,48,14,83
317,2011,2001-01-5,25,4,456,50
317,2012,2001-01-5,20,33,474,88
317,2013,2001-01-5,35,15,121,166
317,2014,2001-01-5,28,47,475,36
317,2015,2001-01-5,41,1,336,149
317,2016,2001-01-5,126,34,299,182
317,2017,2001-01-5,72,50,340,313
318,2001,2001-nov-7,58,14,406,177
318,2002,2001-nov-7,31,11,371,140
318,2003,2001-nov-7,90,14,280,94
318,2004,2001-nov-7,18,8,132,76
318,2005,2001-nov-7,134,13,180,304
318,2006,2001-nov-7,102,46,368,153
318,2007,2001-nov-7,50,25,205,119
318,2008,2001-nov-7,152,13,283,478
318,2009,2001-nov-7,145,44,147,502
318,2010,2001-nov-7,85,48,500,335
318,2011,2001-nov-7,25,48,141,88
318,2012,2001-nov-7,21,27,446,86
318,2013,2001-nov-7,141,16,473,683
318,2014,2001-nov-7,90,25,18,111
318,2015,2001-nov-7,43,23,137,191
318,2016,2001-nov-7,46,12,184,140
318,2017,2001-nov-7,114,39,229,517
319,2013,2013-November-2,126,33,78,626
319,2014,2013-November-2,114,22,358,127
319,2015,2013-November-2,92,1,267,397
319,2016,2013-November-2,29,35,182,112
319,2017,2013-November-2,111,47,47,257
320,1995,1995-apr-5,49,31,118,240
320,1996,1995-apr-5,43,17,121,160
320,1997,1995-apr-5,120,29,86,569
320,1998,1995-apr-5,97,41,78,334
320,1999,1995-apr-5,47,14,195,136
320,2000,1995-apr-5,97,12,49,272
320,2001,1995-apr-5,110,24,414,520
320,2002,1995-apr-5,156,10,436,369
320,2003,1995-apr-5,136,3,159,425
320,2004,1995-apr-5,17,25,139,65
320,2005,1995-apr-5,124,9,3,296
320,2006,1995-apr-5,74,4,223,184
320,2007,1995-apr-5,82,22,498,321
320,2008,1995-apr-5,41,6,216,94
320,2009,1995-apr-5,36,46,260,117
320,2010,1995-apr-5,105,35,216,519
320,2011,1995-apr-5,16,19,107,26
320,2012,1995-apr-5,144,14,388,451
320,2013,1995-apr-5,160,25,120,735
320,2014,1995-apr-5,85,8,481,189
320,2015,1995-apr-5,45,27,494,181
320,2016,1995-apr-5,62,41,382,85
320,2017,1995-apr-5,96,17,104,144
321,1991,1991-04-10,86,4,156,254
321,1992,1991-04-10,11,22,215,15
321,1993,1991-04-10,141,3,260,572
321,1994,1991-04-10,126,35,197,456
321,1995,1991-04-10,15,33,101,65
321,1996,1991-04-10,96,38,418,237
321,1997,1991-04-10,9,11,406,12
321,1998,1991-04-10,88,8,323,243
321,1999,1991-04-10,86,18,213,160
321,2000,1991-04-10,155,15,259,427
321,2001,1991-04-10,104,5,112,436
321,2002,1991-04-10,106,12,292,205
321,2003,1991-04-10,143,30,9,293
321,2004,1991-04-10,12,25,232,45
321,2005,1991-04-10,67,49,121,160
321,2006,1991-04-10,26,25,413,37
321,2007,1991-04-10,54,15,136,154
321,2008,1991-04-10,73,10,106,352
321,2009,1991-04-10,144,24,361,365
321,2010,1991-04-10,152,50,419,363
321,2011,1991-04-10,60,28,380,162
321,2012,1991-04-10,15,5,198,52
321,2013,1991-04-10,32,10,495,150
321,2014,1991-04-10,65,26,18,128
321,2015,1991-04-10,80,22,91,278
321,2016,1991-04-10,47,45,390,52
321,2017,1991-04-10,63,23,269,246
322,2006,2006-June-27,77,42,298,195
322,2007,2006-June-27,37,16,40,97
322,2008,2006-June-27,51,28,67,164
322,2009,2006-June-27,148,38,143,384
322,2010,2006-June-27,116,11,455,170
322,2011,2006-June-27,129,26,90,321
322,2012,2006-June-27,130,49,31,414
322,2013,2006-June-27,75,6,80,172
322,2014,2006-June-27,146,16,360,594
322,2015,2006-June-27,104,15,24,507
322,2016,2006-June-27,31,8,407,64
322,2017,2006-June-27,23,39,66,41
323,1991,1991-06-2,99,13,129,338
323,1992,1991-06-2,49,24,280,107
323,1993,1991-06-2,45,50,90,181
323,1994,1991-06-2,14,43,4,24
323,1995,1991-06-2,31,5,45,94
323,1996,1991-06-2,53,46,238,148
323,1997,1991-06-2,146,29,467,249
323,1998,1991-06-2,34,13,12,77
323,1999,1991-06-2,145,30,407,382
323,2000,1991-06-2,29,34,395,34
323,2001,1991-06-2,92,24,36,346
323,2002,1991-06-2,94,44,141,223
323,2003,1991-06-2,67,9,255,135
323,2004,1991-06-2,45,10,281,108
323,2005,1991-06-2,38,44,338,71
323,2006,1991-06-2,11,24,340,48
323,2007,1991-06-2,12,28,21,15
323,2008,1991-06-2,35,42,340,60
323,2009,1991-06-2,92,17,380,313
323,2010,1991-06-2,105,27,277,485
323,2011,1991-06-2,135,11,206,202
323,2012,1991-06-2,20,39,291,87
323,2013,1991-06-2,87,23,349,229
323,2014,1991-06-2,15,4,98,58
323,2015,1991-06-2,110,14,356,180
323,2016,1991-06-2,127,32,34,198
323,2017,1991-06-2,94,27,47,390
324,2001,2001-ma-1,112,25,270,176
324,2002,2001-ma-1,80,18,351,199
324,2003,2001-ma-1,96,5,421,181
324,2004,2001-ma-1,118,45,108,504
324,2005,2001-ma-1,49,9,135,216
324,2006,2001-ma-1,116,18,49,248
324,2007,2001-ma-1,57,7,257,106
324,2008,2001-ma-1,131,5,307,307
324,2009,2001-ma-1,19,12,413,21
324,2010,2001-ma-1,61,11,249,239
324,2011,2001-ma-1,114,36,364,295
324,2012,2001-ma-1,52,32,462,56
324,2013,2001-ma-1,32,33,194,128
324,2014,2001-ma-1,58,19,496,94
324,2015,2001-ma-1,151,40,192,524
324,2016,2001-ma-1,43,21,307,123
324,2017,2001-ma-1,118,35,16,491
325,2006,2006-jul-24,87,42,107,290
325,2007,2006-jul-24,61,42,494,140
325,2008,2006-jul-24,99,12,102,305
325,2009,2006-jul-24,84,26,69,258
325,2010,2006-jul-24,43,32,371,201
325,2011,2006-jul-24,47,23,323,54
325,2012,2006-jul-24,158,35,62,220
325,2013,2006-jul-24,77,25,113,220
325,2014,2006-jul-24,134,44,447,595
325,2015,2006-jul-24,64,40,412,149
325,2016,2006-jul-24,55,10,13,147
325,2017,2006-jul-24,31,39,54,108
326,1995,1995-spt-18,55,30,230,252
326,1996,1995-spt-18,157,23,102,315
326,1997,1995-spt-18,119,48,424,359
326,1998,1995-spt-18,86,15,255,428
326,1999,1995-spt-18,128,15,468,305
326,2000,1995-spt-18,82,6,305,203
326,2001,1995-spt-18,60,44,382,67
326,2002,1995-spt-18,111,43,450,169
326,2003,1995-spt-18,101,16,243,355
326,2004,1995-spt-18,160,14,411,731
326,2005,1995-spt-18,22,44,448,40
326,2006,1995-spt-18,61,18,209,113
326,2007,1995-spt-18,89,11,293,255
326,2008,1995-spt-18,38,49,440,151
326,2009,1995-spt-18,146,42,479,480
326,2010,1995-spt-18,89,35,168,101
326,2011,1995-spt-18,95,1,318,247
326,2012,1995-spt-18,34,50,316,64
326,2013,1995-spt-18,72,17,107,162
326,2014,1995-spt-18,105,38,212,252
326,2015,1995-spt-18,56,15,129,217
326,2016,1995-spt-18,46,46,9,120
326,2017,1995-spt-18,64,47,178,240
327,2013,2013-oc-8,143,14,321,412
327,2014,2013-oc-8,73,46,199,284
327,2015,2013-oc-8,111,7,447,517
327,2016,2013-oc-8,82,44,72,337
327,2017,2013-oc-8,144,14,112,616
328,2002,2002-04-20,68,33,184,79
328,2003,2002-04-20,114,42,14,431
328,2004,2002-04-20,8,16,48,36
328,2005,2002-04-20,75,16,204,159
328,2006,2002-04-20,55,6,137,151
328,2007,2002-04-20,30,17,402,48
328,2008,2002-04-20,44,26,266,188
328,2009,2002-04-20,118,1,253,414
328,2010,2002-04-20,38,11,160,172
328,2011,2002-04-20,29,23,458,102
328,2012,2002-04-20,46,12,195,161
328,2013,2002-04-20,60,44,283,271
328,2014,2002-04-20,70,6,89,150
328,2015,2002-04-20,108,6,405,192
328,2016,2002-04-20,74,31,389,343
328,2017,2002-04-20,148,9,88,437
329,2005,2005-dc-7,78,22,110,154
329,2006,2005-dc-7,15,25,423,17
329,2007,2005-dc-7,68,16,299,77
329,2008,2005-dc-7,47,21,436,234
329,2009,2005-dc-7,91,23,193,142
329,2010,2005-dc-7,34,40,325,112
329,2011,2005-dc-7,72,46,138,218
329,2012,2005-dc-7,124,33,193,434
329,2013,2005-dc-7,68,13,79,249
329,2014,2005-dc-7,89,37,420,318
329,2015,2005-dc-7,148,48,141,454
329,2016,2005-dc-7,20,42,214,44
329,2017,2005-dc-7,77,50,267,235
330,2011,2011-ag-9,22,50,5,68
330,2012,2011-ag-9,36,39,195,102
330,2013,2011-ag-9,36,19,33,46
330,2014,2011-ag-9,70,10,371,316
330,2015,2011-ag-9,28,20,271,44
330,2016,2011-ag-9,60,47,374,278
330,2017,2011-ag-9,36,31,100,94
331,1990,1990-October-4,31,5,157,127
331,1991,1990-October-4,159,36,147,385
331,1992,1990-October-4,118,40,460,563
331,1993,1990-October-4,114,16,125,415
331,1994,1990-October-4,148,27,80,719
331,1995,1990-October-4,117,35,146,572
331,1996,1990-October-4,27,15,171,131
331,1997,1990-October-4,55,13,360,273
331,1998,1990-October-4,45,21,152,88
331,1999,1990-October-4,72,34,469,234
331,2000,1990-October-4,89,36,244,356
331,2001,1990-October-4,32,44,47,96
331,2002,1990-October-4,109,49,445,546
331,2003,1990-October-4,64,30,169,260
331,2004,1990-October-4,106,48,403,215
331,2005,1990-October-4,145,2,364,588
331,2006,1990-October-4,53,19,432,170
331,2007,1990-October-4,145,2,185,195
331,2008,1990-October-4,30,3,89,104
331,2009,1990-October-4,20,9,14,48
331,2010,1990-October-4,79,30,385,192
331,2011,1990-October-4,106,9,455,364
331,2012,1990-October-4,18,16,324,79
331,2013,1990-October-4,122,14,327,336
331,2014,1990-October-4,28,22,169,28
331,2015,1990-October-4,96,10,267,136
331,2016,1990-October-4,128,44,143,297
331,2017,1990-October-4,45,26,414,126
332,1992,1992-oc-2,20,38,300,28
332,1993,1992-oc-2,112,24,308,372
332,1994,1992-oc-2,102,11,221,210
332,1995,1992-oc-2,92,5,92,384
332,1996,1992-oc-2,12,40,133,16
332,1997,1992-oc-2,103,37,413,293
332,1998,1992-oc-2,55,20,89,187
332,1999,1992-oc-2,40,31,218,56
332,2000,1992-oc-2,75,18,7,203
332,2001,1992-oc-2,152,37,52,633
332,2002,1992-oc-2,35,49,164,123
332,2003,1992-oc-2,76,15,390,329
332,2004,1992-oc-2,132,26,75,625
332,2005,1992-oc-2,62,34,462,141
332,2006,1992-oc-2,41,44,175,64
332,2007,1992-oc-2,28,1,321,109
332,2008,1992-oc-2,46,24,141,107
332,2009,1992-oc-2,21,9,109,64
332,2010,1992-oc-2,16,36,269,73
332,2011,1992-oc-2,77,7,69,96
332,2012,1992-oc-2,81,25,361,229
332,2013,1992-oc-2,62,28,64,209
332,2014,1992-oc-2,44,36,133,67
332,2015,1992-oc-2,101,47,4,335
332,2016,1992-oc-2,94,14,135,238
332,2017,1992-oc-2,37,4,138,137
333,2015,2015-01-10,144,8,445,365
333,2016,2015-01-10,118,26,119,452
333,2017,2015-01-10,92,19,124,172
334,2014,2014-jul-11,158,32,400,220
334,2015,2014-jul-11,66,19,98,110
334,2016,2014-jul-11,104,25,226,284
334,2017,2014-jul-11,83,1,25,203
335,2001,2001-04-13,134,27,110,508
335,2002,2001-04-13,113,34,135,342
335,2003,2001-04-13,111,33,220,522
335,2004,2001-04-13,27,33,389,114
335,2005,2001-04-13,136,43,455,163
335,2006,2001-04-13,25,31,239,85
335,2007,2001-04-13,23,46,74,41
335,2008,2001-04-13,134,11,323,253
335,2009,2001-04-13,136,37,130,624
335,2010,2001-04-13,109,8,454,508
335,2011,2001-04-13,104,9,500,309
335,2012,2001-04-13,27,46,246,47
335,2013,2001-04-13,88,10,442,356
335,2014,2001-04-13,134,40,198,590
335,2015,2001-04-13,77,24,32,314
335,2016,2001-04-13,69,21,449,271
335,2017,2001-04-13,143,26,421,686
336,2005,2005-my-26,81,41,80,311
336,2006,2005-my-26,151,19,410,388
336,2007,2005-my-26,13,43,342,22
336,2008,2005-my-26,87,21,231,141
336,2009,2005-my-26,125,17,269,302
336,2010,2005-my-26,81,34,160,352
336,2011,2005-my-26,106,10,281,209
336,2012,2005-my-26,153,35,13,481
336,2013,2005-my-26,43,44,318,92
336,2014,2005-my-26,51,37,476,208
336,2015,2005-my-26,88,43,52,138
336,2016,2005-my-26,51,15,190,237
336,2017,2005-my-26,119,29,18,130
337,2011,2011-10-6,144,35,438,435
337,2012,2011-10-6,66,17,90,111
337,2013,2011-10-6,37,13,103,76
337,2014,2011-10-6,144,27,146,373
337,2015,2011-10-6,157,33,369,597
337,2016,2011-10-6,61,47,50,249
337,2017,2011-10-6,138,8,466,474
338,2017,2017-07-11,70,22,316,338
339,2001,2001-February-23,97,33,150,250
339,2002,2001-February-23,54,2,88,71
339,2003,2001-February-23,85,14,372,292
339,2004,2001-February-23,43,7,443,171
339,2005,2001-February-23,124,2,371,495
339,2006,2001-February-23,42,13,348,152
339,2007,2001-February-23,37,16,264,50
339,2008,2001-February-23,109,39,465,160
339,2009,2001-February-23,25,47,392,56
339,2010,2001-February-23,123,19,492,538
339,2011,2001-February-23,15,13,98,53
339,2012,2001-February-23,37,6,445,143
339,2013,2001-February-23,18,28,240,61
339,2014,2001-February-23,156,28,184,635
339,2015,2001-February-23,111,15,408,273
339,2016,2001-February-23,89,4,394,240
339,2017,2001-February-23,30,14,229,68
340,2005,2005-mar-7,108,16,330,343
340,2006,2005-mar-7,65,31,417,90
340,2007,2005-mar-7,27,11,420,106
340,2008,2005-mar-7,32,8,314,58
340,2009,2005-mar-7,50,18,33,55
340,2010,2005-mar-7,13,16,392,57
340,2011,2005-mar-7,116,15,216,524
340,2012,2005-mar-7,117,20,463,178
340,2013,2005-mar-7,14,36,368,30
340,2014,2005-mar-7,64,2,293,138
340,2015,2005-mar-7,90,15,15,295
340,2016,2005-mar-7,142,43,247,432
340,2017,2005-mar-7,90,35,102,128
341,1990,1990-aug-8,100,9,182,433
341,1991,1990-aug-8,159,47,149,177
341,1992,1990-aug-8,16,33,249,59
341,1993,1990-aug-8,52,5,205,164
341,1994,1990-aug-8,40,36,55,102
341,1995,1990-aug-8,15,47,443,69
341,1996,1990-aug-8,58,15,254,71
341,1997,1990-aug-8,111,37,388,211
341,1998,1990-aug-8,25,46,496,48
341,1999,1990-aug-8,28,5,112,97
341,2000,1990-aug-8,53,26,353,117
341,2001,1990-aug-8,53,37,306,139
341,2002,1990-aug-8,114,33,319,538
341,2003,1990-aug-8,49,22,462,62
341,2004,1990-aug-8,57,43,415,250
341,2005,1990-aug-8,125,13,465,619
341,2006,1990-aug-8,100,12,303,500
341,2007,1990-aug-8,66,20,466,166
341,2008,1990-aug-8,81,17,112,305
341,2009,1990-aug-8,90,12,136,385
341,2010,1990-aug-8,23,31,466,61
341,2011,1990-aug-8,53,22,261,190
341,2012,1990-aug-8,87,36,142,110
341,2013,1990-aug-8,57,13,74,110
341,2014,1990-aug-8,142,24,295,535
341,2015,1990-aug-8,114,32,9,394
341,2016,1990-aug-8,131,20,303,424
341,2017,1990-aug-8,132,28,198,154
342,2002,2002-apr-2,146,35,73,454
342,2003,2002-apr-2,160,7,424,516
342,2004,2002-apr-2,57,50,288,79
342,2005,2002-apr-2,144,12,105,701
342,2006,2002-apr-2,134,21,113,303
342,2007,2002-apr-2,122,45,226,566
342,2008,2002-apr-2,13,3,192,39
342,2009,2002-apr-2,105,25,173,307
342,2010,2002-apr-2,79,3,42,153
342,2011,2002-apr-2,90,17,151,366
342,2012,2002-apr-2,49,32,350,84
342,2013,2002-apr-2,136,34,171,310
342,2014,2002-apr-2,143,45,443,500
342,2015,2002-apr-2,89,26,401,159
342,2016,2002-apr-2,104,9,40,456
342,2017,2002-apr-2,36,10,452,172
343,2010,2010-ja-23,73,41,12,236
343,2011,2010-ja-23,58,41,46,187
343,2012,2010-ja-23,96,44,407,127
343,2013,2010-ja-23,77,33,180,154
343,2014,2010-ja-23,81,11,200,317
343,2015,2010-ja-23,121,12,125,307
343,2016,2010-ja-23,14,23,112,56
343,2017,2010-ja-23,109,45,339,115
344,2003,2003-dc-13,104,2,4,308
344,2004,2003-dc-13,23,30,484,78
344,2005,2003-dc-13,54,43,239,228
344,2006,2003-dc-13,24,20,207,116
344,2007,2003-dc-13,79,43,495,146
344,2008,2003-dc-13,96,37,334,290
344,2009,2003-dc-13,40,39,47,65
344,2010,2003-dc-13,114,38,495,176
344,2011,2003-dc-13,37,31,357,161
344,2012,2003-dc-13,85,20,341,269
344,2013,2003-dc-13,46,46,240,176
344,2014,2003-dc-13,20,11,484,77
344,2015,2003-dc-13,15,5,316,45
344,2016,2003-dc-13,160,47,273,370
344,2017,2003-dc-13,58,22,297,64
345,1996,1996-apr-7,13,22,401,14
345,1997,1996-apr-7,9,29,134,17
345,1998,1996-apr-7,12,47,290,47
345,1999,1996-apr-7,10,32,340,11
345,2000,1996-apr-7,140,12,138,612
345,2001,1996-apr-7,52,45,83,66
345,2002,1996-apr-7,36,39,437,128
345,2003,1996-apr-7,160,17,37,578
345,2004,1996-apr-7,62,17,16,180
345,2005,1996-apr-7,15,45,45,76
345,2006,1996-apr-7,28,25,454,74
345,2007,1996-apr-7,51,21,212,67
345,2008,1996-apr-7,147,35,228,392
345,2009,1996-apr-7,70,30,473,136
345,2010,1996-apr-7,15,11,169,32
345,2011,1996-apr-7,138,19,399,618
345,2012,1996-apr-7,159,50,121,165
345,2013,1996-apr-7,51,40,217,177
345,2014,1996-apr-7,55,43,317,132
345,2015,1996-apr-7,86,19,110,110
345,2016,1996-apr-7,97,46,432,139
345,2017,1996-apr-7,36,20,249,166
346,2016,2016-feb-18,120,50,457,544
346,2017,2016-feb-18,51,23,57,72
347,1995,1995-September-28,98,50,283,376
347,1996,1995-September-28,79,20,141,132
347,1997,1995-September-28,124,21,122,276
347,1998,1995-September-28,110,20,286,291
347,1999,1995-September-28,64,24,307,306
347,2000,1995-September-28,41,45,233,50
347,2001,1995-September-28,100,41,294,332
347,2002,1995-September-28,155,3,187,597
347,2003,1995-September-28,72,2,329,154
347,2004,1995-September-28,10,47,115,10
347,2005,1995-September-28,90,24,448,252
347,2006,1995-September-28,55,3,22,98
347,2007,1995-September-28,19,39,180,71
347,2008,1995-September-28,36,49,228,94
347,2009,1995-September-28,100,38,358,332
347,2010,1995-September-28,153,9,226,172
347,2011,1995-September-28,105,31,323,249
347,2012,1995-September-28,36,21,19,69
347,2013,1995-September-28,25,8,99,26
347,2014,1995-September-28,84,13,106,250
347,2015,1995-September-28,53,20,136,246
347,2016,1995-September-28,48,22,237,104
347,2017,1995-September-28,29,19,120,117
348,1991,1991-07-28,131,19,152,632
348,1992,1991-07-28,133,18,384,262
348,1993,1991-07-28,147,40,321,620
348,1994,1991-07-28,128,5,478,526
348,1995,1991-07-28,133,3,481,267
348,1996,1991-07-28,142,34,192,706
348,1997,1991-07-28,131,25,371,353
348,1998,1991-07-28,146,19,429,331
348,1999,1991-07-28,125,48,497,463
348,2000,1991-07-28,130,39,207,153
348,2001,1991-07-28,77,35,161,246
348,2002,1991-07-28,22,4,43,42
348,2003,1991-07-28,121,48,8,175
348,2004,1991-07-28,141,27,241,701
348,2005,1991-07-28,28,45,417,63
348,2006,1991-07-28,98,48,486,101
348,2007,1991-07-28,12,50,73,12
348,2008,1991-07-28,101,24,442,142
348,2009,1991-07-28,84,3,203,339
348,2010,1991-07-28,19,21,390,91
348,2011,1991-07-28,23,8,276,92
348,2012,1991-07-28,10,43,136,20
348,2013,1991-07-28,63,31,295,71
348,2014,1991-07-28,98,18,35,486
348,2015,1991-07-28,101,8,471,147
348,2016,1991-07-28,143,29,186,302
348,2017,1991-07-28,89,16,270,412
349,2014,2014-October-21,101,27,226,125
349,2015,2014-October-21,95,11,235,327
349,2016,2014-October-21,100,8,175,242
349,2017,2014-October-21,118,29,58,504
350,1996,1996-03-3,65,7,497,250
350,1997,1996-03-3,127,47,346,356
350,1998,1996-03-3,156,3,361,251
350,1999,1996-03-3,110,49,229,503
350,2000,1996-03-3,43,26,198,211
350,2001,1996-03-3,138,37,288,229
350,2002,1996-03-3,138,29,213,606
350,2003,1996-03-3,10,28,142,37
350,2004,1996-03-3,11,8,273,48
350,2005,1996-03-3,151,5,351,643
350,2006,1996-03-3,134,23,464,227
350,2007,1996-03-3,144,10,392,558
350,2008,1996-03-3,22,3,234,39
350,2009,1996-03-3,48,7,234,125
350,2010,1996-03-3,75,39,241,155
350,2011,1996-03-3,68,42,425,97
350,2012,1996-03-3,13,27,404,42
350,2013,1996-03-3,61,45,378,225
350,2014,1996-03-3,116,34,155,141
350,2015,1996-03-3,68,15,269,81
350,2016,1996-03-3,29,33,338,57
350,2017,1996-03-3,99,11,317,124
351,2009,2009-07-6,72,8,117,354
351,2010,2009-07-6,85,22,155,346
351,2011,2009-07-6,53,36,338,154
351,2012,2009-07-6,76,12,30,106
351,2013,2009-07-6,150,4,184,706
351,2014,2009-07-6,20,27,340,98
351,2015,2009-07-6,65,2,100,190
351,2016,2009-07-6,122,20,498,233
351,2017,2009-07-6,16,1,82,50
352,1990,1990-December-6,73,30,291,98
352,1991,1990-December-6,153,49,134,750
352,1992,1990-December-6,40,36,384,74
352,1993,1990-December-6,47,12,458,130
352,1994,1990-December-6,59,5,212,195
352,1995,1990-December-6,69,44,452,306
352,1996,1990-December-6,98,13,153,281
352,1997,1990-December-6,44,25,461,183
352,1998,1990-December-6,107,2,299,361
352,1999,1990-December-6,148,12,68,250
352,2000,1990-December-6,33,35,135,50
352,2001,1990-December-6,46,34,460,214
352,2002,1990-December-6,60,28,154,92
352,2003,1990-December-6,35,24,418,69
352,2004,1990-December-6,141,47,162,421
352,2005,1990-December-6,53,38,316,190
352,2006,1990-December-6,138,5,373,662
352,2007,1990-December-6,36,40,363,126
352,2008,1990-December-6,47,18,265,174
352,2009,1990-December-6,106,29,257,328
352,2010,1990-December-6,145,37,342,696
352,2011,1990-December-6,152,50,368,712
352,2012,1990-December-6,11,28,88,50
352,2013,1990-December-6,75,27,69,139
352,2014,1990-December-6,47,43,75,81
352,2015,1990-December-6,125,49,87,305
352,2016,1990-December-6,132,1,495,563
352,2017,1990-December-6,139,36,104,242
353,1993,1993-March-3,63,24,453,231
353,1994,1993-March-3,160,17,205,626
353,1995,1993-March-3,64,35,41,140
353,1996,1993-March-3,41,43,340,165
353,1997,1993-March-3,73,11,288,164
353,1998,1993-March-3,66,12,396,276
353,1999,1993-March-3,117,7,233,545
353,2000,1993-March-3,45,16,220,206
353,2001,1993-March-3,127,45,359,158
353,2002,1993-March-3,53,11,292,105
353,2003,1993-March-3,96,11,466,248
353,2004,1993-March-3,37,23,88,130
353,2005,1993-March-3,106,26,279,214
353,2006,1993-March-3,94,13,83,404
353,2007,1993-March-3,129,29,4,364
353,2008,1993-March-3,73,46,342,84
353,2009,1993-March-3,126,42,8,546
353,2010,1993-March-3,82,41,41,216
353,2011,1993-March-3,104,38,385,191
353,2012,1993-March-3,157,49,382,620
353,2013,1993-March-3,105,14,368,380
353,2014,1993-March-3,146,35,493,249
353,2015,1993-March-3,140,34,272,295
353,2016,1993-March-3,63,12,425,64
353,2017,1993-March-3,115,1,89,444
354,2006,2006-ag-15,157,27,456,190
354,2007,2006-ag-15,56,19,332,225
354,2008,2006-ag-15,66,20,68,101
354,2009,2006-ag-15,118,28,75,451
354,2010,2006-ag-15,154,49,425,729
354,2011,2006-ag-15,91,32,456,169
354,2012,2006-ag-15,23,14,340,57
354,2013,2006-ag-15,45,47,252,181
354,2014,2006-ag-15,39,47,292,132
354,2015,2006-ag-15,90,3,249,249
354,2016,2006-ag-15,136,41,461,650
354,2017,2006-ag-15,22,48,145,68
355,2007,2007-my-25,142,48,150,707
355,2008,2007-my-25,87,9,60,425
355,2009,2007-my-25,48,26,279,154
355,2010,2007-my-25,24,22,198,114
355,2011,2007-my-25,96,15,434,99
355,2012,2007-my-25,118,40,331,309
355,2013,2007-my-25,152,14,281,737
355,2014,2007-my-25,89,49,88,429
355,2015,2007-my-25,112,13,183,148
355,2016,2007-my-25,19,25,92,25
355,2017,2007-my-25,130,18,454,438
356,2007,2007-03-27,108,14,94,188
356,2008,2007-03-27,144,24,492,483
356,2009,2007-03-27,51,15,411,181
356,2010,2007-03-27,26,1,414,82
356,2011,2007-03-27,128,28,382,325
356,2012,2007-03-27,102,46,433,152
356,2013,2007-03-27,20,38,121,70
356,2014,2007-03-27,58,15,166,174
356,2015,2007-03-27,27,14,495,103
356,2016,2007-03-27,58,20,291,166
356,2017,2007-03-27,40,24,300,44
357,1993,1993-apr-12,87,6,257,287
357,1994,1993-apr-12,130,17,419,523
357,1995,1993-apr-12,82,6,208,403
357,1996,1993-apr-12,32,2,221,126
357,1997,1993-apr-12,46,26,306,67
357,1998,1993-apr-12,41,13,97,199
357,1999,1993-apr-12,132,19,81,414
357,2000,1993-apr-12,52,34,252,149
357,2001,1993-apr-12,133,22,296,362
357,2002,1993-apr-12,67,30,63,216
357,2003,1993-apr-12,64,20,312,175
357,2004,1993-apr-12,135,33,394,419
357,2005,1993-apr-12,127,45,314,206
357,2006,1993-apr-12,24,12,222,116
357,2007,1993-apr-12,25,45,92,60
357,2008,1993-apr-12,129,13,349,314
357,2009,1993-apr-12,154,38,42,227
357,2010,1993-apr-12,54,24,23,264
357,2011,1993-apr-12,27,39,137,127
357,2012,1993-apr-12,96,29,78,451
357,2013,1993-apr-12,132,42,30,404
357,2014,1993-apr-12,151,29,72,594
357,2015,1993-apr-12,125,28,375,407
357,2016,1993-apr-12,135,47,187,479
357,2017,1993-apr-12,84,47,301,110
358,2010,2010-apr-25,55,11,445,83
358,2011,2010-apr-25,87,23,355,230
358,2012,2010-apr-25,54,35,86,226
358,2013,2010-apr-25,114,37,441,494
358,2014,2010-apr-25,97,25,266,124
358,2015,2010-apr-25,158,43,64,692
358,2016,2010-apr-25,120,14,87,530
358,2017,2010-apr-25,54,46,159,83
359,2010,2010-mar-9,44,18,265,116
359,2011,2010-mar-9,85,14,15,409
359,2012,2010-mar-9,156,21,284,535
359,2013,2010-mar-9,14,21,141,40
359,2014,2010-mar-9,18,34,336,56
359,2015,2010-mar-9,67,32,468,186
359,2016,2010-mar-9,50,49,88,138
359,2017,2010-mar-9,121,10,361,358
360,1993,1993-October-14,120,24,75,459
360,1994,1993-October-14,145,35,493,647
360,1995,1993-October-14,96,20,125,462
360,1996,1993-October-14,55,3,331,177
360,1997,1993-October-14,124,50,142,576
360,1998,1993-October-14,95,44,172,262
360,1999,1993-October-14,35,11,166,173
360,2000,1993-October-14,15,25,379,55
360,2001,1993-October-14,86,45,282,192
360,2002,1993-October-14,71,31,73,327
360,2003,1993-October-14,74,38,19,286
360,2004,1993-October-14,59,8,69,217
360,2005,1993-October-14,28,31,101,62
360,2006,1993-October-14,16,33,182,34
360,2007,1993-October-14,139,40,474,693
360,2008,1993-October-14,60,13,83,148
360,2009,1993-October-14,84,36,382,90
360,2010,1993-October-14,9,32,56,23
360,2011,1993-October-14,130,33,283,604
360,2012,1993-October-14,121,19,153,349
360,2013,1993-October-14,42,49,290,100
360,2014,1993-October-14,22,1,301,103
360,2015,1993-October-14,9,48,186,30
360,2016,1993-October-14,69,26,170,174
360,2017,1993-October-14,70,4,14,351
361,1998,1998-jan-5,95,25,475,440
361,1999,1998-jan-5,152,13,335,420
361,2000,1998-jan-5,135,49,432,524
361,2001,1998-jan-5,109,19,321,420
361,2002,1998-jan-5,20,9,211,68
361,2003,1998-jan-5,28,46,46,46
361,2004,1998-jan-5,51,16,146,220
361,2005,1998-jan-5,40,42,361,68
361,2006,1998-jan-5,16,48,230,27
361,2007,1998-jan-5,92,19,101,191
361,2008,1998-jan-5,57,25,135,88
361,2009,1998-jan-5,38,15,462,89
361,2010,1998-jan-5,21,25,207,73
361,2011,1998-jan-5,139,28,445,271
361,2012,1998-jan-5,47,16,470,208
361,2013,1998-jan-5,32,1,56,140
361,2014,1998-jan-5,48,14,24,226
361,2015,1998-jan-5,40,43,391,158
361,2016,1998-jan-5,110,10,475,263
361,2017,1998-jan-5,94,32,403,121
362,2000,2000-09-14,60,28,311,196
362,2001,2000-09-14,110,13,246,356
362,2002,2000-09-14,71,45,269,227
362,2003,2000-09-14,145,33,109,695
362,2004,2000-09-14,48,11,384,82
362,2005,2000-09-14,140,1,360,219
362,2006,2000-09-14,150,3,268,688
362,2007,2000-09-14,12,27,398,62
362,2008,2000-09-14,122,35,116,479
362,2009,2000-09-14,149,41,93,381
362,2010,2000-09-14,64,50,233,282
362,2011,2000-09-14,70,8,95,303
362,2012,2000-09-14,119,32,149,363
362,2013,2000-09-14,64,11,236,110
362,2014,2000-09-14,90,25,234,391
362,2015,2000-09-14,146,50,97,518
362,2016,2000-09-14,119,45,287,219
362,2017,2000-09-14,54,46,345,250
363,2008,2008-jly-7,40,31,143,127
363,2009,2008-jly-7,8,27,375,18
363,2010,2008-jly-7,93,14,109,159
363,2011,2008-jly-7,68,26,462,167
363,2012,2008-jly-7,82,2,338,99
363,2013,2008-jly-7,129,39,208,336
363,2014,2008-jly-7,133,49,188,319
363,2015,2008-jly-7,110,31,141,148
363,2016,2008-jly-7,40,16,456,106
363,2017,2008-jly-7,86,8,67,313
364,1992,1992-jan-2,127,14,42,156
364,1993,1992-jan-2,13,7,430,55
364,1994,1992-jan-2,56,15,110,71
364,1995,1992-jan-2,39,4,63,63
364,1996,1992-jan-2,51,43,481,123
364,1997,1992-jan-2,13,6,313,63
364,1998,1992-jan-2,18,30,257,51
364,1999,1992-jan-2,85,45,276,191
364,2000,1992-jan-2,97,18,239,253
364,2001,1992-jan-2,20,31,76,87
364,2002,1992-jan-2,148,1,301,399
364,2003,1992-jan-2,139,7,470,583
364,2004,1992-jan-2,120,4,36,379
364,2005,1992-jan-2,50,34,391,159
364,2006,1992-jan-2,45,37,109,153
364,2007,1992-jan-2,106,18,108,166
364,2008,1992-jan-2,16,20,312,31
364,2009,1992-jan-2,100,21,268,156
364,2010,1992-jan-2,116,8,201,218
364,2011,1992-jan-2,30,16,312,39
364,2012,1992-jan-2,136,46,443,244
364,2013,1992-jan-2,123,23,146,351
364,2014,1992-jan-2,85,4,222,134
364,2015,1992-jan-2,13,40,423,28
364,2016,1992-jan-2,118,29,168,192
364,2017,1992-jan-2,82,31,432,327
365,2016,2016-ma-19,138,34,348,408
365,2017,2016-ma-19,77,45,389,159
366,1993,1993-apr-26,17,40,354,71
366,1994,1993-apr-26,77,39,328,272
366,1995,1993-apr-26,49,43,36,147
366,1996,1993-apr-26,119,50,174,398
366,1997,1993-apr-26,69,37,16,246
366,1998,1993-apr-26,9,37,338,29
366,1999,1993-apr-26,52,1,184,129
366,2000,1993-apr-26,54,4,383,178
366,2001,1993-apr-26,67,30,354,224
366,2002,1993-apr-26,121,10,488,566
366,2003,1993-apr-26,91,18,500,186
366,2004,1993-apr-26,85,23,93,96
366,2005,1993-apr-26,65,28,253,80
366,2006,1993-apr-26,10,16,102,12
366,2007,1993-apr-26,32,6,226,32
366,2008,1993-apr-26,132,8,229,371
366,2009,1993-apr-26,148,46,223,404
366,2010,1993-apr-26,68,36,311,236
366,2011,1993-apr-26,60,39,55,235
366,2012,1993-apr-26,28,20,76,93
366,2013,1993-apr-26,99,27,445,419
366,2014,1993-apr-26,75,50,257,215
366,2015,1993-apr-26,31,5,224,62
366,2016,1993-apr-26,131,46,40,356
366,2017,1993-apr-26,126,15,256,283
367,2011,2011-mar-2,141,28,178,154
367,2012,2011-mar-2,31,4,24,94
367,2013,2011-mar-2,53,17,134,241
367,2014,2011-mar-2,111,7,394,257
367,2015,2011-mar-2,124,11,232,154
367,2016,2011-mar-2,147,48,255,732
367,2017,2011-mar-2,30,1,336,104
368,2003,2003-August-22,54,49,379,68
368,2004,2003-August-22,54,20,126,232
368,2005,2003-August-22,106,45,159,353
368,2006,2003-August-22,29,28,285,130
368,2007,2003-August-22,156,42,241,537
368,2008,2003-August-22,106,45,481,267
368,2009,2003-August-22,37,3,220,128
368,2010,2003-August-22,22,4,150,86
368,2011,2003-August-22,35,25,259,100
368,2012,2003-August-22,119,10,57,528
368,2013,2003-August-22,22,38,339,70
368,2014,2003-August-22,159,50,183,275
368,2015,2003-August-22,15,7,440,65
368,2016,2003-August-22,38,23,108,170
368,2017,2003-August-22,92,14,165,377
369,2017,2017-oct-25,103,40,393,338
370,2014,2014-dc-14,86,14,58,225
370,2015,2014-dc-14,42,17,327,116
370,2016,2014-dc-14,116,30,167,471
370,2017,2014-dc-14,157,27,464,774
371,2009,2009-jly-18,57,13,178,276
371,2010,2009-jly-18,92,27,64,118
371,2011,2009-jly-18,78,3,343,195
371,2012,2009-jly-18,80,15,287,122
371,2013,2009-jly-18,110,44,484,289
371,2014,2009-jly-18,57,45,417,176
371,2015,2009-jly-18,85,2,28,325
371,2016,2009-jly-18,128,7,12,198
371,2017,2009-jly-18,16,32,316,60
372,2016,2016-oct-1,100,42,99,272
372,2017,2016-oct-1,52,35,317,82
373,1991,1991-July-21,30,20,390,112
373,1992,1991-July-21,80,35,455,113
373,1993,1991-July-21,104,10,9,456
373,1994,1991-July-21,11,4,177,14
373,1995,1991-July-21,136,7,51,561
373,1996,1991-July-21,37,14,423,80
373,1997,1991-July-21,146,21,257,518
373,1998,1991-July-21,117,38,293,207
373,1999,1991-July-21,30,14,143,61
373,2000,1991-July-21,117,27,405,512
373,2001,1991-July-21,9,28,287,31
373,2002,1991-July-21,120,27,431,526
373,2003,1991-July-21,102,19,185,158
373,2004,1991-July-21,113,23,449,527
373,2005,1991-July-21,94,8,403,332
373,2006,1991-July-21,140,36,317,230
373,2007,1991-July-21,91,50,138,362
373,2008,1991-July-21,129,17,255,365
373,2009,1991-July-21,84,29,10,111
373,2010,1991-July-21,151,20,347,337
373,2011,1991-July-21,93,16,426,399
373,2012,1991-July-21,123,3,178,299
373,2013,1991-July-21,101,34,153,480
373,2014,1991-July-21,29,11,472,42
373,2015,1991-July-21,77,9,222,334
373,2016,1991-July-21,123,30,106,144
373,2017,1991-July-21,45,4,62,99
374,1991,1991-03-25,143,18,59,629
374,1992,1991-03-25,106,46,373,349
374,1993,1991-03-25,123,9,467,501
374,1994,1991-03-25,72,2,493,277
374,1995,1991-03-25,55,30,27,200
374,1996,1991-03-25,86,4,182,251
374,1997,1991-03-25,124,47,48,330
374,1998,1991-03-25,70,42,445,213
374,1999,1991-03-25,90,37,165,112
374,2000,1991-03-25,39,1,102,164
374,2001,1991-03-25,159,47,102,737
374,2002,1991-03-25,100,25,62,321
374,2003,1991-03-25,83,29,417,179
374,2004,1991-03-25,156,37,87,558
374,2005,1991-03-25,128,30,497,469
374,2006,1991-03-25,97,43,190,182
374,2007,1991-03-25,98,25,131,424
374,2008,1991-03-25,156,20,154,416
374,2009,1991-03-25,14,17,242,56
374,2010,1991-03-25,10,5,425,26
374,2011,1991-03-25,37,47,1,113
374,2012,1991-03-25,20,18,370,72
374,2013,1991-03-25,134,7,467,485
374,2014,1991-03-25,26,25,454,51
374,2015,1991-03-25,156,21,142,575
374,2016,1991-03-25,78,2,177,375
374,2017,1991-03-25,124,28,395,492
375,2014,2014-jul-5,155,21,254,640
375,2015,2014-jul-5,41,27,259,202
375,2016,2014-jul-5,14,46,466,69
375,2017,2014-jul-5,14,20,372,26
376,1998,1998-07-13,148,32,179,241
376,1999,1998-07-13,35,37,10,124
376,2000,1998-07-13,101,1,336,286
376,2001,1998-07-13,19,31,147,24
376,2002,1998-07-13,93,1,38,121
376,2003,1998-07-13,122,47,50,469
376,2004,1998-07-13,14,40,372,54
376,2005,1998-07-13,145,19,375,374
376,2006,1998-07-13,126,48,16,378
376,2007,1998-07-13,145,15,204,446
376,2008,1998-07-13,155,38,273,188
376,2009,1998-07-13,41,41,463,110
376,2010,1998-07-13,60,1,196,203
376,2011,1998-07-13,49,7,334,234
376,2012,1998-07-13,67,39,270,121
376,2013,1998-07-13,134,12,74,639
376,2014,1998-07-13,62,11,289,208
376,2015,1998-07-13,89,7,184,337
376,2016,1998-07-13,8,33,468,22
376,2017,1998-07-13,139,20,16,355
377,2000,2000-ag-27,130,39,129,581
377,2001,2000-ag-27,118,13,263,558
377,2002,2000-ag-27,160,31,410,419
377,2003,2000-ag-27,91,44,414,435
377,2004,2000-ag-27,128,5,190,270
377,2005,2000-ag-27,82,25,1,330
377,2006,2000-ag-27,24,21,290,115
377,2007,2000-ag-27,107,45,449,480
377,2008,2000-ag-27,30,49,304,120
377,2009,2000-ag-27,35,39,129,150
377,2010,2000-ag-27,66,7,449,99
377,2011,2000-ag-27,12,46,447,30
377,2012,2000-ag-27,149,33,399,452
377,2013,2000-ag-27,12,35,211,29
377,2014,2000-ag-27,153,35,27,254
377,2015,2000-ag-27,132,11,132,448
377,2016,2000-ag-27,144,15,115,381
377,2017,2000-ag-27,82,28,47,228
378,2003,2003-mar-26,67,41,76,68
378,2004,2003-mar-26,21,46,98,87
378,2005,2003-mar-26,72,43,446,119
378,2006,2003-mar-26,41,5,204,92
378,2007,2003-mar-26,147,34,74,431
378,2008,2003-mar-26,155,32,283,548
378,2009,2003-mar-26,133,11,354,237
378,2010,2003-mar-26,54,21,345,166
378,2011,2003-mar-26,122,14,135,228
378,2012,2003-mar-26,31,8,22,108
378,2013,2003-mar-26,68,25,462,233
378,2014,2003-mar-26,22,32,259,54
378,2015,2003-mar-26,112,12,78,148
378,2016,2003-mar-26,117,27,368,490
378,2017,2003-mar-26,63,18,102,97
379,1998,1998-jul-4,72,40,282,167
379,1999,1998-jul-4,96,41,440,226
379,2000,1998-jul-4,149,8,30,674
379,2001,1998-jul-4,66,50,414,160
379,2002,1998-jul-4,73,27,48,240
379,2003,1998-jul-4,148,7,157,258
379,2004,1998-jul-4,98,7,291,277
379,2005,1998-jul-4,135,16,229,473
379,2006,1998-jul-4,86,41,456,300
379,2007,1998-jul-4,108,36,169,257
379,2008,1998-jul-4,21,38,128,94
379,2009,1998-jul-4,79,49,371,158
379,2010,1998-jul-4,88,12,450,292
379,2011,1998-jul-4,113,5,140,382
379,2012,1998-jul-4,100,12,36,249
379,2013,1998-jul-4,60,14,287,235
379,2014,1998-jul-4,48,17,466,49
379,2015,1998-jul-4,126,9,293,253
379,2016,1998-jul-4,59,24,368,63
379,2017,1998-jul-4,53,32,441,145
380,1998,1998-oc-6,148,16,343,410
380,1999,1998-oc-6,108,9,412,240
380,2000,1998-oc-6,45,2,1,50
380,2001,1998-oc-6,10,17,215,17
380,2002,1998-oc-6,53,5,273,184
380,2003,1998-oc-6,154,18,425,194
380,2004,1998-oc-6,114,15,275,186
380,2005,1998-oc-6,72,31,342,333
380,2006,1998-oc-6,118,24,270,363
380,2007,1998-oc-6,64,28,375,219
380,2008,1998-oc-6,119,50,89,524
380,2009,1998-oc-6,84,7,213,104
380,2010,1998-oc-6,85,46,59,153
380,2011,1998-oc-6,159,47,241,179
380,2012,1998-oc-6,123,31,255,519
380,2013,1998-oc-6,62,6,139,173
380,2014,1998-oc-6,100,41,311,154
380,2015,1998-oc-6,120,23,138,550
380,2016,1998-oc-6,152,28,403,572
380,2017,1998-oc-6,12,17,35,24
381,2006,2006-March-21,54,9,231,56
381,2007,2006-March-21,54,35,55,201
381,2008,2006-March-21,76,44,430,103
381,2009,2006-March-21,66,18,30,214
381,2010,2006-March-21,119,23,464,371
381,2011,2006-March-21,72,6,358,73
381,2012,2006-March-21,34,16,414,156
381,2013,2006-March-21,54,36,280,157
381,2014,2006-March-21,88,18,181,195
381,2015,2006-March-21,108,8,17,182
381,2016,2006-March-21,9,25,202,35
381,2017,2006-March-21,17,9,34,76
382,2003,2003-oc-11,138,18,307,302
382,2004,2003-oc-11,150,10,323,197
382,2005,2003-oc-11,105,17,207,332
382,2006,2003-oc-11,76,37,313,313
382,2007,2003-oc-11,82,31,199,354
382,2008,2003-oc-11,64,50,109,207
382,2009,2003-oc-11,84,48,294,215
382,2010,2003-oc-11,133,38,24,317
382,2011,2003-oc-11,159,47,97,630
382,2012,2003-oc-11,83,21,127,242
382,2013,2003-oc-11,148,23,318,565
382,2014,2003-oc-11,121,14,12,528
382,2015,2003-oc-11,62,48,373,200
382,2016,2003-oc-11,39,40,128,159
382,2017,2003-oc-11,101,11,450,167
383,2008,2008-ma-26,19,10,123,33
383,2009,2008-ma-26,158,38,64,220
383,2010,2008-ma-26,154,41,431,640
383,2011,2008-ma-26,42,14,1,158
383,2012,2008-ma-26,137,32,30,194
383,2013,2008-ma-26,10,11,490,32
383,2014,2008-ma-26,89,27,102,346
383,2015,2008-ma-26,100,23,391,215
383,2016,2008-ma-26,144,42,14,648
383,2017,2008-ma-26,139,43,263,564
384,2012,2012-jan-8,101,39,16,304
384,2013,2012-jan-8,64,50,100,138
384,2014,2012-jan-8,89,46,301,332
384,2015,2012-jan-8,92,10,427,218
384,2016,2012-jan-8,44,40,171,102
384,2017,2012-jan-8,140,31,315,466
385,2002,2002-December-28,116,40,330,357
385,2003,2002-December-28,84,47,125,332
385,2004,2002-December-28,61,35,5,88
385,2005,2002-December-28,25,16,458,69
385,2006,2002-December-28,44,48,256,67
385,2007,2002-December-28,152,16,42,515
385,2008,2002-December-28,110,24,259,330
385,2009,2002-December-28,40,3,244,162
385,2010,2002-December-28,8,7,433,23
385,2011,2002-December-28,133,31,202,207
385,2012,2002-December-28,91,36,98,394
385,2013,2002-December-28,125,8,183,220
385,2014,2002-December-28,76,2,175,344
385,2015,2002-December-28,47,27,376,68
385,2016,2002-December-28,147,48,275,467
385,2017,2002-December-28,160,20,417,200
386,2007,2007-ju-23,52,42,460,86
386,2008,2007-ju-23,144,38,402,598
386,2009,2007-ju-23,125,5,403,411
386,2010,2007-ju-23,75,36,165,118
386,2011,2007-ju-23,24,42,93,46
386,2012,2007-ju-23,33,25,449,78
386,2013,2007-ju-23,20,13,34,84
386,2014,2007-ju-23,41,27,80,80
386,2015,2007-ju-23,107,26,459,397
386,2016,2007-ju-23,129,16,116,285
386,2017,2007-ju-23,149,38,495,331
387,2006,2006-April-5,81,23,372,149
387,2007,2006-April-5,135,17,458,351
387,2008,2006-April-5,137,27,118,185
387,2009,2006-April-5,125,24,230,540
387,2010,2006-April-5,144,36,74,240
387,2011,2006-April-5,83,20,247,281
387,2012,2006-April-5,68,27,247,163
387,2013,2006-April-5,62,13,385,306
387,2014,2006-April-5,20,1,113,97
387,2015,2006-April-5,83,38,137,178
387,2016,2006-April-5,39,26,162,55
387,2017,2006-April-5,126,2,143,512
388,1995,1995-oc-4,65,38,9,195
388,1996,1995-oc-4,140,37,118,513
388,1997,1995-oc-4,76,32,226,268
388,1998,1995-oc-4,101,13,186,491
388,1999,1995-oc-4,130,37,243,532
388,2000,1995-oc-4,26,8,74,115
388,2001,1995-oc-4,12,22,200,24
388,2002,1995-oc-4,59,20,341,98
388,2003,1995-oc-4,127,32,275,364
388,2004,1995-oc-4,97,47,182,196
388,2005,1995-oc-4,32,8,183,107
388,2006,1995-oc-4,79,25,413,274
388,2007,1995-oc-4,96,48,150,110
388,2008,1995-oc-4,134,7,1,273
388,2009,1995-oc-4,73,32,383,78
388,2010,1995-oc-4,80,24,243,231
388,2011,1995-oc-4,11,23,156,41
388,2012,1995-oc-4,64,12,91,109
388,2013,1995-oc-4,154,46,436,467
388,2014,1995-oc-4,136,6,231,606
388,2015,1995-oc-4,159,32,69,785
388,2016,1995-oc-4,63,41,287,242
388,2017,1995-oc-4,66,31,80,208
389,2015,2015-August-13,50,43,215,227
389,2016,2015-August-13,78,16,163,334
389,2017,2015-August-13,74,12,284,255
390,1990,1990-07-9,144,45,61,461
390,1991,1990-07-9,46,45,231,118
390,1992,1990-07-9,63,50,245,147
390,1993,1990-07-9,89,43,154,346
390,1994,1990-07-9,8,13,314,39
390,1995,1990-07-9,74,10,212,142
390,1996,1990-07-9,152,2,44,611
390,1997,1990-07-9,31,10,426,68
390,1998,1990-07-9,131,31,401,622
390,1999,1990-07-9,78,26,412,218
390,2000,1990-07-9,120,36,153,249
390,2001,1990-07-9,151,12,100,679
390,2002,1990-07-9,142,35,309,488
390,2003,1990-07-9,37,21,205,133
390,2004,1990-07-9,116,18,47,308
390,2005,1990-07-9,86,20,145,262
390,2006,1990-07-9,157,19,327,748
390,2007,1990-07-9,137,28,339,229
390,2008,1990-07-9,74,12,496,238
390,2009,1990-07-9,98,32,110,275
390,2010,1990-07-9,60,46,41,196
390,2011,1990-07-9,26,32,292,78
390,2012,1990-07-9,154,10,144,477
390,2013,1990-07-9,25,41,107,45
390,2014,1990-07-9,147,35,31,506
390,2015,1990-07-9,89,27,358,343
390,2016,1990-07-9,90,22,240,422
390,2017,1990-07-9,32,1,193,48
391,2008,2008-January-17,72,20,388,322
391,2009,2008-January-17,56,21,191,104
391,2010,2008-January-17,88,45,214,304
391,2011,2008-January-17,96,4,370,379
391,2012,2008-January-17,121,48,273,312
391,2013,2008-January-17,159,28,46,218
391,2014,2008-January-17,147,3,95,324
391,2015,2008-January-17,31,36,2,65
391,2016,2008-January-17,33,30,334,53
391,2017,2008-January-17,85,44,458,124
392,1990,1990-April-6,113,15,230,545
392,1991,1990-April-6,84,34,204,157
392,1992,1990-April-6,77,39,234,186
392,1993,1990-April-6,18,36,420,32
392,1994,1990-April-6,98,29,26,137
392,1995,1990-April-6,130,45,401,244
392,1996,1990-April-6,28,33,141,111
392,1997,1990-April-6,158,21,126,624
392,1998,1990-April-6,68,29,26,332
392,1999,1990-April-6,58,38,296,136
392,2000,1990-April-6,28,2,241,38
392,2001,1990-April-6,11,30,373,52
392,2002,1990-April-6,133,33,23,289
392,2003,1990-April-6,61,36,249,185
392,2004,1990-April-6,78,40,321,169
392,2005,1990-April-6,98,9,281,427
392,2006,1990-April-6,18,46,273,63
392,2007,1990-April-6,135,16,282,155
392,2008,1990-April-6,27,35,15,73
392,2009,1990-April-6,41,2,142,145
392,2010,1990-April-6,45,30,240,148
392,2011,1990-April-6,97,39,23,125
392,2012,1990-April-6,30,23,380,137
392,2013,1990-April-6,18,34,412,66
392,2014,1990-April-6,39,47,202,112
392,2015,1990-April-6,19,18,158,71
392,2016,1990-April-6,78,8,421,278
392,2017,1990-April-6,40,17,391,92
393,1995,1995-jan-16,19,43,326,90
393,1996,1995-jan-16,50,15,56,73
393,1997,1995-jan-16,103,20,156,250
393,1998,1995-jan-16,63,45,362,71
393,1999,1995-jan-16,156,49,440,214
393,2000,1995-jan-16,149,10,100,529
393,2001,1995-jan-16,77,32,221,170
393,2002,1995-jan-16,27,28,361,80
393,2003,1995-jan-16,87,49,484,289
393,2004,1995-jan-16,31,19,386,123
393,2005,1995-jan-16,49,37,487,184
393,2006,1995-jan-16,78,32,347,307
393,2007,1995-jan-16,66,28,368,211
393,2008,1995-jan-16,31,6,230,132
393,2009,1995-jan-16,9,23,459,24
393,2010,1995-jan-16,146,17,137,624
393,2011,1995-jan-16,53,26,262,84
393,2012,1995-jan-16,80,37,321,331
393,2013,1995-jan-16,74,10,308,261
393,2014,1995-jan-16,98,22,235,182
393,2015,1995-jan-16,122,6,347,236
393,2016,1995-jan-16,92,45,363,298
393,2017,1995-jan-16,130,25,171,631
394,2009,2009-05-2,41,16,217,87
394,2010,2009-05-2,85,18,249,103
394,2011,2009-05-2,72,15,353,109
394,2012,2009-05-2,37,9,127,56
394,2013,2009-05-2,10,22,398,28
394,2014,2009-05-2,121,40,74,408
394,2015,2009-05-2,103,44,303,465
394,2016,2009-05-2,101,47,58,286
394,2017,2009-05-2,118,27,37,394
395,1994,1994-sp-18,61,30,49,217
395,1995,1994-sp-18,96,13,436,302
395,1996,1994-sp-18,37,1,124,141
395,1997,1994-sp-18,99,15,399,461
395,1998,1994-sp-18,17,47,478,25
395,1999,1994-sp-18,137,40,271,438
395,2000,1994-sp-18,141,27,465,662
395,2001,1994-sp-18,67,29,214,276
395,2002,1994-sp-18,156,30,296,740
395,2003,1994-sp-18,73,45,420,234
395,2004,1994-sp-18,32,19,390,44
395,2005,1994-sp-18,124,5,168,269
395,2006,1994-sp-18,58,49,242,197
395,2007,1994-sp-18,116,25,246,457
395,2008,1994-sp-18,116,2,348,421
395,2009,1994-sp-18,126,22,216,228
395,2010,1994-sp-18,153,14,494,265
395,2011,1994-sp-18,99,44,495,388
395,2012,1994-sp-18,27,34,429,56
395,2013,1994-sp-18,138,10,11,280
395,2014,1994-sp-18,43,34,118,79
395,2015,1994-sp-18,41,6,434,140
395,2016,1994-sp-18,86,45,496,304
395,2017,1994-sp-18,45,43,269,173
396,1991,1991-01-18,40,2,388,100
396,1992,1991-01-18,156,41,500,262
396,1993,1991-01-18,148,11,13,533
396,1994,1991-01-18,155,10,364,730
396,1995,1991-01-18,115,7,392,211
396,1996,1991-01-18,154,8,60,200
396,1997,1991-01-18,140,14,351,538
396,1998,1991-01-18,142,41,324,247
396,1999,1991-01-18,102,28,208,126
396,2000,1991-01-18,141,26,225,263
396,2001,1991-01-18,119,9,389,153
396,2002,1991-01-18,158,3,234,509
396,2003,1991-01-18,28,14,434,81
396,2004,1991-01-18,47,37,413,232
396,2005,1991-01-18,130,16,274,645
396,2006,1991-01-18,90,15,492,375
396,2007,1991-01-18,80,47,269,325
396,2008,1991-01-18,52,36,148,168
396,2009,1991-01-18,151,25,389,243
396,2010,1991-01-18,86,26,117,343
396,2011,1991-01-18,66,44,405,264
396,2012,1991-01-18,15,42,58,48
396,2013,1991-01-18,11,21,472,38
396,2014,1991-01-18,138,33,134,502
396,2015,1991-01-18,87,11,73,97
396,2016,1991-01-18,58,40,75,275
396,2017,1991-01-18,80,42,363,252
397,2017,2017-09-19,39,34,109,178
398,1990,1990-05-28,10,12,463,40
398,1991,1990-05-28,51,3,178,213
398,1992,1990-05-28,81,21,65,379
398,1993,1990-05-28,16,33,255,45
398,1994,1990-05-28,33,14,382,34
398,1995,1990-05-28,49,32,225,211
398,1996,1990-05-28,96,11,223,251
398,1997,1990-05-28,116,20,84,144
398,1998,1990-05-28,45,8,71,190
398,1999,1990-05-28,86,33,423,359
398,2000,1990-05-28,41,9,41,70
398,2001,1990-05-28,110,24,340,428
398,2002,1990-05-28,142,44,359,640
398,2003,1990-05-28,34,13,114,50
398,2004,1990-05-28,89,13,163,129
398,2005,1990-05-28,68,40,202,210
398,2006,1990-05-28,20,47,208,49
398,2007,1990-05-28,77,1,343,295
398,2008,1990-05-28,87,24,397,413
398,2009,1990-05-28,50,16,31,74
398,2010,1990-05-28,48,44,335,159
398,2011,1990-05-28,137,35,345,259
398,2012,1990-05-28,101,50,73,140
398,2013,1990-05-28,86,30,44,158
398,2014,1990-05-28,25,31,363,33
398,2015,1990-05-28,153,36,204,378
398,2016,1990-05-28,132,43,343,419
398,2017,1990-05-28,151,40,202,229
399,1999,1999-ap-24,106,31,289,220
399,2000,1999-ap-24,45,30,84,107
399,2001,1999-ap-24,18,35,389,38
399,2002,1999-ap-24,35,31,337,67
399,2003,1999-ap-24,63,35,404,279
399,2004,1999-ap-24,36,19,466,153
399,2005,1999-ap-24,145,14,157,716
399,2006,1999-ap-24,120,5,225,135
399,2007,1999-ap-24,76,22,84,316
399,2008,1999-ap-24,128,39,475,262
399,2009,1999-ap-24,21,16,226,105
399,2010,1999-ap-24,127,28,353,270
399,2011,1999-ap-24,23,34,138,95
399,2012,1999-ap-24,140,30,371,496
399,2013,1999-ap-24,92,11,77,187
399,2014,1999-ap-24,125,49,17,576
399,2015,1999-ap-24,149,6,402,177
399,2016,1999-ap-24,39,33,53,78
399,2017,1999-ap-24,108,11,34,227
400,1991,1991-December-27,13,27,315,50
400,1992,1991-December-27,98,46,450,319
400,1993,1991-December-27,76,8,154,323
400,1994,1991-December-27,54,13,285,156
400,1995,1991-December-27,111,10,443,136
400,1996,1991-December-27,138,42,189,310
400,1997,1991-December-27,31,38,210,99
400,1998,1991-December-27,24,46,283,31
400,1999,1991-December-27,72,10,2,231
400,2000,1991-December-27,99,10,56,209
400,2001,1991-December-27,56,8,119,141
400,2002,1991-December-27,40,27,323,169
400,2003,1991-December-27,17,15,287,53
400,2004,1991-December-27,116,39,239,208
400,2005,1991-December-27,158,42,16,227
400,2006,1991-December-27,127,30,205,556
400,2007,1991-December-27,148,42,476,670
400,2008,1991-December-27,81,48,130,96
400,2009,1991-December-27,98,41,7,243
400,2010,1991-December-27,30,34,373,48
400,2011,1991-December-27,15,34,498,63
400,2012,1991-December-27,115,9,471,392
400,2013,1991-December-27,27,25,47,68
400,2014,1991-December-27,58,48,338,272
400,2015,1991-December-27,14,32,178,28
400,2016,1991-December-27,152,41,265,270
400,2017,1991-December-27,136,29,446,570
401,1991,1991-my-7,72,26,213,237
401,1992,1991-my-7,133,14,237,296
401,1993,1991-my-7,30,2,481,32
401,1994,1991-my-7,66,12,106,296
401,1995,1991-my-7,138,50,210,263
401,1996,1991-my-7,90,13,467,418
401,1997,1991-my-7,104,48,28,507
401,1998,1991-my-7,58,18,10,181
401,1999,1991-my-7,126,11,385,129
401,2000,1991-my-7,38,42,355,70
401,2001,1991-my-7,118,37,336,167
401,2002,1991-my-7,72,35,12,300
401,2003,1991-my-7,29,34,474,133
401,2004,1991-my-7,136,21,35,567
401,2005,1991-my-7,99,29,56,231
401,2006,1991-my-7,62,49,335,213
401,2007,1991-my-7,52,40,353,81
401,2008,1991-my-7,114,42,253,430
401,2009,1991-my-7,104,9,44,298
401,2010,1991-my-7,52,41,242,239
401,2011,1991-my-7,75,29,150,282
401,2012,1991-my-7,65,25,77,320
401,2013,1991-my-7,31,26,350,155
401,2014,1991-my-7,18,12,247,66
401,2015,1991-my-7,60,41,491,143
401,2016,1991-my-7,37,45,118,78
401,2017,1991-my-7,75,2,26,339
402,1996,1996-September-21,26,3,405,26
402,1997,1996-September-21,103,38,17,147
402,1998,1996-September-21,40,22,65,111
402,1999,1996-September-21,76,4,55,120
402,2000,1996-September-21,16,47,433,68
402,2001,1996-September-21,44,4,260,199
402,2002,1996-September-21,93,33,106,290
402,2003,1996-September-21,61,38,248,153
402,2004,1996-September-21,159,36,112,600
402,2005,1996-September-21,30,38,194,96
402,2006,1996-September-21,25,24,42,38
402,2007,1996-September-21,150,6,176,326
402,2008,1996-September-21,62,14,158,166
402,2009,1996-September-21,150,7,29,386
402,2010,1996-September-21,75,23,345,183
402,2011,1996-September-21,123,23,167,161
402,2012,1996-September-21,119,26,312,497
402,2013,1996-September-21,48,13,155,154
402,2014,1996-September-21,79,49,233,175
402,2015,1996-September-21,39,8,478,96
402,2016,1996-September-21,58,16,311,177
402,2017,1996-September-21,23,11,191,84
403,2001,2001-apr-20,20,48,203,27
403,2002,2001-apr-20,70,24,365,200
403,2003,2001-apr-20,94,4,70,438
403,2004,2001-apr-20,97,6,273,248
403,2005,2001-apr-20,107,46,189,146
403,2006,2001-apr-20,115,41,78,201
403,2007,2001-apr-20,57,38,236,218
403,2008,2001-apr-20,39,25,201,88
403,2009,2001-apr-20,69,21,467,342
403,2010,2001-apr-20,157,32,367,573
403,2011,2001-apr-20,111,43,47,314
403,2012,2001-apr-20,89,2,161,403
403,2013,2001-apr-20,14,35,461,57
403,2014,2001-apr-20,104,6,214,235
403,2015,2001-apr-20,103,11,64,246
403,2016,2001-apr-20,51,3,342,240
403,2017,2001-apr-20,41,40,393,135
404,2009,2009-03-21,110,3,472,546
404,2010,2009-03-21,53,49,407,256
404,2011,2009-03-21,134,39,36,389
404,2012,2009-03-21,16,4,492,44
404,2013,2009-03-21,65,21,285,219
404,2014,2009-03-21,99,48,317,441
404,2015,2009-03-21,139,38,385,552
404,2016,2009-03-21,132,26,323,223
404,2017,2009-03-21,86,30,301,422
405,2008,2008-01-11,48,8,123,123
405,2009,2008-01-11,81,22,183,371
405,2010,2008-01-11,94,15,332,278
405,2011,2008-01-11,102,27,225,394
405,2012,2008-01-11,98,27,380,478
405,2013,2008-01-11,15,32,350,74
405,2014,2008-01-11,115,50,267,456
405,2015,2008-01-11,115,31,412,558
405,2016,2008-01-11,83,48,97,157
405,2017,2008-01-11,154,50,95,458
406,2010,2010-spt-17,34,27,388,136
406,2011,2010-spt-17,153,21,454,370
406,2012,2010-spt-17,113,3,12,247
406,2013,2010-spt-17,99,49,352,236
406,2014,2010-spt-17,84,26,460,197
406,2015,2010-spt-17,79,22,484,300
406,2016,2010-spt-17,13,2,263,52
406,2017,2010-spt-17,14,17,310,23
407,1998,1998-nov-16,27,28,468,72
407,1999,1998-nov-16,63,26,281,82
407,2000,1998-nov-16,150,30,154,318
407,2001,1998-nov-16,146,47,301,244
407,2002,1998-nov-16,30,22,331,130
407,2003,1998-nov-16,9,17,259,38
407,2004,1998-nov-16,72,11,402,77
407,2005,1998-nov-16,93,34,370,388
407,2006,1998-nov-16,63,36,315,243
407,2007,1998-nov-16,112,3,240,321
407,2008,1998-nov-16,37,28,328,125
407,2009,1998-nov-16,115,9,51,290
407,2010,1998-nov-16,24,38,51,40
407,2011,1998-nov-16,33,35,67,110
407,2012,1998-nov-16,107,47,348,415
407,2013,1998-nov-16,47,35,24,152
407,2014,1998-nov-16,126,9,353,493
407,2015,1998-nov-16,41,23,315,130
407,2016,1998-nov-16,74,24,62,137
407,2017,1998-nov-16,32,35,171,141
408,2001,2001-07-27,34,28,165,84
408,2002,2001-07-27,106,38,214,510
408,2003,2001-07-27,89,13,228,306
408,2004,2001-07-27,130,27,338,639
408,2005,2001-07-27,126,44,428,247
408,2006,2001-07-27,152,30,308,286
408,2007,2001-07-27,102,4,424,419
408,2008,2001-07-27,75,15,271,335
408,2009,2001-07-27,101,37,269,430
408,2010,2001-07-27,14,28,5,26
408,2011,2001-07-27,104,32,479,320
408,2012,2001-07-27,103,4,24,160
408,2013,2001-07-27,43,43,436,132
408,2014,2001-07-27,66,16,390,74
408,2015,2001-07-27,51,40,422,188
408,2016,2001-07-27,113,5,371,291
408,2017,2001-07-27,38,38,91,131
409,2006,2006-October-10,130,20,403,297
409,2007,2006-October-10,37,49,165,151
409,2008,2006-October-10,72,19,127,243
409,2009,2006-October-10,126,32,299,248
409,2010,2006-October-10,93,2,34,118
409,2011,2006-October-10,70,8,35,341
409,2012,2006-October-10,88,7,427,273
409,2013,2006-October-10,140,28,412,292
409,2014,2006-October-10,10,13,449,20
409,2015,2006-October-10,148,20,156,534
409,2016,2006-October-10,146,24,86,677
409,2017,2006-October-10,86,39,268,193
410,2005,2005-jan-19,152,6,407,328
410,2006,2005-jan-19,71,18,179,237
410,2007,2005-jan-19,124,50,160,331
410,2008,2005-jan-19,10,26,167,48
410,2009,2005-jan-19,105,18,211,434
410,2010,2005-jan-19,94,12,470,226
410,2011,2005-jan-19,116,14,336,264
410,2012,2005-jan-19,97,39,224,293
410,2013,2005-jan-19,116,15,353,448
410,2014,2005-jan-19,23,31,469,48
410,2015,2005-jan-19,45,37,132,221
410,2016,2005-jan-19,111,2,88,302
410,2017,2005-jan-19,60,2,405,158
411,2012,2012-apr-13,127,7,56,284
411,2013,2012-apr-13,43,7,282,206
411,2014,2012-apr-13,137,32,147,256
411,2015,2012-apr-13,104,10,325,347
411,2016,2012-apr-13,45,38,481,96
411,2017,2012-apr-13,137,31,112,490
412,2013,2013-nv-12,156,19,430,577
412,2014,2013-nv-12,111,32,469,208
412,2015,2013-nv-12,32,26,488,110
412,2016,2013-nv-12,81,16,78,114
412,2017,2013-nv-12,104,31,257,454
413,2008,2008-08-21,105,12,416,493
413,2009,2008-08-21,146,16,492,544
413,2010,2008-08-21,51,6,87,198
413,2011,2008-08-21,85,7,205,156
413,2012,2008-08-21,110,34,394,197
413,2013,2008-08-21,129,45,264,378
413,2014,2008-08-21,151,50,276,290
413,2015,2008-08-21,83,13,4,193
413,2016,2008-08-21,114,48,168,229
413,2017,2008-08-21,131,27,205,407
414,1991,1991-May-1,84,41,385,227
414,1992,1991-May-1,52,49,278,229
414,1993,1991-May-1,81,20,499,365
414,1994,1991-May-1,133,42,244,277
414,1995,1991-May-1,23,43,362,56
414,1996,1991-May-1,141,31,213,141
414,1997,1991-May-1,117,6,1,365
414,1998,1991-May-1,129,26,129,562
414,1999,1991-May-1,115,50,23,175
414,2000,1991-May-1,10,48,433,27
414,2001,1991-May-1,118,30,436,228
414,2002,1991-May-1,157,18,135,442
414,2003,1991-May-1,21,24,482,100
414,2004,1991-May-1,106,12,476,529
414,2005,1991-May-1,36,48,119,136
414,2006,1991-May-1,77,40,386,253
414,2007,1991-May-1,118,31,32,403
414,2008,1991-May-1,108,3,387,224
414,2009,1991-May-1,129,8,81,333
414,2010,1991-May-1,68,37,78,164
414,2011,1991-May-1,14,50,431,42
414,2012,1991-May-1,60,14,478,229
414,2013,1991-May-1,52,1,381,124
414,2014,1991-May-1,30,22,365,84
414,2015,1991-May-1,153,20,105,431
414,2016,1991-May-1,59,32,20,256
414,2017,1991-May-1,116,45,125,314
415,1990,1990-my-7,106,1,63,396
415,1991,1990-my-7,117,11,441,321
415,1992,1990-my-7,99,8,69,410
415,1993,1990-my-7,73,11,253,159
415,1994,1990-my-7,156,50,238,745
415,1995,1990-my-7,129,40,283,179
415,1996,1990-my-7,139,49,340,484
415,1997,1990-my-7,144,1,272,273
415,1998,1990-my-7,146,7,107,328
415,1999,1990-my-7,65,42,485,122
415,2000,1990-my-7,59,46,99,239
415,2001,1990-my-7,108,2,280,305
415,2002,1990-my-7,123,39,252,545
415,2003,1990-my-7,48,46,481,75
415,2004,1990-my-7,65,36,283,181
415,2005,1990-my-7,155,10,83,653
415,2006,1990-my-7,145,35,78,249
415,2007,1990-my-7,132,6,27,323
415,2008,1990-my-7,100,34,271,342
415,2009,1990-my-7,103,22,435,335
415,2010,1990-my-7,18,39,106,73
415,2011,1990-my-7,22,30,49,90
415,2012,1990-my-7,96,27,386,279
415,2013,1990-my-7,157,14,286,347
415,2014,1990-my-7,117,39,461,180
415,2015,1990-my-7,69,22,376,234
415,2016,1990-my-7,41,13,398,100
415,2017,1990-my-7,133,39,334,191
416,2016,2016-12-16,101,47,152,137
416,2017,2016-12-16,86,3,107,248
417,1999,1999-09-13,19,3,225,40
417,2000,1999-09-13,32,50,208,39
417,2001,1999-09-13,143,48,78,684
417,2002,1999-09-13,88,7,219,225
417,2003,1999-09-13,75,17,238,146
417,2004,1999-09-13,105,39,478,521
417,2005,1999-09-13,87,21,498,92
417,2006,1999-09-13,31,14,184,49
417,2007,1999-09-13,127,30,212,516
417,2008,1999-09-13,154,45,387,656
417,2009,1999-09-13,155,43,396,353
417,2010,1999-09-13,90,23,236,121
417,2011,1999-09-13,136,47,231,546
417,2012,1999-09-13,40,15,197,68
417,2013,1999-09-13,107,41,183,358
417,2014,1999-09-13,20,15,317,80
417,2015,1999-09-13,85,49,409,206
417,2016,1999-09-13,36,3,330,145
417,2017,1999-09-13,41,13,206,61
418,2001,2001-my-6,123,34,236,147
418,2002,2001-my-6,80,46,216,241
418,2003,2001-my-6,25,44,182,95
418,2004,2001-my-6,14,48,310,23
418,2005,2001-my-6,92,5,336,92
418,2006,2001-my-6,66,9,115,296
418,2007,2001-my-6,110,13,170,406
418,2008,2001-my-6,140,2,72,167
418,2009,2001-my-6,136,30,104,286
418,2010,2001-my-6,140,35,140,409
418,2011,2001-my-6,45,35,468,201
418,2012,2001-my-6,131,2,339,369
418,2013,2001-my-6,69,20,258,114
418,2014,2001-my-6,26,42,301,82
418,2015,2001-my-6,50,14,51,122
418,2016,2001-my-6,145,26,147,589
418,2017,2001-my-6,18,33,334,27
419,2012,2012-08-24,104,48,114,388
419,2013,2012-08-24,82,39,411,99
419,2014,2012-08-24,36,46,101,50
419,2015,2012-08-24,104,23,355,325
419,2016,2012-08-24,105,48,229,154
419,2017,2012-08-24,68,11,425,119
420,1991,1991-nv-27,128,44,274,246
420,1992,1991-nv-27,128,42,120,603
420,1993,1991-nv-27,62,42,495,144
420,1994,1991-nv-27,76,37,183,368
420,1995,1991-nv-27,38,20,440,114
420,1996,1991-nv-27,76,41,135,341
420,1997,1991-nv-27,35,1,384,137
420,1998,1991-nv-27,94,12,347,445
420,1999,1991-nv-27,79,46,364,253
420,2000,1991-nv-27,130,14,413,482
420,2001,1991-nv-27,11,24,377,43
420,2002,1991-nv-27,35,17,2,80
420,2003,1991-nv-27,44,10,229,171
420,2004,1991-nv-27,34,49,99,86
420,2005,1991-nv-27,60,48,314,79
420,2006,1991-nv-27,44,11,386,191
420,2007,1991-nv-27,59,17,245,75
420,2008,1991-nv-27,146,14,119,572
420,2009,1991-nv-27,89,32,243,127
420,2010,1991-nv-27,133,2,392,276
420,2011,1991-nv-27,70,38,165,192
420,2012,1991-nv-27,137,24,6,626
420,2013,1991-nv-27,64,10,366,308
420,2014,1991-nv-27,29,40,228,126
420,2015,1991-nv-27,12,31,402,13
420,2016,1991-nv-27,105,34,8,512
420,2017,1991-nv-27,70,16,58,121
421,1991,1991-apr-18,140,47,332,409
421,1992,1991-apr-18,14,35,455,34
421,1993,1991-apr-18,150,49,97,406
421,1994,1991-apr-18,31,20,433,126
421,1995,1991-apr-18,52,45,91,157
421,1996,1991-apr-18,89,10,86,228
421,1997,1991-apr-18,100,19,131,335
421,1998,1991-apr-18,53,28,174,194
421,1999,1991-apr-18,119,45,242,155
421,2000,1991-apr-18,98,22,214,480
421,2001,1991-apr-18,69,16,74,85
421,2002,1991-apr-18,132,4,387,598
421,2003,1991-apr-18,41,43,386,123
421,2004,1991-apr-18,143,44,305,324
421,2005,1991-apr-18,20,30,413,91
421,2006,1991-apr-18,11,40,128,14
421,2007,1991-apr-18,39,41,391,154
421,2008,1991-apr-18,9,2,203,27
421,2009,1991-apr-18,122,48,421,540
421,2010,1991-apr-18,71,6,340,248
421,2011,1991-apr-18,121,11,368,426
421,2012,1991-apr-18,72,50,226,93
421,2013,1991-apr-18,86,40,280,191
421,2014,1991-apr-18,46,29,307,201
421,2015,1991-apr-18,125,47,484,546
421,2016,1991-apr-18,77,32,182,109
421,2017,1991-apr-18,38,1,107,153
422,2014,2014-ma-13,18,37,43,23
422,2015,2014-ma-13,118,38,459,430
422,2016,2014-ma-13,16,26,186,53
422,2017,2014-ma-13,150,29,449,420
423,2006,2006-August-10,82,41,277,360
423,2007,2006-August-10,91,45,49,329
423,2008,2006-August-10,45,1,498,85
423,2009,2006-August-10,9,10,225,40
423,2010,2006-August-10,16,33,44,65
423,2011,2006-August-10,106,14,198,488
423,2012,2006-August-10,48,35,386,88
423,2013,2006-August-10,27,2,70,72
423,2014,2006-August-10,160,16,286,677
423,2015,2006-August-10,125,21,47,523
423,2016,2006-August-10,68,20,133,267
423,2017,2006-August-10,53,25,125,187
424,2011,2011-October-20,154,41,91,174
424,2012,2011-October-20,107,45,225,148
424,2013,2011-October-20,33,47,407,99
424,2014,2011-October-20,77,34,347,208
424,2015,2011-October-20,96,32,482,206
424,2016,2011-October-20,121,14,405,165
424,2017,2011-October-20,88,45,92,341
425,2004,2004-March-26,133,3,16,294
425,2005,2004-March-26,83,45,68,120
425,2006,2004-March-26,34,27,128,146
425,2007,2004-March-26,59,40,456,285
425,2008,2004-March-26,19,14,374,74
425,2009,2004-March-26,142,42,492,592
425,2010,2004-March-26,146,47,202,665
425,2011,2004-March-26,54,33,213,78
425,2012,2004-March-26,123,45,116,581
425,2013,2004-March-26,143,47,418,291
425,2014,2004-March-26,12,34,296,23
425,2015,2004-March-26,77,2,82,154
425,2016,2004-March-26,52,13,62,224
425,2017,2004-March-26,118,21,482,572
426,1996,1996-ju-9,146,44,246,263
426,1997,1996-ju-9,66,47,265,259
426,1998,1996-ju-9,25,14,471,81
426,1999,1996-ju-9,92,35,96,379
426,2000,1996-ju-9,39,27,500,189
426,2001,1996-ju-9,11,23,427,39
426,2002,1996-ju-9,10,49,333,40
426,2003,1996-ju-9,101,14,285,451
426,2004,1996-ju-9,58,11,490,74
426,2005,1996-ju-9,74,39,252,248
426,2006,1996-ju-9,98,46,55,198
426,2007,1996-ju-9,126,25,148,268
426,2008,1996-ju-9,66,7,487,107
426,2009,1996-ju-9,74,30,347,151
426,2010,1996-ju-9,160,6,384,789
426,2011,1996-ju-9,28,25,288,35
426,2012,1996-ju-9,48,31,95,66
426,2013,1996-ju-9,112,25,456,528
426,2014,1996-ju-9,99,8,428,483
426,2015,1996-ju-9,61,31,274,92
426,2016,1996-ju-9,109,27,87,170
426,2017,1996-ju-9,81,8,17,90
427,1990,1990-nv-1,133,42,468,328
427,1991,1990-nv-1,66,1,366,123
427,1992,1990-nv-1,102,41,441,136
427,1993,1990-nv-1,145,38,196,381
427,1994,1990-nv-1,97,36,135,237
427,1995,1990-nv-1,110,28,466,389
427,1996,1990-nv-1,114,16,248,424
427,1997,1990-nv-1,97,2,296,133
427,1998,1990-nv-1,65,13,334,128
427,1999,1990-nv-1,103,1,207,399
427,2000,1990-nv-1,38,33,451,100
427,2001,1990-nv-1,110,35,422,255
427,2002,1990-nv-1,23,9,229,88
427,2003,1990-nv-1,81,19,244,403
427,2004,1990-nv-1,14,6,23,53
427,2005,1990-nv-1,84,46,205,154
427,2006,1990-nv-1,27,41,68,126
427,2007,1990-nv-1,42,15,205,160
427,2008,1990-nv-1,87,13,444,190
427,2009,1990-nv-1,13,13,69,45
427,2010,1990-nv-1,156,46,449,547
427,2011,1990-nv-1,144,21,371,359
427,2012,1990-nv-1,38,12,314,144
427,2013,1990-nv-1,102,45,214,390
427,2014,1990-nv-1,135,28,34,390
427,2015,1990-nv-1,109,43,120,217
427,2016,1990-nv-1,19,8,115,19
427,2017,1990-nv-1,17,28,98,51
428,1994,1994-dec-9,66,21,229,174
428,1995,1994-dec-9,131,39,106,562
428,1996,1994-dec-9,154,20,253,705
428,1997,1994-dec-9,126,45,138,516
428,1998,1994-dec-9,55,25,167,88
428,1999,1994-dec-9,114,23,478,360
428,2000,1994-dec-9,68,27,451,262
428,2001,1994-dec-9,107,36,402,157
428,2002,1994-dec-9,46,37,85,134
428,2003,1994-dec-9,17,17,185,83
428,2004,1994-dec-9,95,26,248,248
428,2005,1994-dec-9,137,46,235,159
428,2006,1994-dec-9,156,24,227,337
428,2007,1994-dec-9,62,49,368,121
428,2008,1994-dec-9,19,35,145,54
428,2009,1994-dec-9,155,24,113,494
428,2010,1994-dec-9,28,24,264,103
428,2011,1994-dec-9,93,43,139,324
428,2012,1994-dec-9,8,25,74,13
428,2013,1994-dec-9,84,29,120,221
428,2014,1994-dec-9,14,11,203,23
428,2015,1994-dec-9,102,27,215,422
428,2016,1994-dec-9,69,29,160,309
428,2017,1994-dec-9,144,45,350,477
429,2017,2017-03-18,25,27,48,42
430,1990,1990-March-6,28,47,56,55
430,1991,1990-March-6,44,19,184,118
430,1992,1990-March-6,52,36,450,107
430,1993,1990-March-6,77,42,338,149
430,1994,1990-March-6,14,48,9,56
430,1995,1990-March-6,42,11,498,84
430,1996,1990-March-6,11,36,196,18
430,1997,1990-March-6,157,4,79,703
430,1998,1990-March-6,81,32,315,225
430,1999,1990-March-6,144,42,35,459
430,2000,1990-March-6,30,6,155,122
430,2001,1990-March-6,28,2,186,72
430,2002,1990-March-6,123,8,35,137
430,2003,1990-March-6,98,22,44,229
430,2004,1990-March-6,135,27,7,491
430,2005,1990-March-6,90,18,353,400
430,2006,1990-March-6,54,36,134,255
430,2007,1990-March-6,94,37,60,262
430,2008,1990-March-6,122,10,259,138
430,2009,1990-March-6,139,29,329,442
430,2010,1990-March-6,35,20,241,145
430,2011,1990-March-6,138,22,169,285
430,2012,1990-March-6,72,30,151,204
430,2013,1990-March-6,38,25,274,146
430,2014,1990-March-6,11,35,224,40
430,2015,1990-March-6,88,41,80,386
430,2016,1990-March-6,62,28,72,129
430,2017,1990-March-6,31,49,315,74
431,1991,1991-apr-4,92,41,336,350
431,1992,1991-apr-4,13,28,242,22
431,1993,1991-apr-4,151,50,77,472
431,1994,1991-apr-4,140,28,385,512
431,1995,1991-apr-4,61,37,270,264
431,1996,1991-apr-4,125,38,14,603
431,1997,1991-apr-4,96,38,354,124
431,1998,1991-apr-4,85,1,276,108
431,1999,1991-apr-4,64,9,346,117
431,2000,1991-apr-4,69,37,225,144
431,2001,1991-apr-4,46,2,366,126
431,2002,1991-apr-4,149,24,57,596
431,2003,1991-apr-4,80,41,375,358
431,2004,1991-apr-4,62,49,408,247
431,2005,1991-apr-4,51,2,354,131
431,2006,1991-apr-4,32,48,79,131
431,2007,1991-apr-4,148,42,223,656
431,2008,1991-apr-4,31,44,126,152
431,2009,1991-apr-4,58,35,214,142
431,2010,1991-apr-4,31,13,432,32
431,2011,1991-apr-4,134,41,218,597
431,2012,1991-apr-4,130,29,2,506
431,2013,1991-apr-4,44,26,81,145
431,2014,1991-apr-4,128,8,118,422
431,2015,1991-apr-4,15,12,407,21
431,2016,1991-apr-4,54,4,235,223
431,2017,1991-apr-4,18,8,424,68
432,2012,2012-nv-7,62,5,411,142
432,2013,2012-nv-7,66,23,473,259
432,2014,2012-nv-7,71,26,429,72
432,2015,2012-nv-7,96,16,124,244
432,2016,2012-nv-7,146,16,395,646
432,2017,2012-nv-7,31,34,10,135
433,2017,2017-10-20,60,7,184,91
434,2014,2014-aug-8,105,23,177,354
434,2015,2014-aug-8,101,17,378,308
434,2016,2014-aug-8,42,26,489,44
434,2017,2014-aug-8,70,12,489,95
435,2005,2005-my-5,100,28,111,141
435,2006,2005-my-5,151,19,221,176
435,2007,2005-my-5,111,25,160,169
435,2008,2005-my-5,80,24,166,163
435,2009,2005-my-5,91,34,136,422
435,2010,2005-my-5,121,27,496,560
435,2011,2005-my-5,83,19,220,346
435,2012,2005-my-5,156,23,325,685
435,2013,2005-my-5,77,21,220,385
435,2014,2005-my-5,135,49,74,529
435,2015,2005-my-5,118,46,26,196
435,2016,2005-my-5,23,19,444,29
435,2017,2005-my-5,120,8,289,291
436,2000,2000-November-27,28,33,70,108
436,2001,2000-November-27,17,35,497,51
436,2002,2000-November-27,44,47,246,182
436,2003,2000-November-27,120,26,262,369
436,2004,2000-November-27,57,47,345,128
436,2005,2000-November-27,11,44,129,22
436,2006,2000-November-27,60,50,441,175
436,2007,2000-November-27,80,47,249,127
436,2008,2000-November-27,135,19,262,538
436,2009,2000-November-27,76,30,46,87
436,2010,2000-November-27,108,8,216,534
436,2011,2000-November-27,62,16,385,140
436,2012,2000-November-27,98,28,482,122
436,2013,2000-November-27,136,33,294,173
436,2014,2000-November-27,139,36,200,693
436,2015,2000-November-27,75,25,188,362
436,2016,2000-November-27,150,14,176,297
436,2017,2000-November-27,30,10,46,59
437,2017,2017-jul-11,156,47,177,446
438,2010,2010-August-11,76,38,401,316
438,2011,2010-August-11,105,24,122,361
438,2012,2010-August-11,104,44,452,475
438,2013,2010-August-11,47,2,460,212
438,2014,2010-August-11,31,4,327,114
438,2015,2010-August-11,33,5,111,101
438,2016,2010-August-11,68,21,227,99
438,2017,2010-August-11,97,29,442,464
439,2002,2002-June-19,136,24,330,183
439,2003,2002-June-19,63,22,161,132
439,2004,2002-June-19,76,27,126,166
439,2005,2002-June-19,130,26,414,528
439,2006,2002-June-19,66,37,281,270
439,2007,2002-June-19,158,36,449,197
439,2008,2002-June-19,96,39,165,120
439,2009,2002-June-19,71,3,486,166
439,2010,2002-June-19,116,4,319,559
439,2011,2002-June-19,139,40,7,507
439,2012,2002-June-19,51,9,414,215
439,2013,2002-June-19,91,45,34,445
439,2014,2002-June-19,65,42,128,248
439,2015,2002-June-19,44,3,428,57
439,2016,2002-June-19,76,25,375,369
439,2017,2002-June-19,62,43,170,230
440,1990,1990-September-11,93,24,272,452
440,1991,1990-September-11,149,1,267,471
440,1992,1990-September-11,75,29,166,325
440,1993,1990-September-11,98,44,129,110
440,1994,1990-September-11,87,32,105,172
440,1995,1990-September-11,60,12,437,252
440,1996,1990-September-11,123,17,440,387
440,1997,1990-September-11,19,17,54,39
440,1998,1990-September-11,118,18,435,518
440,1999,1990-September-11,70,33,258,135
440,2000,1990-September-11,119,30,246,588
440,2001,1990-September-11,54,14,267,118
440,2002,1990-September-11,160,35,256,558
440,2003,1990-September-11,30,34,28,94
440,2004,1990-September-11,40,46,187,70
440,2005,1990-September-11,51,39,384,186
440,2006,1990-September-11,96,8,216,201
440,2007,1990-September-11,154,36,433,680
440,2008,1990-September-11,124,41,97,448
440,2009,1990-September-11,62,38,307,72
440,2010,1990-September-11,14,4,278,32
440,2011,1990-September-11,121,50,100,234
440,2012,1990-September-11,48,18,500,219
440,2013,1990-September-11,158,26,283,721
440,2014,1990-September-11,143,41,42,304
440,2015,1990-September-11,130,44,253,551
440,2016,1990-September-11,36,20,162,53
440,2017,1990-September-11,93,2,32,157
441,2005,2005-03-24,72,7,307,290
441,2006,2005-03-24,63,11,59,257
441,2007,2005-03-24,60,8,62,293
441,2008,2005-03-24,75,45,281,343
441,2009,2005-03-24,41,30,401,56
441,2010,2005-03-24,108,23,379,158
441,2011,2005-03-24,81,33,79,393
441,2012,2005-03-24,120,15,64,220
441,2013,2005-03-24,60,40,17,123
441,2014,2005-03-24,156,8,459,733
441,2015,2005-03-24,31,22,37,93
441,2016,2005-03-24,65,37,108,267
441,2017,2005-03-24,92,20,352,277
442,2010,2010-08-18,156,29,140,684
442,2011,2010-08-18,32,18,10,63
442,2012,2010-08-18,148,37,98,316
442,2013,2010-08-18,64,48,58,176
442,2014,2010-08-18,147,10,268,228
442,2015,2010-08-18,129,48,89,292
442,2016,2010-08-18,100,38,5,274
442,2017,2010-08-18,41,14,343,175
443,2010,2010-11-8,140,9,56,383
443,2011,2010-11-8,158,15,31,406
443,2012,2010-11-8,64,40,82,112
443,2013,2010-11-8,72,29,86,237
443,2014,2010-11-8,138,41,132,292
443,2015,2010-11-8,24,49,23,104
443,2016,2010-11-8,12,40,334,53
443,2017,2010-11-8,101,40,199,275
444,2013,2013-ju-24,39,46,323,59
444,2014,2013-ju-24,121,7,76,159
444,2015,2013-ju-24,124,42,43,592
444,2016,2013-ju-24,56,24,402,254
444,2017,2013-ju-24,84,41,231,296
445,2014,2014-07-15,112,20,468,439
445,2015,2014-07-15,123,6,79,544
445,2016,2014-07-15,50,13,28,93
445,2017,2014-07-15,54,11,476,75
446,2000,2000-August-22,98,42,432,354
446,2001,2000-August-22,53,3,449,130
446,2002,2000-August-22,120,13,197,228
446,2003,2000-August-22,121,34,314,281
446,2004,2000-August-22,124,1,326,148
446,2005,2000-August-22,78,31,34,95
446,2006,2000-August-22,26,15,325,130
446,2007,2000-August-22,137,16,368,582
446,2008,2000-August-22,78,35,236,344
446,2009,2000-August-22,85,41,389,255
446,2010,2000-August-22,148,7,136,322
446,2011,2000-August-22,44,25,418,80
446,2012,2000-August-22,17,49,152,84
446,2013,2000-August-22,13,11,478,30
446,2014,2000-August-22,95,37,383,270
446,2015,2000-August-22,132,43,189,415
446,2016,2000-August-22,154,14,412,624
446,2017,2000-August-22,33,46,165,147
447,1995,1995-03-10,99,23,128,194
447,1996,1995-03-10,133,32,10,390
447,1997,1995-03-10,83,39,169,142
447,1998,1995-03-10,91,7,445,171
447,1999,1995-03-10,51,46,65,204
447,2000,1995-03-10,69,40,385,145
447,2001,1995-03-10,9,39,397,38
447,2002,1995-03-10,160,32,337,308
447,2003,1995-03-10,51,32,298,214
447,2004,1995-03-10,73,5,243,130
447,2005,1995-03-10,85,11,335,412
447,2006,1995-03-10,64,10,125,148
447,2007,1995-03-10,150,45,306,199
447,2008,1995-03-10,69,14,415,299
447,2009,1995-03-10,67,40,83,158
447,2010,1995-03-10,136,10,115,172
447,2011,1995-03-10,110,3,55,384
447,2012,1995-03-10,81,27,288,126
447,2013,1995-03-10,98,19,236,125
447,2014,1995-03-10,16,24,196,70
447,2015,1995-03-10,54,22,185,208
447,2016,1995-03-10,140,32,491,513
447,2017,1995-03-10,97,5,329,203
448,2011,2011-September-19,159,42,126,550
448,2012,2011-September-19,10,40,390,25
448,2013,2011-September-19,133,3,38,399
448,2014,2011-September-19,149,34,237,702
448,2015,2011-September-19,66,32,469,191
448,2016,2011-September-19,68,30,458,196
448,2017,2011-September-19,30,16,122,88
449,2017,2017-ag-22,16,39,61,72
450,2005,2005-ag-9,52,10,333,223
450,2006,2005-ag-9,83,33,148,349
450,2007,2005-ag-9,99,17,391,477
450,2008,2005-ag-9,14,47,404,28
450,2009,2005-ag-9,55,46,364,82
450,2010,2005-ag-9,74,48,249,310
450,2011,2005-ag-9,148,48,427,714
450,2012,2005-ag-9,83,29,375,381
450,2013,2005-ag-9,105,50,370,509
450,2014,2005-ag-9,18,7,498,83
450,2015,2005-ag-9,105,15,174,330
450,2016,2005-ag-9,24,26,352,74
450,2017,2005-ag-9,92,17,364,435
451,2004,2004-spt-19,34,14,230,148
451,2005,2004-spt-19,37,26,48,128
451,2006,2004-spt-19,154,36,495,423
451,2007,2004-spt-19,121,2,143,453
451,2008,2004-spt-19,15,31,486,52
451,2009,2004-spt-19,128,1,226,249
451,2010,2004-spt-19,138,37,136,276
451,2011,2004-spt-19,109,5,337,476
451,2012,2004-spt-19,98,19,279,447
451,2013,2004-spt-19,103,29,165,403
451,2014,2004-spt-19,122,9,250,573
451,2015,2004-spt-19,88,2,461,281
451,2016,2004-spt-19,40,50,465,189
451,2017,2004-spt-19,112,37,46,536
452,2009,2009-August-19,41,20,106,194
452,2010,2009-August-19,128,35,78,192
452,2011,2009-August-19,94,20,415,260
452,2012,2009-August-19,53,46,44,254
452,2013,2009-August-19,66,15,40,86
452,2014,2009-August-19,147,46,444,713
452,2015,2009-August-19,19,35,351,84
452,2016,2009-August-19,145,19,405,404
452,2017,2009-August-19,39,7,464,160
453,1992,1992-ju-15,14,14,320,32
453,1993,1992-ju-15,84,3,276,233
453,1994,1992-ju-15,99,33,267,299
453,1995,1992-ju-15,136,18,136,675
453,1996,1992-ju-15,115,16,60,331
453,1997,1992-ju-15,118,39,374,390
453,1998,1992-ju-15,159,8,137,382
453,1999,1992-ju-15,79,28,115,378
453,2000,1992-ju-15,44,48,430,121
453,2001,1992-ju-15,76,15,339,271
453,2002,1992-ju-15,61,38,456,261
453,2003,1992-ju-15,76,43,264,323
453,2004,1992-ju-15,17,5,158,75
453,2005,1992-ju-15,138,46,262,205
453,2006,1992-ju-15,61,44,42,230
453,2007,1992-ju-15,83,11,289,270
453,2008,1992-ju-15,62,42,434,74
453,2009,1992-ju-15,92,1,350,162
453,2010,1992-ju-15,92,46,296,287
453,2011,1992-ju-15,58,5,161,222
453,2012,1992-ju-15,101,14,89,309
453,2013,1992-ju-15,96,3,362,298
453,2014,1992-ju-15,91,20,60,94
453,2015,1992-ju-15,125,25,214,297
453,2016,1992-ju-15,68,15,368,202
453,2017,1992-ju-15,130,32,4,233
454,2009,2009-nov-8,130,34,431,532
454,2010,2009-nov-8,151,25,119,742
454,2011,2009-nov-8,138,24,263,429
454,2012,2009-nov-8,41,1,373,160
454,2013,2009-nov-8,27,3,253,99
454,2014,2009-nov-8,61,17,324,296
454,2015,2009-nov-8,10,39,218,46
454,2016,2009-nov-8,159,4,36,788
454,2017,2009-nov-8,116,49,161,244
455,1991,1991-04-22,112,16,295,232
455,1992,1991-04-22,138,40,295,668
455,1993,1991-04-22,159,49,332,286
455,1994,1991-04-22,81,1,49,257
455,1995,1991-04-22,130,21,95,192
455,1996,1991-04-22,48,6,169,194
455,1997,1991-04-22,96,49,92,446
455,1998,1991-04-22,10,3,219,11
455,1999,1991-04-22,37,47,337,121
455,2000,1991-04-22,40,28,133,58
455,2001,1991-04-22,36,43,82,175
455,2002,1991-04-22,12,45,370,17
455,2003,1991-04-22,94,14,93,364
455,2004,1991-04-22,28,45,223,92
455,2005,1991-04-22,14,21,185,49
455,2006,1991-04-22,20,23,193,72
455,2007,1991-04-22,86,1,141,123
455,2008,1991-04-22,30,45,390,59
455,2009,1991-04-22,159,19,179,163
455,2010,1991-04-22,8,25,462,42
455,2011,1991-04-22,97,11,421,456
455,2012,1991-04-22,90,26,37,317
455,2013,1991-04-22,46,35,189,96
455,2014,1991-04-22,116,27,233,438
455,2015,1991-04-22,63,22,93,253
455,2016,1991-04-22,90,49,458,419
455,2017,1991-04-22,14,50,402,41
456,1995,1995-nv-13,94,26,309,250
456,1996,1995-nv-13,107,24,281,234
456,1997,1995-nv-13,137,17,299,311
456,1998,1995-nv-13,92,11,493,304
456,1999,1995-nv-13,126,49,170,540
456,2000,1995-nv-13,55,34,195,136
456,2001,1995-nv-13,68,13,490,284
456,2002,1995-nv-13,27,31,331,43
456,2003,1995-nv-13,112,8,369,426
456,2004,1995-nv-13,109,44,397,218
456,2005,1995-nv-13,26,27,440,106
456,2006,1995-nv-13,140,14,26,168
456,2007,1995-nv-13,30,1,167,136
456,2008,1995-nv-13,10,37,242,35
456,2009,1995-nv-13,106,45,282,305
456,2010,1995-nv-13,154,41,177,498
456,2011,1995-nv-13,116,33,307,328
456,2012,1995-nv-13,10,22,108,16
456,2013,1995-nv-13,20,26,372,96
456,2014,1995-nv-13,155,40,12,700
456,2015,1995-nv-13,138,40,369,356
456,2016,1995-nv-13,95,6,216,129
456,2017,1995-nv-13,145,46,42,632
457,2013,2013-ag-28,126,20,289,380
457,2014,2013-ag-28,65,25,397,114
457,2015,2013-ag-28,86,36,111,375
457,2016,2013-ag-28,110,32,349,408
457,2017,2013-ag-28,106,47,36,462
458,2005,2005-my-25,58,42,30,65
458,2006,2005-my-25,156,4,3,516
458,2007,2005-my-25,64,48,21,202
458,2008,2005-my-25,24,39,118,27
458,2009,2005-my-25,68,44,74,187
458,2010,2005-my-25,108,9,213,130
458,2011,2005-my-25,84,48,435,205
458,2012,2005-my-25,24,48,108,56
458,2013,2005-my-25,86,9,310,176
458,2014,2005-my-25,66,28,433,281
458,2015,2005-my-25,125,13,237,417
458,2016,2005-my-25,83,32,221,184
458,2017,2005-my-25,131,7,428,363
459,1996,1996-12-28,38,21,408,56
459,1997,1996-12-28,119,49,108,238
459,1998,1996-12-28,57,28,196,168
459,1999,1996-12-28,47,12,202,78
459,2000,1996-12-28,154,13,249,764
459,2001,1996-12-28,37,22,245,78
459,2002,1996-12-28,11,9,355,29
459,2003,1996-12-28,129,18,305,222
459,2004,1996-12-28,141,27,227,229
459,2005,1996-12-28,12,20,456,45
459,2006,1996-12-28,118,12,311,579
459,2007,1996-12-28,100,15,277,394
459,2008,1996-12-28,75,17,285,328
459,2009,1996-12-28,146,38,436,376
459,2010,1996-12-28,20,48,186,71
459,2011,1996-12-28,26,47,75,128
459,2012,1996-12-28,91,40,219,412
459,2013,1996-12-28,123,19,149,393
459,2014,1996-12-28,83,44,461,335
459,2015,1996-12-28,140,14,278,337
459,2016,1996-12-28,108,41,240,438
459,2017,1996-12-28,48,28,359,94
460,2005,2005-03-25,82,28,408,130
460,2006,2005-03-25,146,4,205,429
460,2007,2005-03-25,160,12,202,217
460,2008,2005-03-25,73,47,157,233
460,2009,2005-03-25,81,17,219,342
460,2010,2005-03-25,47,37,212,100
460,2011,2005-03-25,102,18,26,162
460,2012,2005-03-25,116,27,494,212
460,2013,2005-03-25,122,5,111,552
460,2014,2005-03-25,100,33,109,326
460,2015,2005-03-25,67,21,221,260
460,2016,2005-03-25,154,28,289,591
460,2017,2005-03-25,144,26,324,623
461,2013,2013-nov-7,122,47,267,582
461,2014,2013-nov-7,145,39,189,578
461,2015,2013-nov-7,94,17,351,347
461,2016,2013-nov-7,92,18,323,417
461,2017,2013-nov-7,86,28,220,375
462,2011,2011-January-6,62,17,2,115
462,2012,2011-January-6,154,33,331,277
462,2013,2011-January-6,115,25,188,355
462,2014,2011-January-6,72,10,339,276
462,2015,2011-January-6,136,12,400,654
462,2016,2011-January-6,117,32,392,509
462,2017,2011-January-6,124,34,256,314
463,2009,2009-10-4,99,47,183,263
463,2010,2009-10-4,74,14,193,106
463,2011,2009-10-4,81,33,471,330
463,2012,2009-10-4,19,39,227,30
463,2013,2009-10-4,109,30,130,297
463,2014,2009-10-4,141,29,336,483
463,2015,2009-10-4,128,46,119,213
463,2016,2009-10-4,129,39,477,614
463,2017,2009-10-4,85,28,7,177
464,2017,2017-apr-1,32,49,442,39
465,2005,2005-ag-21,118,29,500,456
465,2006,2005-ag-21,94,37,372,278
465,2007,2005-ag-21,74,17,87,153
465,2008,2005-ag-21,152,46,322,224
465,2009,2005-ag-21,12,19,38,53
465,2010,2005-ag-21,59,9,27,103
465,2011,2005-ag-21,16,4,327,33
465,2012,2005-ag-21,146,29,122,299
465,2013,2005-ag-21,26,37,183,109
465,2014,2005-ag-21,9,17,433,12
465,2015,2005-ag-21,110,41,400,203
465,2016,2005-ag-21,100,4,348,481
465,2017,2005-ag-21,30,3,482,103
466,2011,2011-jan-10,116,24,481,287
466,2012,2011-jan-10,42,34,479,205
466,2013,2011-jan-10,119,32,330,250
466,2014,2011-jan-10,143,45,230,486
466,2015,2011-jan-10,33,43,129,150
466,2016,2011-jan-10,136,41,489,578
466,2017,2011-jan-10,38,20,124,117
467,1991,1991-ma-22,41,20,70,154
467,1992,1991-ma-22,24,10,224,69
467,1993,1991-ma-22,70,33,251,182
467,1994,1991-ma-22,30,21,62,122
467,1995,1991-ma-22,75,17,340,230
467,1996,1991-ma-22,91,12,335,400
467,1997,1991-ma-22,18,3,471,89
467,1998,1991-ma-22,76,9,241,145
467,1999,1991-ma-22,109,38,130,331
467,2000,1991-ma-22,159,47,165,395
467,2001,1991-ma-22,145,25,171,223
467,2002,1991-ma-22,14,32,366,15
467,2003,1991-ma-22,127,32,376,163
467,2004,1991-ma-22,73,28,328,146
467,2005,1991-ma-22,42,20,420,207
467,2006,1991-ma-22,155,40,4,373
467,2007,1991-ma-22,151,3,37,706
467,2008,1991-ma-22,68,40,325,121
467,2009,1991-ma-22,143,23,12,399
467,2010,1991-ma-22,94,4,281,302
467,2011,1991-ma-22,28,35,62,70
467,2012,1991-ma-22,110,2,53,124
467,2013,1991-ma-22,134,44,47,187
467,2014,1991-ma-22,65,47,369,123
467,2015,1991-ma-22,13,42,420,45
467,2016,1991-ma-22,119,4,445,454
467,2017,1991-ma-22,138,22,250,171
468,2001,2001-ja-26,153,17,405,668
468,2002,2001-ja-26,147,10,483,628
468,2003,2001-ja-26,33,29,34,68
468,2004,2001-ja-26,86,18,367,186
468,2005,2001-ja-26,89,39,325,93
468,2006,2001-ja-26,152,39,59,429
468,2007,2001-ja-26,137,35,241,172
468,2008,2001-ja-26,100,31,218,112
468,2009,2001-ja-26,95,40,445,476
468,2010,2001-ja-26,30,32,147,115
468,2011,2001-ja-26,127,25,264,381
468,2012,2001-ja-26,30,1,358,101
468,2013,2001-ja-26,65,14,441,296
468,2014,2001-ja-26,155,32,425,335
468,2015,2001-ja-26,143,39,149,669
468,2016,2001-ja-26,12,12,112,36
468,2017,2001-ja-26,144,20,334,717
469,2000,2000-sept-22,91,3,166,380
469,2001,2000-sept-22,88,29,479,159
469,2002,2000-sept-22,93,32,470,346
469,2003,2000-sept-22,78,16,471,341
469,2004,2000-sept-22,78,38,374,91
469,2005,2000-sept-22,31,24,56,42
469,2006,2000-sept-22,34,11,156,91
469,2007,2000-sept-22,77,45,206,124
469,2008,2000-sept-22,92,10,406,370
469,2009,2000-sept-22,94,3,213,365
469,2010,2000-sept-22,160,50,97,546
469,2011,2000-sept-22,91,25,208,142
469,2012,2000-sept-22,59,17,200,202
469,2013,2000-sept-22,77,41,124,325
469,2014,2000-sept-22,26,26,478,86
469,2015,2000-sept-22,91,7,410,315
469,2016,2000-sept-22,15,19,428,17
469,2017,2000-sept-22,154,6,25,279
470,2006,2006-dc-10,29,40,166,86
470,2007,2006-dc-10,123,16,191,205
470,2008,2006-dc-10,154,34,252,502
470,2009,2006-dc-10,110,48,498,297
470,2010,2006-dc-10,69,45,161,167
470,2011,2006-dc-10,110,6,424,426
470,2012,2006-dc-10,86,2,191,128
470,2013,2006-dc-10,10,49,131,25
470,2014,2006-dc-10,157,17,436,763
470,2015,2006-dc-10,63,24,185,158
470,2016,2006-dc-10,143,23,123,422
470,2017,2006-dc-10,83,22,323,236
471,2006,2006-February-14,81,16,375,124
471,2007,2006-February-14,70,35,469,253
471,2008,2006-February-14,71,23,377,187
471,2009,2006-February-14,99,3,328,421
471,2010,2006-February-14,142,50,456,279
471,2011,2006-February-14,140,4,236,335
471,2012,2006-February-14,52,8,202,79
471,2013,2006-February-14,106,29,397,367
471,2014,2006-February-14,52,9,369,123
471,2015,2006-February-14,138,36,327,559
471,2016,2006-February-14,58,28,443,273
471,2017,2006-February-14,112,3,352,400
472,2016,2016-11-4,46,23,50,61
472,2017,2016-11-4,146,46,418,443
473,2001,2001-nv-24,152,12,148,422
473,2002,2001-nv-24,26,19,440,64
473,2003,2001-nv-24,145,20,367,712
473,2004,2001-nv-24,155,20,223,200
473,2005,2001-nv-24,29,23,478,104
473,2006,2001-nv-24,160,32,399,576
473,2007,2001-nv-24,117,45,212,400
473,2008,2001-nv-24,56,41,116,249
473,2009,2001-nv-24,74,46,145,77
473,2010,2001-nv-24,42,19,253,118
473,2011,2001-nv-24,61,21,301,88
473,2012,2001-nv-24,47,4,268,200
473,2013,2001-nv-24,10,17,100,27
473,2014,2001-nv-24,135,39,47,450
473,2015,2001-nv-24,39,5,48,164
473,2016,2001-nv-24,108,18,403,279
473,2017,2001-nv-24,106,45,162,214
474,2005,2005-ma-15,145,45,393,387
474,2006,2005-ma-15,15,45,41,54
474,2007,2005-ma-15,65,1,320,281
474,2008,2005-ma-15,130,5,135,492
474,2009,2005-ma-15,106,30,11,254
474,2010,2005-ma-15,37,47,150,88
474,2011,2005-ma-15,13,27,470,18
474,2012,2005-ma-15,38,13,477,60
474,2013,2005-ma-15,91,50,182,447
474,2014,2005-ma-15,36,15,143,145
474,2015,2005-ma-15,105,23,443,344
474,2016,2005-ma-15,38,44,328,46
474,2017,2005-ma-15,152,30,314,477
475,2004,2004-ap-8,151,27,53,524
475,2005,2004-ap-8,85,22,6,378
475,2006,2004-ap-8,158,30,451,369
475,2007,2004-ap-8,96,36,357,359
475,2008,2004-ap-8,138,3,279,463
475,2009,2004-ap-8,23,14,113,79
475,2010,2004-ap-8,15,6,71,57
475,2011,2004-ap-8,84,30,230,164
475,2012,2004-ap-8,106,47,128,344
475,2013,2004-ap-8,92,26,240,315
475,2014,2004-ap-8,21,32,187,76
475,2015,2004-ap-8,63,39,139,201
475,2016,2004-ap-8,34,3,219,41
475,2017,2004-ap-8,83,50,295,192
476,2005,2005-March-8,99,33,385,152
476,2006,2005-March-8,142,30,57,336
476,2007,2005-March-8,67,43,231,267
476,2008,2005-March-8,135,10,133,306
476,2009,2005-March-8,134,10,68,619
476,2010,2005-March-8,129,32,344,571
476,2011,2005-March-8,122,29,15,193
476,2012,2005-March-8,103,25,223,131
476,2013,2005-March-8,87,45,197,263
476,2014,2005-March-8,20,26,71,95
476,2015,2005-March-8,134,31,341,320
476,2016,2005-March-8,22,50,305,64
476,2017,2005-March-8,116,19,405,321
477,1993,1993-sept-13,155,15,8,394
477,1994,1993-sept-13,103,35,470,336
477,1995,1993-sept-13,59,9,347,177
477,1996,1993-sept-13,108,13,249,432
477,1997,1993-sept-13,128,34,255,131
477,1998,1993-sept-13,103,15,314,339
477,1999,1993-sept-13,67,15,181,232
477,2000,1993-sept-13,15,34,479,48
477,2001,1993-sept-13,81,17,469,204
477,2002,1993-sept-13,52,17,224,114
477,2003,1993-sept-13,99,2,408,112
477,2004,1993-sept-13,116,35,233,562
477,2005,1993-sept-13,11,42,486,52
477,2006,1993-sept-13,32,46,407,128
477,2007,1993-sept-13,120,9,273,321
477,2008,1993-sept-13,76,8,199,269
477,2009,1993-sept-13,148,25,22,694
477,2010,1993-sept-13,155,47,476,591
477,2011,1993-sept-13,53,43,456,250
477,2012,1993-sept-13,24,26,370,81
477,2013,1993-sept-13,49,50,25,57
477,2014,1993-sept-13,91,29,390,381
477,2015,1993-sept-13,94,1,298,426
477,2016,1993-sept-13,132,31,481,452
477,2017,1993-sept-13,33,1,149,123
478,2001,2001-12-10,78,10,95,168
478,2002,2001-12-10,118,30,408,318
478,2003,2001-12-10,13,40,124,34
478,2004,2001-12-10,106,9,11,471
478,2005,2001-12-10,146,16,413,552
478,2006,2001-12-10,91,50,376,303
478,2007,2001-12-10,140,8,116,306
478,2008,2001-12-10,28,19,427,80
478,2009,2001-12-10,35,22,38,120
478,2010,2001-12-10,149,25,417,529
478,2011,2001-12-10,73,40,52,220
478,2012,2001-12-10,41,16,431,94
478,2013,2001-12-10,100,32,338,435
478,2014,2001-12-10,10,40,322,42
478,2015,2001-12-10,50,21,374,70
478,2016,2001-12-10,68,4,242,301
478,2017,2001-12-10,139,30,407,622
479,2006,2006-06-28,29,50,310,30
479,2007,2006-06-28,130,11,92,489
479,2008,2006-06-28,92,21,222,164
479,2009,2006-06-28,67,45,196,293
479,2010,2006-06-28,96,10,279,398
479,2011,2006-06-28,88,40,197,334
479,2012,2006-06-28,78,50,285,228
479,2013,2006-06-28,135,3,313,155
479,2014,2006-06-28,37,15,51,79
479,2015,2006-06-28,80,46,21,252
479,2016,2006-06-28,38,31,378,69
479,2017,2006-06-28,99,9,386,357
480,1997,1997-04-23,151,34,64,383
480,1998,1997-04-23,124,3,345,383
480,1999,1997-04-23,127,24,70,345
480,2000,1997-04-23,117,20,271,229
480,2001,1997-04-23,11,22,186,42
480,2002,1997-04-23,112,47,346,508
480,2003,1997-04-23,69,43,203,314
480,2004,1997-04-23,149,34,155,362
480,2005,1997-04-23,55,35,499,56
480,2006,1997-04-23,132,27,32,200
480,2007,1997-04-23,159,15,184,445
480,2008,1997-04-23,62,11,361,140
480,2009,1997-04-23,139,14,456,531
480,2010,1997-04-23,144,15,6,702
480,2011,1997-04-23,89,40,364,182
480,2012,1997-04-23,26,9,458,33
480,2013,1997-04-23,97,13,246,240
480,2014,1997-04-23,79,50,291,132
480,2015,1997-04-23,109,18,423,405
480,2016,1997-04-23,22,19,337,52
480,2017,1997-04-23,131,34,52,292
481,2010,2010-04-4,104,20,368,482
481,2011,2010-04-4,110,14,99,429
481,2012,2010-04-4,50,16,169,66
481,2013,2010-04-4,158,16,133,688
481,2014,2010-04-4,142,44,153,565
481,2015,2010-04-4,33,49,132,95
481,2016,2010-04-4,10,28,153,21
481,2017,2010-04-4,65,22,333,160
482,2016,2016-April-8,56,15,373,180
482,2017,2016-April-8,11,16,109,28
483,1990,1990-03-17,148,46,59,594
483,1991,1990-03-17,103,32,112,272
483,1992,1990-03-17,44,6,50,157
483,1993,1990-03-17,53,48,44,115
483,1994,1990-03-17,116,43,26,309
483,1995,1990-03-17,104,26,449,493
483,1996,1990-03-17,133,11,323,295
483,1997,1990-03-17,71,34,100,77
483,1998,1990-03-17,134,2,434,560
483,1999,1990-03-17,160,39,304,617
483,2000,1990-03-17,151,34,483,699
483,2001,1990-03-17,122,30,410,216
483,2002,1990-03-17,127,9,270,254
483,2003,1990-03-17,143,15,462,298
483,2004,1990-03-17,132,14,242,198
483,2005,1990-03-17,58,7,498,217
483,2006,1990-03-17,25,23,217,33
483,2007,1990-03-17,67,28,267,217
483,2008,1990-03-17,29,48,380,107
483,2009,1990-03-17,58,11,328,110
483,2010,1990-03-17,9,3,392,18
483,2011,1990-03-17,34,32,235,118
483,2012,1990-03-17,72,34,433,275
483,2013,1990-03-17,122,1,25,477
483,2014,1990-03-17,157,26,306,355
483,2015,1990-03-17,57,35,304,171
483,2016,1990-03-17,15,1,438,36
483,2017,1990-03-17,120,27,136,377
484,1990,1990-jan-19,19,4,471,84
484,1991,1990-jan-19,92,27,196,161
484,1992,1990-jan-19,45,23,353,192
484,1993,1990-jan-19,156,34,96,194
484,1994,1990-jan-19,28,13,252,116
484,1995,1990-jan-19,18,39,301,74
484,1996,1990-jan-19,46,39,74,165
484,1997,1990-jan-19,8,16,154,25
484,1998,1990-jan-19,13,15,379,21
484,1999,1990-jan-19,88,1,249,226
484,2000,1990-jan-19,113,18,178,406
484,2001,1990-jan-19,160,1,29,514
484,2002,1990-jan-19,95,29,356,219
484,2003,1990-jan-19,95,37,344,290
484,2004,1990-jan-19,143,20,136,254
484,2005,1990-jan-19,85,16,322,413
484,2006,1990-jan-19,28,40,7,38
484,2007,1990-jan-19,148,15,336,584
484,2008,1990-jan-19,33,34,261,126
484,2009,1990-jan-19,88,44,241,314
484,2010,1990-jan-19,148,38,63,176
484,2011,1990-jan-19,13,24,321,23
484,2012,1990-jan-19,99,22,369,298
484,2013,1990-jan-19,122,23,121,521
484,2014,1990-jan-19,27,29,313,70
484,2015,1990-jan-19,82,5,135,279
484,2016,1990-jan-19,75,17,260,115
484,2017,1990-jan-19,26,15,482,34
485,2012,2012-nv-18,30,33,377,86
485,2013,2012-nv-18,83,1,315,115
485,2014,2012-nv-18,26,50,231,70
485,2015,2012-nv-18,47,43,395,120
485,2016,2012-nv-18,76,16,261,221
485,2017,2012-nv-18,16,46,8,56
486,2014,2014-dec-19,110,47,454,327
486,2015,2014-dec-19,23,31,53,88
486,2016,2014-dec-19,112,18,324,201
486,2017,2014-dec-19,59,12,89,282
487,1997,1997-jly-10,40,31,301,76
487,1998,1997-jly-10,126,46,78,538
487,1999,1997-jly-10,106,35,225,464
487,2000,1997-jly-10,20,40,132,47
487,2001,1997-jly-10,123,34,77,531
487,2002,1997-jly-10,74,10,364,309
487,2003,1997-jly-10,30,27,71,44
487,2004,1997-jly-10,102,10,239,241
487,2005,1997-jly-10,152,8,136,504
487,2006,1997-jly-10,106,4,315,174
487,2007,1997-jly-10,74,34,6,330
487,2008,1997-jly-10,86,42,124,309
487,2009,1997-jly-10,124,11,412,395
487,2010,1997-jly-10,95,41,117,387
487,2011,1997-jly-10,127,42,183,249
487,2012,1997-jly-10,55,37,19,91
487,2013,1997-jly-10,150,17,57,730
487,2014,1997-jly-10,18,2,113,74
487,2015,1997-jly-10,145,43,402,625
487,2016,1997-jly-10,126,9,57,470
487,2017,1997-jly-10,131,25,143,506
488,1993,1993-November-21,150,45,34,710
488,1994,1993-November-21,146,26,216,168
488,1995,1993-November-21,99,1,468,286
488,1996,1993-November-21,40,36,266,104
488,1997,1993-November-21,121,29,277,124
488,1998,1993-November-21,20,27,248,86
488,1999,1993-November-21,103,35,479,434
488,2000,1993-November-21,20,9,142,39
488,2001,1993-November-21,39,26,95,141
488,2002,1993-November-21,87,45,273,170
488,2003,1993-November-21,30,50,87,142
488,2004,1993-November-21,140,37,138,408
488,2005,1993-November-21,11,37,171,57
488,2006,1993-November-21,77,35,162,129
488,2007,1993-November-21,40,9,411,134
488,2008,1993-November-21,127,25,98,531
488,2009,1993-November-21,159,19,370,257
488,2010,1993-November-21,127,31,243,322
488,2011,1993-November-21,91,25,244,395
488,2012,1993-November-21,134,41,143,579
488,2013,1993-November-21,11,34,92,31
488,2014,1993-November-21,138,40,365,303
488,2015,1993-November-21,122,49,85,169
488,2016,1993-November-21,71,24,67,225
488,2017,1993-November-21,98,32,364,450
489,2011,2011-10-25,40,49,343,41
489,2012,2011-10-25,104,43,284,141
489,2013,2011-10-25,82,18,328,258
489,2014,2011-10-25,21,37,357,29
489,2015,2011-10-25,99,36,141,122
489,2016,2011-10-25,147,44,380,658
489,2017,2011-10-25,112,45,50,148
490,1993,1993-dec-8,50,44,183,94
490,1994,1993-dec-8,48,33,114,59
490,1995,1993-dec-8,18,19,325,31
490,1996,1993-dec-8,98,41,203,180
490,1997,1993-dec-8,75,48,371,258
490,1998,1993-dec-8,121,36,69,264
490,1999,1993-dec-8,38,46,55,181
490,2000,1993-dec-8,119,43,119,522
490,2001,1993-dec-8,60,5,188,214
490,2002,1993-dec-8,56,30,383,228
490,2003,1993-dec-8,95,17,477,331
490,2004,1993-dec-8,74,4,355,168
490,2005,1993-dec-8,99,15,367,444
490,2006,1993-dec-8,74,13,203,177
490,2007,1993-dec-8,27,16,480,49
490,2008,1993-dec-8,114,32,81,498
490,2009,1993-dec-8,43,46,328,104
490,2010,1993-dec-8,38,24,313,165
490,2011,1993-dec-8,109,30,183,185
490,2012,1993-dec-8,82,45,484,319
490,2013,1993-dec-8,26,39,429,34
490,2014,1993-dec-8,154,1,373,452
490,2015,1993-dec-8,20,19,497,52
490,2016,1993-dec-8,144,32,68,573
490,2017,1993-dec-8,120,29,487,446
491,2014,2014-oc-3,98,33,127,372
491,2015,2014-oc-3,33,49,4,96
491,2016,2014-oc-3,73,7,273,155
491,2017,2014-oc-3,78,21,496,160
492,1995,1995-06-11,91,21,315,422
492,1996,1995-06-11,153,3,393,391
492,1997,1995-06-11,51,48,301,119
492,1998,1995-06-11,101,32,478,148
492,1999,1995-06-11,149,5,270,369
492,2000,1995-06-11,106,2,148,485
492,2001,1995-06-11,54,25,260,111
492,2002,1995-06-11,52,33,194,109
492,2003,1995-06-11,157,8,30,391
492,2004,1995-06-11,56,10,204,225
492,2005,1995-06-11,95,15,244,313
492,2006,1995-06-11,142,37,279,636
492,2007,1995-06-11,146,39,197,335
492,2008,1995-06-11,114,46,120,362
492,2009,1995-06-11,134,33,50,509
492,2010,1995-06-11,144,23,256,331
492,2011,1995-06-11,68,24,467,134
492,2012,1995-06-11,83,21,411,212
492,2013,1995-06-11,12,7,286,30
492,2014,1995-06-11,25,48,147,81
492,2015,1995-06-11,116,8,437,354
492,2016,1995-06-11,94,26,220,467
492,2017,1995-06-11,18,20,120,31
493,2014,2014-nov-16,43,9,183,136
493,2015,2014-nov-16,136,9,84,338
493,2016,2014-nov-16,115,25,119,468
493,2017,2014-nov-16,135,47,105,245
494,2000,2000-jan-24,20,29,345,57
494,2001,2000-jan-24,158,43,449,286
494,2002,2000-jan-24,56,31,295,88
494,2003,2000-jan-24,122,49,59,201
494,2004,2000-jan-24,61,31,404,188
494,2005,2000-jan-24,64,35,372,210
494,2006,2000-jan-24,141,46,229,630
494,2007,2000-jan-24,146,44,416,507
494,2008,2000-jan-24,124,28,178,323
494,2009,2000-jan-24,154,34,459,372
494,2010,2000-jan-24,125,40,314,380
494,2011,2000-jan-24,50,35,292,209
494,2012,2000-jan-24,64,15,272,116
494,2013,2000-jan-24,153,36,324,362
494,2014,2000-jan-24,113,4,258,463
494,2015,2000-jan-24,103,17,348,463
494,2016,2000-jan-24,16,2,132,31
494,2017,2000-jan-24,33,10,473,44
495,2002,2002-sept-27,45,50,218,130
495,2003,2002-sept-27,45,3,456,152
495,2004,2002-sept-27,153,6,165,213
495,2005,2002-sept-27,154,29,322,540
495,2006,2002-sept-27,158,13,263,258
495,2007,2002-sept-27,34,39,209,87
495,2008,2002-sept-27,86,23,280,98
495,2009,2002-sept-27,119,35,464,394
495,2010,2002-sept-27,151,29,496,671
495,2011,2002-sept-27,38,49,488,187
495,2012,2002-sept-27,80,30,240,269
495,2013,2002-sept-27,21,15,124,87
495,2014,2002-sept-27,146,27,66,620
495,2015,2002-sept-27,68,22,181,173
495,2016,2002-sept-27,155,46,376,512
495,2017,2002-sept-27,102,31,225,130
496,2003,2003-sept-15,24,46,155,36
496,2004,2003-sept-15,34,38,31,100
496,2005,2003-sept-15,46,25,285,147
496,2006,2003-sept-15,26,28,64,88
496,2007,2003-sept-15,31,22,417,90
496,2008,2003-sept-15,113,28,24,115
496,2009,2003-sept-15,73,14,154,102
496,2010,2003-sept-15,68,16,322,112
496,2011,2003-sept-15,74,14,426,238
496,2012,2003-sept-15,109,44,455,441
496,2013,2003-sept-15,124,48,315,605
496,2014,2003-sept-15,77,37,393,223
496,2015,2003-sept-15,24,37,57,54
496,2016,2003-sept-15,53,17,42,122
496,2017,2003-sept-15,68,25,396,202
497,2004,2004-November-22,121,37,430,236
497,2005,2004-November-22,149,4,169,236
497,2006,2004-November-22,110,41,417,128
497,2007,2004-November-22,100,8,292,329
497,2008,2004-November-22,139,42,205,573
497,2009,2004-November-22,76,48,420,189
497,2010,2004-November-22,35,39,387,113
497,2011,2004-November-22,135,17,44,298
497,2012,2004-November-22,115,21,396,450
497,2013,2004-November-22,101,50,354,415
497,2014,2004-November-22,115,36,468,551
497,2015,2004-November-22,128,10,118,532
497,2016,2004-November-22,62,16,144,249
497,2017,2004-November-22,22,20,267,60
498,2010,2010-05-28,88,38,427,364
498,2011,2010-05-28,66,18,49,173
498,2012,2010-05-28,78,40,412,357
498,2013,2010-05-28,84,16,416,188
498,2014,2010-05-28,22,31,63,47
498,2015,2010-05-28,115,14,216,476
498,2016,2010-05-28,128,49,96,410
498,2017,2010-05-28,30,17,346,135
499,2013,2013-apr-20,150,37,303,610
499,2014,2013-apr-20,21,40,308,65
499,2015,2013-apr-20,59,45,173,100
499,2016,2013-apr-20,100,2,312,459
499,2017,2013-apr-20,91,24,117,425
500,1996,1996-May-3,82,45,446,280
500,1997,1996-May-3,11,25,275,41
500,1998,1996-May-3,62,2,319,72
500,1999,1996-May-3,112,23,270,530
500,2000,1996-May-3,72,47,297,74
500,2001,1996-May-3,50,20,143,186
500,2002,1996-May-3,103,23,19,402
500,2003,1996-May-3,77,17,188,311
500,2004,1996-May-3,136,35,261,211
500,2005,1996-May-3,120,46,203,531
500,2006,1996-May-3,106,20,392,302
500,2007,1996-May-3,60,35,119,122
500,2008,1996-May-3,142,40,79,574
500,2009,1996-May-3,139,38,251,346
500,2010,1996-May-3,39,24,480,123
500,2011,1996-May-3,154,43,277,673
500,2012,1996-May-3,119,49,11,460
500,2013,1996-May-3,25,26,291,77
500,2014,1996-May-3,37,31,355,166
500,2015,1996-May-3,109,31,131,390
500,2016,1996-May-3,106,29,142,281
500,2017,1996-May-3,137,4,136,557
501,2005,2005-January-22,13,8,11,31
501,2006,2005-January-22,152,15,123,200
501,2007,2005-January-22,48,37,13,154
501,2008,2005-January-22,99,21,87,430
501,2009,2005-January-22,123,22,237,296
501,2010,2005-January-22,9,38,267,46
501,2011,2005-January-22,49,1,129,68
501,2012,2005-January-22,97,3,341,466
501,2013,2005-January-22,20,37,263,94
501,2014,2005-January-22,98,30,458,473
501,2015,2005-January-22,64,14,214,77
501,2016,2005-January-22,68,8,15,235
501,2017,2005-January-22,14,24,432,66
502,2016,2016-04-17,67,35,367,320
502,2017,2016-04-17,53,46,500,212
503,2004,2004-sept-4,103,46,150,259
503,2005,2004-sept-4,12,21,229,42
503,2006,2004-sept-4,121,24,287,239
503,2007,2004-sept-4,91,41,281,379
503,2008,2004-sept-4,94,39,151,312
503,2009,2004-sept-4,84,43,312,196
503,2010,2004-sept-4,26,14,97,100
503,2011,2004-sept-4,40,48,450,163
503,2012,2004-sept-4,77,43,37,215
503,2013,2004-sept-4,45,34,428,46
503,2014,2004-sept-4,99,18,105,167
503,2015,2004-sept-4,48,5,189,73
503,2016,2004-sept-4,47,19,436,184
503,2017,2004-sept-4,101,23,382,331
504,2001,2001-April-20,152,30,116,312
504,2002,2001-April-20,132,39,71,416
504,2003,2001-April-20,155,50,195,681
504,2004,2001-April-20,83,25,267,388
504,2005,2001-April-20,159,23,98,216
504,2006,2001-April-20,77,5,22,79
504,2007,2001-April-20,15,29,457,75
504,2008,2001-April-20,114,44,254,545
504,2009,2001-April-20,126,23,411,235
504,2010,2001-April-20,29,13,338,134
504,2011,2001-April-20,132,18,48,538
504,2012,2001-April-20,104,26,500,369
504,2013,2001-April-20,109,35,165,237
504,2014,2001-April-20,128,34,45,164
504,2015,2001-April-20,125,48,231,460
504,2016,2001-April-20,15,44,134,56
504,2017,2001-April-20,46,39,189,77
505,1992,1992-apr-26,152,16,7,590
505,1993,1992-apr-26,100,36,206,127
505,1994,1992-apr-26,127,32,431,355
505,1995,1992-apr-26,132,49,261,489
505,1996,1992-apr-26,51,16,7,242
505,1997,1992-apr-26,14,18,199,44
505,1998,1992-apr-26,61,10,386,214
505,1999,1992-apr-26,119,50,237,572
505,2000,1992-apr-26,138,17,379,345
505,2001,1992-apr-26,38,43,150,43
505,2002,1992-apr-26,77,21,182,92
505,2003,1992-apr-26,16,35,389,42
505,2004,1992-apr-26,88,30,87,292
505,2005,1992-apr-26,46,18,141,200
505,2006,1992-apr-26,77,2,268,236
505,2007,1992-apr-26,149,27,60,260
505,2008,1992-apr-26,66,32,252,266
505,2009,1992-apr-26,160,33,353,622
505,2010,1992-apr-26,75,37,64,317
505,2011,1992-apr-26,22,3,47,102
505,2012,1992-apr-26,44,26,310,115
505,2013,1992-apr-26,93,40,239,440
505,2014,1992-apr-26,129,20,205,302
505,2015,1992-apr-26,135,44,129,306
505,2016,1992-apr-26,38,5,291,158
505,2017,1992-apr-26,50,28,266,153
506,2016,2016-sp-7,16,50,172,42
506,2017,2016-sp-7,38,11,11,110
507,1998,1998-November-16,18,13,309,19
507,1999,1998-November-16,42,25,161,130
507,2000,1998-November-16,68,19,230,100
507,2001,1998-November-16,58,25,491,123
507,2002,1998-November-16,88,6,374,111
507,2003,1998-November-16,66,19,36,128
507,2004,1998-November-16,61,1,201,224
507,2005,1998-November-16,33,13,414,137
507,2006,1998-November-16,21,35,330,40
507,2007,1998-November-16,92,1,283,430
507,2008,1998-November-16,54,42,223,132
507,2009,1998-November-16,143,15,246,212
507,2010,1998-November-16,65,3,486,322
507,2011,1998-November-16,137,13,211,227
507,2012,1998-November-16,85,42,307,301
507,2013,1998-November-16,121,33,96,488
507,2014,1998-November-16,140,41,255,606
507,2015,1998-November-16,75,9,328,78
507,2016,1998-November-16,148,19,321,608
507,2017,1998-November-16,16,20,264,24
508,1994,1994-nov-15,149,32,181,318
508,1995,1994-nov-15,70,35,231,142
508,1996,1994-nov-15,155,24,447,451
508,1997,1994-nov-15,103,47,316,501
508,1998,1994-nov-15,11,3,256,34
508,1999,1994-nov-15,54,4,320,236
508,2000,1994-nov-15,16,39,349,20
508,2001,1994-nov-15,101,38,12,282
508,2002,1994-nov-15,68,48,89,307
508,2003,1994-nov-15,160,36,322,440
508,2004,1994-nov-15,31,7,20,56
508,2005,1994-nov-15,78,33,203,153
508,2006,1994-nov-15,31,38,257,143
508,2007,1994-nov-15,26,35,126,38
508,2008,1994-nov-15,86,11,397,372
508,2009,1994-nov-15,54,27,210,245
508,2010,1994-nov-15,86,41,74,231
508,2011,1994-nov-15,140,4,492,566
508,2012,1994-nov-15,34,50,420,74
508,2013,1994-nov-15,46,38,382,146
508,2014,1994-nov-15,87,45,173,177
508,2015,1994-nov-15,98,3,122,173
508,2016,1994-nov-15,128,41,370,265
508,2017,1994-nov-15,75,18,356,330
509,2014,2014-07-14,34,47,236,115
509,2015,2014-07-14,88,23,312,330
509,2016,2014-07-14,94,38,324,252
509,2017,2014-07-14,46,22,21,51
510,2009,2009-my-1,122,19,202,596
510,2010,2009-my-1,19,23,263,85
510,2011,2009-my-1,54,32,84,109
510,2012,2009-my-1,76,18,383,111
510,2013,2009-my-1,99,46,108,408
510,2014,2009-my-1,81,41,240,246
510,2015,2009-my-1,108,49,32,352
510,2016,2009-my-1,8,15,25,31
510,2017,2009-my-1,156,40,393,186
511,1997,1997-December-2,63,42,146,70
511,1998,1997-December-2,40,32,187,112
511,1999,1997-December-2,132,11,7,404
511,2000,1997-December-2,49,34,156,106
511,2001,1997-December-2,84,6,438,390
511,2002,1997-December-2,140,7,296,440
511,2003,1997-December-2,35,45,334,139
511,2004,1997-December-2,92,10,107,371
511,2005,1997-December-2,84,14,163,406
511,2006,1997-December-2,111,42,350,413
511,2007,1997-December-2,124,19,203,532
511,2008,1997-December-2,77,50,93,161
511,2009,1997-December-2,69,3,413,233
511,2010,1997-December-2,119,21,247,201
511,2011,1997-December-2,158,41,373,312
511,2012,1997-December-2,94,10,327,150
511,2013,1997-December-2,126,8,369,256
511,2014,1997-December-2,122,42,60,581
511,2015,1997-December-2,47,37,194,59
511,2016,1997-December-2,31,19,349,122
511,2017,1997-December-2,54,11,71,192
512,2017,2017-11-12,16,34,22,29
513,1991,1991-04-19,148,32,318,663
513,1992,1991-04-19,43,37,182,126
513,1993,1991-04-19,48,12,241,123
513,1994,1991-04-19,144,20,234,583
513,1995,1991-04-19,11,13,317,31
513,1996,1991-04-19,38,39,196,126
513,1997,1991-04-19,135,32,323,616
513,1998,1991-04-19,86,29,396,409
513,1999,1991-04-19,12,49,285,51
513,2000,1991-04-19,31,12,418,82
513,2001,1991-04-19,8,48,378,9
513,2002,1991-04-19,60,26,284,208
513,2003,1991-04-19,98,21,496,316
513,2004,1991-04-19,105,2,451,201
513,2005,1991-04-19,128,1,103,466
513,2006,1991-04-19,106,48,439,295
513,2007,1991-04-19,21,33,427,23
513,2008,1991-04-19,120,10,499,284
513,2009,1991-04-19,57,19,187,67
513,2010,1991-04-19,34,38,431,36
513,2011,1991-04-19,46,32,377,184
513,2012,1991-04-19,46,43,48,155
513,2013,1991-04-19,54,15,27,116
513,2014,1991-04-19,89,1,66,97
513,2015,1991-04-19,149,9,135,717
513,2016,1991-04-19,150,6,39,302
513,2017,1991-04-19,64,9,293,316
514,2013,2013-ja-22,135,35,104,256
514,2014,2013-ja-22,125,45,157,384
514,2015,2013-ja-22,14,37,277,27
514,2016,2013-ja-22,49,25,424,202
514,2017,2013-ja-22,64,35,493,271
515,1995,1995-dec-22,78,49,282,207
515,1996,1995-dec-22,101,45,478,179
515,1997,1995-dec-22,126,37,244,349
515,1998,1995-dec-22,156,46,16,474
515,1999,1995-dec-22,144,38,390,193
515,2000,1995-dec-22,75,24,271,333
515,2001,1995-dec-22,40,11,412,100
515,2002,1995-dec-22,44,18,479,138
515,2003,1995-dec-22,157,16,293,742
515,2004,1995-dec-22,27,10,18,52
515,2005,1995-dec-22,159,33,427,765
515,2006,1995-dec-22,74,11,483,240
515,2007,1995-dec-22,37,18,118,55
515,2008,1995-dec-22,16,23,265,51
515,2009,1995-dec-22,40,31,65,87
515,2010,1995-dec-22,79,10,146,140
515,2011,1995-dec-22,14,45,302,54
515,2012,1995-dec-22,134,39,28,638
515,2013,1995-dec-22,48,6,438,135
515,2014,1995-dec-22,21,6,312,88
515,2015,1995-dec-22,115,39,409,461
515,2016,1995-dec-22,133,7,469,329
515,2017,1995-dec-22,81,45,471,332
516,1990,1990-jul-3,152,33,471,299
516,1991,1990-jul-3,79,40,141,249
516,1992,1990-jul-3,58,47,59,246
516,1993,1990-jul-3,34,15,357,115
516,1994,1990-jul-3,77,12,52,111
516,1995,1990-jul-3,53,7,329,154
516,1996,1990-jul-3,101,34,455,143
516,1997,1990-jul-3,16,26,22,49
516,1998,1990-jul-3,150,32,190,741
516,1999,1990-jul-3,49,8,235,118
516,2000,1990-jul-3,30,14,459,55
516,2001,1990-jul-3,71,20,299,154
516,2002,1990-jul-3,97,4,387,342
516,2003,1990-jul-3,60,20,351,237
516,2004,1990-jul-3,154,28,406,544
516,2005,1990-jul-3,36,27,87,96
516,2006,1990-jul-3,59,14,338,180
516,2007,1990-jul-3,127,43,496,238
516,2008,1990-jul-3,53,7,441,173
516,2009,1990-jul-3,141,7,439,165
516,2010,1990-jul-3,34,36,153,157
516,2011,1990-jul-3,79,50,33,172
516,2012,1990-jul-3,73,23,53,84
516,2013,1990-jul-3,65,37,385,219
516,2014,1990-jul-3,154,41,467,735
516,2015,1990-jul-3,69,20,309,247
516,2016,1990-jul-3,34,41,336,93
516,2017,1990-jul-3,60,1,70,168
517,2007,2007-apr-23,50,27,208,132
517,2008,2007-apr-23,89,20,364,219
517,2009,2007-apr-23,157,23,37,160
517,2010,2007-apr-23,142,12,138,260
517,2011,2007-apr-23,54,4,124,138
517,2012,2007-apr-23,35,10,362,56
517,2013,2007-apr-23,130,49,414,569
517,2014,2007-apr-23,119,4,134,398
517,2015,2007-apr-23,40,31,452,101
517,2016,2007-apr-23,142,14,263,513
517,2017,2007-apr-23,92,36,442,133
518,2012,2012-November-23,25,41,326,85
518,2013,2012-November-23,14,1,126,27
518,2014,2012-November-23,25,16,115,87
518,2015,2012-November-23,19,41,111,21
518,2016,2012-November-23,86,42,5,332
518,2017,2012-November-23,89,35,398,391
519,2012,2012-ap-7,144,15,176,302
519,2013,2012-ap-7,75,44,41,342
519,2014,2012-ap-7,127,2,211,403
519,2015,2012-ap-7,70,48,116,242
519,2016,2012-ap-7,84,20,411,315
519,2017,2012-ap-7,99,5,196,379
520,1998,1998-dec-2,57,16,354,66
520,1999,1998-dec-2,129,44,41,178
520,2000,1998-dec-2,124,37,24,569
520,2001,1998-dec-2,51,27,424,201
520,2002,1998-dec-2,128,43,89,351
520,2003,1998-dec-2,24,31,252,44
520,2004,1998-dec-2,44,26,230,97
520,2005,1998-dec-2,139,15,198,286
520,2006,1998-dec-2,92,7,182,305
520,2007,1998-dec-2,74,32,57,338
520,2008,1998-dec-2,66,45,140,303
520,2009,1998-dec-2,18,37,401,64
520,2010,1998-dec-2,36,33,283,158
520,2011,1998-dec-2,152,36,496,286
520,2012,1998-dec-2,20,18,269,72
520,2013,1998-dec-2,17,9,160,34
520,2014,1998-dec-2,35,48,370,168
520,2015,1998-dec-2,40,4,182,68
520,2016,1998-dec-2,88,9,43,400
520,2017,1998-dec-2,10,22,10,14
521,2008,2008-08-12,120,45,195,480
521,2009,2008-08-12,12,25,411,13
521,2010,2008-08-12,92,21,4,159
521,2011,2008-08-12,70,49,328,71
521,2012,2008-08-12,153,14,117,308
521,2013,2008-08-12,27,46,235,96
521,2014,2008-08-12,9,48,415,29
521,2015,2008-08-12,149,14,77,443
521,2016,2008-08-12,40,11,244,156
521,2017,2008-08-12,22,36,294,39
522,1994,1994-apr-2,87,20,127,113
522,1995,1994-apr-2,150,41,378,621
522,1996,1994-apr-2,78,29,64,107
522,1997,1994-apr-2,103,39,305,290
522,1998,1994-apr-2,65,13,468,152
522,1999,1994-apr-2,155,24,376,220
522,2000,1994-apr-2,44,36,449,197
522,2001,1994-apr-2,60,36,141,75
522,2002,1994-apr-2,81,25,143,383
522,2003,1994-apr-2,57,14,374,262
522,2004,1994-apr-2,155,24,85,527
522,2005,1994-apr-2,35,37,61,144
522,2006,1994-apr-2,14,6,12,39
522,2007,1994-apr-2,83,24,58,289
522,2008,1994-apr-2,109,44,170,140
522,2009,1994-apr-2,113,32,75,248
522,2010,1994-apr-2,149,10,482,517
522,2011,1994-apr-2,45,41,449,157
522,2012,1994-apr-2,21,23,498,90
522,2013,1994-apr-2,25,26,301,31
522,2014,1994-apr-2,41,28,356,151
522,2015,1994-apr-2,39,15,23,104
522,2016,1994-apr-2,64,35,444,305
522,2017,1994-apr-2,83,1,253,121
523,2001,2001-12-6,55,44,150,181
523,2002,2001-12-6,81,11,238,246
523,2003,2001-12-6,41,36,238,138
523,2004,2001-12-6,144,14,416,184
523,2005,2001-12-6,14,35,146,38
523,2006,2001-12-6,127,41,287,263
523,2007,2001-12-6,107,23,320,202
523,2008,2001-12-6,18,12,118,58
523,2009,2001-12-6,125,40,281,433
523,2010,2001-12-6,125,42,461,210
523,2011,2001-12-6,149,19,218,639
523,2012,2001-12-6,52,5,15,223
523,2013,2001-12-6,33,9,266,110
523,2014,2001-12-6,61,11,117,110
523,2015,2001-12-6,147,46,375,445
523,2016,2001-12-6,158,12,35,673
523,2017,2001-12-6,53,21,201,163
524,2001,2001-dec-11,146,45,90,371
524,2002,2001-dec-11,142,34,377,330
524,2003,2001-dec-11,87,19,238,278
524,2004,2001-dec-11,33,4,126,54
524,2005,2001-dec-11,73,48,293,217
524,2006,2001-dec-11,138,21,99,471
524,2007,2001-dec-11,80,37,20,189
524,2008,2001-dec-11,156,11,485,641
524,2009,2001-dec-11,119,1,316,233
524,2010,2001-dec-11,85,20,428,179
524,2011,2001-dec-11,102,37,221,340
524,2012,2001-dec-11,78,28,260,254
524,2013,2001-dec-11,141,38,209,372
524,2014,2001-dec-11,129,49,438,367
524,2015,2001-dec-11,78,32,41,233
524,2016,2001-dec-11,12,18,126,41
524,2017,2001-dec-11,12,7,238,36
525,2008,2008-July-21,87,24,182,312
525,2009,2008-July-21,114,39,276,564
525,2010,2008-July-21,27,31,125,124
525,2011,2008-July-21,140,24,112,586
525,2012,2008-July-21,32,14,465,102
525,2013,2008-July-21,90,33,91,318
525,2014,2008-July-21,139,37,1,157
525,2015,2008-July-21,43,3,335,133
525,2016,2008-July-21,80,18,109,330
525,2017,2008-July-21,151,1,454,484
526,1997,1997-ap-21,52,5,81,189
526,1998,1997-ap-21,38,19,279,145
526,1999,1997-ap-21,29,44,106,91
526,2000,1997-ap-21,87,2,333,270
526,2001,1997-ap-21,77,49,454,253
526,2002,1997-ap-21,63,44,9,298
526,2003,1997-ap-21,83,42,332,253
526,2004,1997-ap-21,9,14,157,36
526,2005,1997-ap-21,158,13,283,741
526,2006,1997-ap-21,108,10,103,247
526,2007,1997-ap-21,157,8,427,285
526,2008,1997-ap-21,143,13,494,687
526,2009,1997-ap-21,93,30,169,404
526,2010,1997-ap-21,131,25,63,375
526,2011,1997-ap-21,111,37,33,202
526,2012,1997-ap-21,14,42,298,52
526,2013,1997-ap-21,92,36,349,176
526,2014,1997-ap-21,127,24,148,621
526,2015,1997-ap-21,95,29,3,408
526,2016,1997-ap-21,44,3,467,117
526,2017,1997-ap-21,153,8,387,358
527,1999,1999-sp-1,67,25,259,236
527,2000,1999-sp-1,15,19,140,35
527,2001,1999-sp-1,75,33,408,346
527,2002,1999-sp-1,74,27,361,305
527,2003,1999-sp-1,147,21,375,539
527,2004,1999-sp-1,19,30,312,30
527,2005,1999-sp-1,59,48,377,281
527,2006,1999-sp-1,37,28,429,40
527,2007,1999-sp-1,132,42,384,320
527,2008,1999-sp-1,34,23,266,141
527,2009,1999-sp-1,38,18,144,96
527,2010,1999-sp-1,124,1,216,318
527,2011,1999-sp-1,50,8,461,138
527,2012,1999-sp-1,33,17,17,72
527,2013,1999-sp-1,28,8,62,125
527,2014,1999-sp-1,149,41,65,353
527,2015,1999-sp-1,107,48,291,460
527,2016,1999-sp-1,10,17,220,39
527,2017,1999-sp-1,9,12,485,12
528,1993,1993-November-3,71,35,5,219
528,1994,1993-November-3,138,36,101,605
528,1995,1993-November-3,75,15,481,81
528,1996,1993-November-3,110,11,303,334
528,1997,1993-November-3,35,33,303,42
528,1998,1993-November-3,130,40,298,137
528,1999,1993-November-3,149,33,428,505
528,2000,1993-November-3,160,4,31,695
528,2001,1993-November-3,160,38,33,376
528,2002,1993-November-3,117,29,407,206
528,2003,1993-November-3,118,6,57,480
528,2004,1993-November-3,116,15,279,526
528,2005,1993-November-3,80,41,189,171
528,2006,1993-November-3,63,36,158,227
528,2007,1993-November-3,92,37,89,117
528,2008,1993-November-3,12,29,147,24
528,2009,1993-November-3,118,26,26,234
528,2010,1993-November-3,99,41,447,138
528,2011,1993-November-3,85,6,167,257
528,2012,1993-November-3,24,32,420,69
528,2013,1993-November-3,117,3,362,138
528,2014,1993-November-3,57,21,348,276
528,2015,1993-November-3,52,28,63,66
528,2016,1993-November-3,107,36,388,424
528,2017,1993-November-3,74,14,369,340
529,1993,1993-10-25,121,5,250,227
529,1994,1993-10-25,78,47,17,78
529,1995,1993-10-25,45,13,275,56
529,1996,1993-10-25,85,48,208,406
529,1997,1993-10-25,135,26,196,570
529,1998,1993-10-25,28,32,70,72
529,1999,1993-10-25,131,47,129,230
529,2000,1993-10-25,58,4,476,149
529,2001,1993-10-25,89,40,272,194
529,2002,1993-10-25,81,40,330,266
529,2003,1993-10-25,61,41,157,279
529,2004,1993-10-25,108,27,329,468
529,2005,1993-10-25,36,47,484,40
529,2006,1993-10-25,43,44,152,71
529,2007,1993-10-25,116,47,433,514
529,2008,1993-10-25,52,3,243,234
529,2009,1993-10-25,88,24,406,396
529,2010,1993-10-25,48,48,285,52
529,2011,1993-10-25,114,15,481,462
529,2012,1993-10-25,53,17,132,103
529,2013,1993-10-25,122,24,111,239
529,2014,1993-10-25,17,27,379,28
529,2015,1993-10-25,54,39,6,136
529,2016,1993-10-25,51,42,74,80
529,2017,1993-10-25,126,23,166,502
530,1999,1999-11-26,95,45,271,469
530,2000,1999-11-26,73,36,417,178
530,2001,1999-11-26,95,16,168,333
530,2002,1999-11-26,116,3,434,373
530,2003,1999-11-26,64,22,167,123
530,2004,1999-11-26,16,34,335,74
530,2005,1999-11-26,131,24,391,181
530,2006,1999-11-26,44,8,52,104
530,2007,1999-11-26,143,8,301,285
530,2008,1999-11-26,15,50,254,54
530,2009,1999-11-26,76,7,398,142
530,2010,1999-11-26,80,48,94,236
530,2011,1999-11-26,140,50,357,680
530,2012,1999-11-26,103,6,456,364
530,2013,1999-11-26,10,1,431,18
530,2014,1999-11-26,111,50,212,126
530,2015,1999-11-26,69,38,145,289
530,2016,1999-11-26,70,28,48,120
530,2017,1999-11-26,66,22,49,118
531,2009,2009-10-25,40,29,269,42
531,2010,2009-10-25,65,20,219,228
531,2011,2009-10-25,84,46,367,103
531,2012,2009-10-25,159,25,69,458
531,2013,2009-10-25,41,18,409,143
531,2014,2009-10-25,150,34,243,547
531,2015,2009-10-25,49,41,322,119
531,2016,2009-10-25,95,28,343,109
531,2017,2009-10-25,29,3,381,84
532,2009,2009-February-14,55,2,451,102
532,2010,2009-February-14,94,14,384,250
532,2011,2009-February-14,119,20,30,136
532,2012,2009-February-14,159,40,258,260
532,2013,2009-February-14,157,1,154,727
532,2014,2009-February-14,136,42,256,480
532,2015,2009-February-14,34,17,5,114
532,2016,2009-February-14,72,1,143,287
532,2017,2009-February-14,24,27,468,56
533,2004,2004-April-25,16,20,189,55
533,2005,2004-April-25,106,50,76,235
533,2006,2004-April-25,91,27,405,106
533,2007,2004-April-25,141,38,486,153
533,2008,2004-April-25,110,45,381,153
533,2009,2004-April-25,104,18,493,307
533,2010,2004-April-25,159,5,420,658
533,2011,2004-April-25,106,23,27,305
533,2012,2004-April-25,121,25,32,418
533,2013,2004-April-25,64,35,185,150
533,2014,2004-April-25,141,34,442,455
533,2015,2004-April-25,31,7,114,90
533,2016,2004-April-25,94,10,25,295
533,2017,2004-April-25,160,49,341,364
534,2016,2016-10-22,108,29,459,482
534,2017,2016-10-22,79,37,141,297
535,2011,2011-July-21,124,35,91,176
535,2012,2011-July-21,59,1,145,176
535,2013,2011-July-21,24,10,477,120
535,2014,2011-July-21,86,13,438,418
535,2015,2011-July-21,123,50,34,282
535,2016,2011-July-21,66,23,319,286
535,2017,2011-July-21,16,12,151,45
536,2001,2001-03-22,131,19,402,354
536,2002,2001-03-22,132,1,237,389
536,2003,2001-03-22,67,37,264,253
536,2004,2001-03-22,152,18,365,271
536,2005,2001-03-22,26,39,169,64
536,2006,2001-03-22,101,5,97,264
536,2007,2001-03-22,21,43,159,81
536,2008,2001-03-22,29,10,331,120
536,2009,2001-03-22,115,8,148,208
536,2010,2001-03-22,140,8,326,222
536,2011,2001-03-22,72,8,29,225
536,2012,2001-03-22,81,2,475,298
536,2013,2001-03-22,58,47,447,267
536,2014,2001-03-22,124,29,211,562
536,2015,2001-03-22,21,4,174,75
536,2016,2001-03-22,85,30,2,276
536,2017,2001-03-22,44,44,355,120
537,2013,2013-11-8,83,2,330,339
537,2014,2013-11-8,153,41,108,516
537,2015,2013-11-8,58,39,134,173
537,2016,2013-11-8,116,42,4,358
537,2017,2013-11-8,92,43,480,164
538,2007,2007-02-13,82,49,328,237
538,2008,2007-02-13,60,3,338,238
538,2009,2007-02-13,103,23,152,113
538,2010,2007-02-13,134,9,72,612
538,2011,2007-02-13,53,34,446,221
538,2012,2007-02-13,115,15,449,469
538,2013,2007-02-13,43,7,354,152
538,2014,2007-02-13,69,24,207,194
538,2015,2007-02-13,15,22,478,40
538,2016,2007-02-13,99,5,230,410
538,2017,2007-02-13,120,3,418,327
539,2007,2007-mar-8,38,33,294,174
539,2008,2007-mar-8,27,23,409,52
539,2009,2007-mar-8,118,9,412,318
539,2010,2007-mar-8,114,36,330,275
539,2011,2007-mar-8,80,24,82,112
539,2012,2007-mar-8,127,1,163,482
539,2013,2007-mar-8,98,24,222,119
539,2014,2007-mar-8,27,40,43,61
539,2015,2007-mar-8,130,12,410,629
539,2016,2007-mar-8,8,30,368,26
539,2017,2007-mar-8,146,2,206,323
540,1996,1996-May-16,131,42,325,154
540,1997,1996-May-16,152,34,325,702
540,1998,1996-May-16,155,29,121,634
540,1999,1996-May-16,133,30,158,368
540,2000,1996-May-16,52,46,221,164
540,2001,1996-May-16,24,33,423,39
540,2002,1996-May-16,65,39,29,283
540,2003,1996-May-16,123,11,90,145
540,2004,1996-May-16,36,24,387,89
540,2005,1996-May-16,41,45,183,179
540,2006,1996-May-16,51,25,448,58
540,2007,1996-May-16,73,42,143,299
540,2008,1996-May-16,21,26,362,72
540,2009,1996-May-16,146,48,201,319
540,2010,1996-May-16,145,9,166,610
540,2011,1996-May-16,132,15,454,524
540,2012,1996-May-16,95,41,273,140
540,2013,1996-May-16,86,1,367,238
540,2014,1996-May-16,49,23,48,150
540,2015,1996-May-16,150,28,411,614
540,2016,1996-May-16,100,18,443,150
540,2017,1996-May-16,82,43,261,406
541,1997,1997-October-4,66,21,375,300
541,1998,1997-October-4,66,9,40,238
541,1999,1997-October-4,53,32,477,116
541,2000,1997-October-4,55,36,192,226
541,2001,1997-October-4,39,16,256,118
541,2002,1997-October-4,108,44,439,214
541,2003,1997-October-4,56,14,433,227
541,2004,1997-October-4,53,34,249,236
541,2005,1997-October-4,39,7,404,92
541,2006,1997-October-4,60,32,391,174
541,2007,1997-October-4,51,20,50,215
541,2008,1997-October-4,64,26,490,235
541,2009,1997-October-4,66,10,447,211
541,2010,1997-October-4,29,21,47,134
541,2011,1997-October-4,142,45,28,336
541,2012,1997-October-4,103,24,83,397
541,2013,1997-October-4,31,11,277,55
541,2014,1997-October-4,19,36,381,52
541,2015,1997-October-4,87,20,125,199
541,2016,1997-October-4,97,42,358,144
541,2017,1997-October-4,84,45,349,136
542,1997,1997-11-24,63,33,260,272
542,1998,1997-11-24,29,33,54,109
542,1999,1997-11-24,159,43,164,263
542,2000,1997-11-24,147,21,282,229
542,2001,1997-11-24,120,6,356,505
542,2002,1997-11-24,116,23,499,334
542,2003,1997-11-24,126,18,161,315
542,2004,1997-11-24,68,43,249,237
542,2005,1997-11-24,31,18,343,72
542,2006,1997-11-24,130,44,218,535
542,2007,1997-11-24,93,42,459,302
542,2008,1997-11-24,19,16,94,86
542,2009,1997-11-24,50,46,374,118
542,2010,1997-11-24,64,8,122,311
542,2011,1997-11-24,18,12,67,68
542,2012,1997-11-24,146,13,12,681
542,2013,1997-11-24,109,20,292,160
542,2014,1997-11-24,20,35,235,42
542,2015,1997-11-24,49,12,426,239
542,2016,1997-11-24,67,37,345,333
542,2017,1997-11-24,55,47,373,244
543,1994,1994-12-16,9,18,485,10
543,1995,1994-12-16,38,23,24,176
543,1996,1994-12-16,12,44,372,57
543,1997,1994-12-16,160,50,192,208
543,1998,1994-12-16,85,26,317,187
543,1999,1994-12-16,42,9,436,149
543,2000,1994-12-16,142,27,450,282
543,2001,1994-12-16,150,9,480,292
543,2002,1994-12-16,13,11,474,46
543,2003,1994-12-16,36,12,362,150
543,2004,1994-12-16,155,29,241,238
543,2005,1994-12-16,100,2,373,181
543,2006,1994-12-16,141,50,383,172
543,2007,1994-12-16,92,49,243,345
543,2008,1994-12-16,121,38,313,266
543,2009,1994-12-16,103,33,365,489
543,2010,1994-12-16,33,3,488,81
543,2011,1994-12-16,9,46,262,10
543,2012,1994-12-16,30,50,398,73
543,2013,1994-12-16,134,38,374,183
543,2014,1994-12-16,89,39,357,422
543,2015,1994-12-16,104,8,124,452
543,2016,1994-12-16,56,34,84,190
543,2017,1994-12-16,78,48,69,331
544,2011,2011-my-11,94,6,215,238
544,2012,2011-my-11,127,44,62,327
544,2013,2011-my-11,33,12,210,45
544,2014,2011-my-11,71,4,215,166
544,2015,2011-my-11,154,1,56,341
544,2016,2011-my-11,139,23,114,466
544,2017,2011-my-11,79,49,235,297
545,1997,1997-nv-22,45,42,316,98
545,1998,1997-nv-22,52,40,8,240
545,1999,1997-nv-22,78,13,118,351
545,2000,1997-nv-22,44,10,91,205
545,2001,1997-nv-22,14,44,159,49
545,2002,1997-nv-22,95,13,82,262
545,2003,1997-nv-22,154,49,38,641
545,2004,1997-nv-22,129,9,366,421
545,2005,1997-nv-22,42,26,387,44
545,2006,1997-nv-22,74,16,44,156
545,2007,1997-nv-22,146,10,337,306
545,2008,1997-nv-22,118,47,24,539
545,2009,1997-nv-22,151,11,66,569
545,2010,1997-nv-22,158,40,443,246
545,2011,1997-nv-22,69,47,86,142
545,2012,1997-nv-22,136,3,408,252
545,2013,1997-nv-22,62,44,262,126
545,2014,1997-nv-22,108,23,240,302
545,2015,1997-nv-22,16,22,137,19
545,2016,1997-nv-22,63,27,382,138
545,2017,1997-nv-22,10,5,196,35
546,1990,1990-05-3,122,23,383,233
546,1991,1990-05-3,63,50,19,104
546,1992,1990-05-3,123,34,443,138
546,1993,1990-05-3,112,4,273,217
546,1994,1990-05-3,151,27,213,425
546,1995,1990-05-3,126,23,466,305
546,1996,1990-05-3,50,25,422,59
546,1997,1990-05-3,126,12,438,290
546,1998,1990-05-3,104,21,15,412
546,1999,1990-05-3,128,8,306,216
546,2000,1990-05-3,124,35,469,424
546,2001,1990-05-3,50,46,333,58
546,2002,1990-05-3,85,3,368,114
546,2003,1990-05-3,45,21,79,127
546,2004,1990-05-3,66,7,309,74
546,2005,1990-05-3,46,17,294,227
546,2006,1990-05-3,63,36,249,72
546,2007,1990-05-3,51,29,492,215
546,2008,1990-05-3,80,8,148,154
546,2009,1990-05-3,100,12,497,123
546,2010,1990-05-3,99,49,378,130
546,2011,1990-05-3,24,3,433,26
546,2012,1990-05-3,23,36,94,29
546,2013,1990-05-3,118,45,268,580
546,2014,1990-05-3,70,45,114,197
546,2015,1990-05-3,80,17,117,102
546,2016,1990-05-3,145,38,213,293
546,2017,1990-05-3,20,28,278,22
547,2007,2007-01-23,63,23,263,252
547,2008,2007-01-23,66,29,348,233
547,2009,2007-01-23,151,26,416,639
547,2010,2007-01-23,89,17,106,359
547,2011,2007-01-23,79,9,387,375
547,2012,2007-01-23,145,5,320,373
547,2013,2007-01-23,106,29,147,375
547,2014,2007-01-23,50,43,306,127
547,2015,2007-01-23,111,48,96,309
547,2016,2007-01-23,116,4,145,578
547,2017,2007-01-23,87,2,465,153
548,1999,1999-11-22,141,28,188,448
548,2000,1999-11-22,149,21,452,602
548,2001,1999-11-22,24,49,445,103
548,2002,1999-11-22,59,28,477,79
548,2003,1999-11-22,73,41,200,347
548,2004,1999-11-22,154,8,329,173
548,2005,1999-11-22,45,38,346,72
548,2006,1999-11-22,110,22,422,398
548,2007,1999-11-22,135,9,35,515
548,2008,1999-11-22,133,36,319,156
548,2009,1999-11-22,14,12,63,29
548,2010,1999-11-22,48,46,341,196
548,2011,1999-11-22,143,6,200,257
548,2012,1999-11-22,100,32,240,241
548,2013,1999-11-22,132,5,342,269
548,2014,1999-11-22,96,29,243,397
548,2015,1999-11-22,114,19,496,137
548,2016,1999-11-22,94,21,298,309
548,2017,1999-11-22,157,3,326,574
549,1991,1991-11-16,69,40,303,116
549,1992,1991-11-16,31,13,295,54
549,1993,1991-11-16,31,42,350,137
549,1994,1991-11-16,131,17,380,568
549,1995,1991-11-16,158,30,371,520
549,1996,1991-11-16,129,11,14,424
549,1997,1991-11-16,65,2,25,190
549,1998,1991-11-16,44,24,88,124
549,1999,1991-11-16,40,29,239,110
549,2000,1991-11-16,41,26,258,175
549,2001,1991-11-16,104,2,175,175
549,2002,1991-11-16,91,47,302,218
549,2003,1991-11-16,103,23,304,162
549,2004,1991-11-16,84,27,78,266
549,2005,1991-11-16,11,6,288,22
549,2006,1991-11-16,99,14,399,394
549,2007,1991-11-16,37,40,114,176
549,2008,1991-11-16,83,17,22,329
549,2009,1991-11-16,30,47,447,47
549,2010,1991-11-16,96,17,57,119
549,2011,1991-11-16,97,4,368,321
549,2012,1991-11-16,68,8,463,237
549,2013,1991-11-16,119,40,305,471
549,2014,1991-11-16,84,24,180,229
549,2015,1991-11-16,137,31,228,594
549,2016,1991-11-16,26,39,57,61
549,2017,1991-11-16,44,37,221,164
550,2004,2004-July-23,134,5,440,546
550,2005,2004-July-23,127,16,6,504
550,2006,2004-July-23,52,21,75,144
550,2007,2004-July-23,106,25,336,170
550,2008,2004-July-23,123,23,271,358
550,2009,2004-July-23,148,1,30,383
550,2010,2004-July-23,63,1,345,278
550,2011,2004-July-23,54,50,73,206
550,2012,2004-July-23,105,29,174,200
550,2013,2004-July-23,124,43,203,384
550,2014,2004-July-23,156,6,1,446
550,2015,2004-July-23,159,42,104,445
550,2016,2004-July-23,101,34,491,461
550,2017,2004-July-23,43,12,186,164
551,2016,2016-ma-7,77,42,295,315
551,2017,2016-ma-7,147,30,388,306
552,2013,2013-January-2,126,47,326,340
552,2014,2013-January-2,30,25,392,62
552,2015,2013-January-2,141,22,346,519
552,2016,2013-January-2,98,23,255,154
552,2017,2013-January-2,67,49,39,146
553,1990,1990-September-21,157,17,373,235
553,1991,1990-September-21,158,1,122,784
553,1992,1990-September-21,61,23,2,192
553,1993,1990-September-21,132,9,255,498
553,1994,1990-September-21,125,31,447,141
553,1995,1990-September-21,117,3,317,358
553,1996,1990-September-21,26,9,224,126
553,1997,1990-September-21,41,23,39,42
553,1998,1990-September-21,79,21,64,95
553,1999,1990-September-21,45,14,69,148
553,2000,1990-September-21,13,50,361,24
553,2001,1990-September-21,50,29,294,247
553,2002,1990-September-21,61,37,301,241
553,2003,1990-September-21,150,44,53,458
553,2004,1990-September-21,25,37,265,63
553,2005,1990-September-21,67,5,168,239
553,2006,1990-September-21,14,20,437,25
553,2007,1990-September-21,158,24,280,172
553,2008,1990-September-21,45,50,181,178
553,2009,1990-September-21,85,32,448,298
553,2010,1990-September-21,117,47,351,450
553,2011,1990-September-21,101,32,157,370
553,2012,1990-September-21,42,4,55,70
553,2013,1990-September-21,84,48,77,104
553,2014,1990-September-21,59,24,57,148
553,2015,1990-September-21,50,27,264,75
553,2016,1990-September-21,69,28,179,178
553,2017,1990-September-21,147,6,389,187
554,2013,2013-ag-11,78,14,490,80
554,2014,2013-ag-11,48,30,188,184
554,2015,2013-ag-11,74,15,230,217
554,2016,2013-ag-11,40,30,12,90
554,2017,2013-ag-11,60,20,139,91
555,1991,1991-ag-17,48,12,191,96
555,1992,1991-ag-17,39,12,316,130
555,1993,1991-ag-17,78,11,13,337
555,1994,1991-ag-17,132,6,39,334
555,1995,1991-ag-17,84,12,214,304
555,1996,1991-ag-17,146,14,217,368
555,1997,1991-ag-17,112,32,306,205
555,1998,1991-ag-17,41,12,326,55
555,1999,1991-ag-17,142,45,288,515
555,2000,1991-ag-17,40,19,444,80
555,2001,1991-ag-17,112,25,367,558
555,2002,1991-ag-17,131,2,92,615
555,2003,1991-ag-17,89,21,294,93
555,2004,1991-ag-17,74,37,252,186
555,2005,1991-ag-17,77,42,76,181
555,2006,1991-ag-17,31,39,67,65
555,2007,1991-ag-17,97,1,25,304
555,2008,1991-ag-17,29,42,149,38
555,2009,1991-ag-17,21,16,23,25
555,2010,1991-ag-17,39,47,182,79
555,2011,1991-ag-17,9,4,424,15
555,2012,1991-ag-17,126,21,36,544
555,2013,1991-ag-17,108,12,194,420
555,2014,1991-ag-17,43,50,234,210
555,2015,1991-ag-17,90,18,296,271
555,2016,1991-ag-17,23,50,436,91
555,2017,1991-ag-17,59,21,279,59
556,1994,1994-oct-10,23,30,312,68
556,1995,1994-oct-10,153,33,127,720
556,1996,1994-oct-10,130,7,254,283
556,1997,1994-oct-10,104,29,497,477
556,1998,1994-oct-10,140,16,335,171
556,1999,1994-oct-10,158,13,423,485
556,2000,1994-oct-10,98,27,144,373
556,2001,1994-oct-10,36,43,352,173
556,2002,1994-oct-10,140,31,333,666
556,2003,1994-oct-10,83,2,418,139
556,2004,1994-oct-10,67,11,453,234
556,2005,1994-oct-10,17,17,462,29
556,2006,1994-oct-10,52,17,382,192
556,2007,1994-oct-10,99,27,440,214
556,2008,1994-oct-10,66,4,92,288
556,2009,1994-oct-10,97,47,97,262
556,2010,1994-oct-10,104,17,283,401
556,2011,1994-oct-10,157,21,304,524
556,2012,1994-oct-10,96,22,31,356
556,2013,1994-oct-10,83,14,21,306
556,2014,1994-oct-10,66,6,403,259
556,2015,1994-oct-10,36,21,167,77
556,2016,1994-oct-10,120,36,164,479
556,2017,1994-oct-10,70,8,480,258
557,1997,1997-December-1,158,44,297,291
557,1998,1997-December-1,55,35,441,160
557,1999,1997-December-1,84,21,71,176
557,2000,1997-December-1,28,22,51,104
557,2001,1997-December-1,15,47,266,59
557,2002,1997-December-1,131,4,20,496
557,2003,1997-December-1,121,10,319,391
557,2004,1997-December-1,85,15,422,87
557,2005,1997-December-1,136,13,476,223
557,2006,1997-December-1,142,34,377,152
557,2007,1997-December-1,87,9,209,90
557,2008,1997-December-1,154,47,345,392
557,2009,1997-December-1,149,4,331,210
557,2010,1997-December-1,81,46,277,397
557,2011,1997-December-1,71,19,192,248
557,2012,1997-December-1,93,9,322,417
557,2013,1997-December-1,58,34,427,93
557,2014,1997-December-1,47,9,397,153
557,2015,1997-December-1,48,44,306,132
557,2016,1997-December-1,90,7,96,112
557,2017,1997-December-1,72,22,266,74
558,1992,1992-nv-20,118,20,170,464
558,1993,1992-nv-20,49,19,327,236
558,1994,1992-nv-20,64,14,246,187
558,1995,1992-nv-20,74,15,460,95
558,1996,1992-nv-20,42,42,111,96
558,1997,1992-nv-20,12,40,329,44
558,1998,1992-nv-20,125,27,184,361
558,1999,1992-nv-20,153,5,16,322
558,2000,1992-nv-20,30,49,449,56
558,2001,1992-nv-20,49,48,30,203
558,2002,1992-nv-20,64,1,14,253
558,2003,1992-nv-20,84,26,227,141
558,2004,1992-nv-20,92,40,100,435
558,2005,1992-nv-20,56,18,276,76
558,2006,1992-nv-20,156,8,473,415
558,2007,1992-nv-20,60,49,376,229
558,2008,1992-nv-20,143,45,50,544
558,2009,1992-nv-20,91,25,264,197
558,2010,1992-nv-20,82,27,192,260
558,2011,1992-nv-20,76,21,30,245
558,2012,1992-nv-20,14,48,454,15
558,2013,1992-nv-20,138,13,82,195
558,2014,1992-nv-20,134,38,49,275
558,2015,1992-nv-20,73,4,487,246
558,2016,1992-nv-20,47,30,458,68
558,2017,1992-nv-20,74,36,217,305
559,1990,1990-mar-28,115,32,383,253
559,1991,1990-mar-28,80,50,364,233
559,1992,1990-mar-28,89,4,381,124
559,1993,1990-mar-28,80,9,317,107
559,1994,1990-mar-28,39,45,251,166
559,1995,1990-mar-28,85,28,423,186
559,1996,1990-mar-28,115,24,40,199
559,1997,1990-mar-28,10,29,238,30
559,1998,1990-mar-28,147,19,386,372
559,1999,1990-mar-28,144,3,412,401
559,2000,1990-mar-28,145,29,81,536
559,2001,1990-mar-28,126,12,55,313
559,2002,1990-mar-28,111,18,94,164
559,2003,1990-mar-28,57,50,83,254
559,2004,1990-mar-28,70,12,47,179
559,2005,1990-mar-28,136,3,75,413
559,2006,1990-mar-28,98,18,46,303
559,2007,1990-mar-28,157,43,459,168
559,2008,1990-mar-28,95,28,95,282
559,2009,1990-mar-28,123,17,326,466
559,2010,1990-mar-28,70,49,312,139
559,2011,1990-mar-28,97,6,500,386
559,2012,1990-mar-28,94,22,167,414
559,2013,1990-mar-28,32,27,116,48
559,2014,1990-mar-28,30,18,487,79
559,2015,1990-mar-28,39,16,417,175
559,2016,1990-mar-28,152,29,338,520
559,2017,1990-mar-28,90,43,40,374
560,1990,1990-October-3,145,3,126,253
560,1991,1990-October-3,133,12,473,237
560,1992,1990-October-3,25,20,381,68
560,1993,1990-October-3,40,26,224,41
560,1994,1990-October-3,38,39,55,136
560,1995,1990-October-3,29,15,65,108
560,1996,1990-October-3,121,47,316,412
560,1997,1990-October-3,99,30,377,222
560,1998,1990-October-3,35,41,278,122
560,1999,1990-October-3,56,31,81,215
560,2000,1990-October-3,138,5,129,298
560,2001,1990-October-3,132,31,430,564
560,2002,1990-October-3,133,14,82,196
560,2003,1990-October-3,103,3,176,244
560,2004,1990-October-3,57,39,210,105
560,2005,1990-October-3,47,48,49,163
560,2006,1990-October-3,124,49,16,244
560,2007,1990-October-3,62,9,209,91
560,2008,1990-October-3,35,2,158,108
560,2009,1990-October-3,122,33,345,304
560,2010,1990-October-3,94,45,496,163
560,2011,1990-October-3,36,25,299,87
560,2012,1990-October-3,83,10,117,326
560,2013,1990-October-3,114,20,306,234
560,2014,1990-October-3,159,45,115,471
560,2015,1990-October-3,60,25,11,77
560,2016,1990-October-3,156,39,176,661
560,2017,1990-October-3,142,12,367,491
561,2008,2008-06-11,26,20,407,104
561,2009,2008-06-11,63,17,170,187
561,2010,2008-06-11,76,20,472,176
561,2011,2008-06-11,70,5,345,235
561,2012,2008-06-11,31,5,33,58
561,2013,2008-06-11,63,6,260,119
561,2014,2008-06-11,57,24,38,179
561,2015,2008-06-11,143,15,188,332
561,2016,2008-06-11,8,49,393,16
561,2017,2008-06-11,145,10,305,564
562,2004,2004-December-17,72,29,62,118
562,2005,2004-December-17,50,31,225,214
562,2006,2004-December-17,49,39,187,199
562,2007,2004-December-17,153,27,406,410
562,2008,2004-December-17,89,2,300,233
562,2009,2004-December-17,44,38,354,56
562,2010,2004-December-17,72,4,305,74
562,2011,2004-December-17,145,4,263,455
562,2012,2004-December-17,47,35,57,68
562,2013,2004-December-17,60,8,184,203
562,2014,2004-December-17,47,17,179,217
562,2015,2004-December-17,100,5,214,213
562,2016,2004-December-17,40,35,354,46
562,2017,2004-December-17,114,10,444,361
563,2002,2002-nv-18,95,9,35,412
563,2003,2002-nv-18,13,44,288,65
563,2004,2002-nv-18,32,9,382,33
563,2005,2002-nv-18,30,5,43,86
563,2006,2002-nv-18,117,36,220,118
563,2007,2002-nv-18,128,34,234,257
563,2008,2002-nv-18,51,46,46,144
563,2009,2002-nv-18,155,4,96,484
563,2010,2002-nv-18,97,34,372,446
563,2011,2002-nv-18,9,4,10,25
563,2012,2002-nv-18,29,9,211,127
563,2013,2002-nv-18,32,41,426,137
563,2014,2002-nv-18,105,7,77,248
563,2015,2002-nv-18,99,14,19,425
563,2016,2002-nv-18,104,15,90,502
563,2017,2002-nv-18,135,39,350,192
564,1994,1994-my-2,158,24,341,570
564,1995,1994-my-2,82,38,339,91
564,1996,1994-my-2,45,11,95,155
564,1997,1994-my-2,29,34,244,110
564,1998,1994-my-2,116,36,451,362
564,1999,1994-my-2,29,42,216,132
564,2000,1994-my-2,158,33,347,783
564,2001,1994-my-2,80,40,353,313
564,2002,1994-my-2,112,22,83,433
564,2003,1994-my-2,29,19,195,66
564,2004,1994-my-2,95,3,229,101
564,2005,1994-my-2,61,14,292,258
564,2006,1994-my-2,11,29,171,35
564,2007,1994-my-2,31,18,479,54
564,2008,1994-my-2,90,21,332,138
564,2009,1994-my-2,81,10,155,106
564,2010,1994-my-2,62,29,339,170
564,2011,1994-my-2,80,49,411,88
564,2012,1994-my-2,131,41,4,298
564,2013,1994-my-2,95,36,192,423
564,2014,1994-my-2,20,17,482,35
564,2015,1994-my-2,50,10,189,242
564,2016,1994-my-2,60,49,388,296
564,2017,1994-my-2,50,4,143,90
565,2009,2009-07-3,154,45,417,384
565,2010,2009-07-3,74,7,230,240
565,2011,2009-07-3,132,44,340,600
565,2012,2009-07-3,137,21,456,315
565,2013,2009-07-3,81,29,58,228
565,2014,2009-07-3,58,3,198,166
565,2015,2009-07-3,16,23,110,34
565,2016,2009-07-3,149,38,128,669
565,2017,2009-07-3,72,45,319,267
566,2007,2007-03-9,40,39,22,68
566,2008,2007-03-9,143,21,60,370
566,2009,2007-03-9,63,8,450,139
566,2010,2007-03-9,63,4,15,108
566,2011,2007-03-9,113,33,72,267
566,2012,2007-03-9,35,12,454,128
566,2013,2007-03-9,48,50,387,150
566,2014,2007-03-9,19,34,188,45
566,2015,2007-03-9,46,20,186,70
566,2016,2007-03-9,34,25,252,135
566,2017,2007-03-9,158,20,302,542
567,1993,1993-12-14,121,42,272,294
567,1994,1993-12-14,108,17,68,331
567,1995,1993-12-14,95,36,150,194
567,1996,1993-12-14,88,14,144,228
567,1997,1993-12-14,127,1,11,201
567,1998,1993-12-14,136,18,419,498
567,1999,1993-12-14,65,25,337,298
567,2000,1993-12-14,23,7,57,115
567,2001,1993-12-14,116,39,322,366
567,2002,1993-12-14,124,31,401,228
567,2003,1993-12-14,154,35,108,251
567,2004,1993-12-14,15,42,281,30
567,2005,1993-12-14,133,2,164,518
567,2006,1993-12-14,86,20,76,230
567,2007,1993-12-14,129,12,266,401
567,2008,1993-12-14,76,41,40,196
567,2009,1993-12-14,139,17,227,431
567,2010,1993-12-14,82,26,199,190
567,2011,1993-12-14,43,45,89,108
567,2012,1993-12-14,55,11,237,193
567,2013,1993-12-14,141,16,271,379
567,2014,1993-12-14,146,43,4,680
567,2015,1993-12-14,45,22,303,171
567,2016,1993-12-14,150,12,419,556
567,2017,1993-12-14,38,31,64,178
568,1996,1996-feb-26,151,24,209,588
568,1997,1996-feb-26,36,23,154,160
568,1998,1996-feb-26,127,5,63,489
568,1999,1996-feb-26,63,14,461,133
568,2000,1996-feb-26,121,41,203,180
568,2001,1996-feb-26,142,10,75,308
568,2002,1996-feb-26,119,35,460,457
568,2003,1996-feb-26,119,32,420,492
568,2004,1996-feb-26,102,4,201,278
568,2005,1996-feb-26,116,35,275,488
568,2006,1996-feb-26,59,23,454,100
568,2007,1996-feb-26,96,29,143,238
568,2008,1996-feb-26,94,23,378,345
568,2009,1996-feb-26,65,5,305,310
568,2010,1996-feb-26,37,47,122,81
568,2011,1996-feb-26,36,16,56,148
568,2012,1996-feb-26,82,35,322,147
568,2013,1996-feb-26,106,41,492,270
568,2014,1996-feb-26,28,46,193,37
568,2015,1996-feb-26,37,22,40,106
568,2016,1996-feb-26,41,31,496,106
568,2017,1996-feb-26,39,46,411,180
569,2006,2006-ma-4,42,25,370,208
569,2007,2006-ma-4,74,14,358,226
569,2008,2006-ma-4,154,26,114,554
569,2009,2006-ma-4,76,50,487,161
569,2010,2006-ma-4,67,43,93,171
569,2011,2006-ma-4,72,40,250,244
569,2012,2006-ma-4,69,38,206,182
569,2013,2006-ma-4,157,17,300,586
569,2014,2006-ma-4,23,22,133,101
569,2015,2006-ma-4,69,20,430,294
569,2016,2006-ma-4,25,5,184,62
569,2017,2006-ma-4,100,35,48,450
570,1999,1999-07-3,138,50,355,300
570,2000,1999-07-3,107,29,417,462
570,2001,1999-07-3,108,42,128,527
570,2002,1999-07-3,141,48,211,553
570,2003,1999-07-3,113,7,146,246
570,2004,1999-07-3,118,5,107,124
570,2005,1999-07-3,90,29,258,424
570,2006,1999-07-3,73,9,134,191
570,2007,1999-07-3,54,7,269,248
570,2008,1999-07-3,146,16,495,491
570,2009,1999-07-3,119,49,57,576
570,2010,1999-07-3,147,40,380,549
570,2011,1999-07-3,22,21,429,92
570,2012,1999-07-3,130,19,73,526
570,2013,1999-07-3,28,50,470,108
570,2014,1999-07-3,75,31,53,96
570,2015,1999-07-3,57,5,488,97
570,2016,1999-07-3,142,6,422,153
570,2017,1999-07-3,54,7,369,224
571,2011,2011-ap-6,122,36,257,484
571,2012,2011-ap-6,104,31,131,388
571,2013,2011-ap-6,19,10,249,42
571,2014,2011-ap-6,65,34,301,87
571,2015,2011-ap-6,120,13,344,375
571,2016,2011-ap-6,155,6,202,180
571,2017,2011-ap-6,39,22,425,76
572,2010,2010-11-19,89,21,458,346
572,2011,2010-11-19,71,28,279,332
572,2012,2010-11-19,65,7,153,228
572,2013,2010-11-19,15,33,117,49
572,2014,2010-11-19,129,45,168,503
572,2015,2010-11-19,76,13,228,107
572,2016,2010-11-19,75,27,277,93
572,2017,2010-11-19,21,35,275,100
573,1998,1998-June-20,140,23,462,188
573,1999,1998-June-20,109,9,27,506
573,2000,1998-June-20,117,14,250,150
573,2001,1998-June-20,133,10,285,299
573,2002,1998-June-20,35,26,267,90
573,2003,1998-June-20,28,15,240,75
573,2004,1998-June-20,148,48,228,267
573,2005,1998-June-20,158,2,380,439
573,2006,1998-June-20,27,23,298,58
573,2007,1998-June-20,134,48,373,200
573,2008,1998-June-20,112,21,227,483
573,2009,1998-June-20,154,21,425,396
573,2010,1998-June-20,63,3,236,216
573,2011,1998-June-20,58,28,285,63
573,2012,1998-June-20,77,22,357,339
573,2013,1998-June-20,71,45,444,86
573,2014,1998-June-20,125,42,409,149
573,2015,1998-June-20,130,45,186,294
573,2016,1998-June-20,58,10,488,219
573,2017,1998-June-20,49,18,63,110
574,1993,1993-July-2,58,15,290,101
574,1994,1993-July-2,57,10,240,201
574,1995,1993-July-2,106,38,116,152
574,1996,1993-July-2,72,49,353,214
574,1997,1993-July-2,26,43,23,63
574,1998,1993-July-2,75,8,408,301
574,1999,1993-July-2,59,30,429,178
574,2000,1993-July-2,107,35,399,209
574,2001,1993-July-2,55,5,76,211
574,2002,1993-July-2,41,18,305,125
574,2003,1993-July-2,92,48,79,148
574,2004,1993-July-2,21,11,5,82
574,2005,1993-July-2,15,26,317,25
574,2006,1993-July-2,146,9,278,431
574,2007,1993-July-2,141,26,151,442
574,2008,1993-July-2,49,21,332,156
574,2009,1993-July-2,31,2,185,59
574,2010,1993-July-2,77,31,319,365
574,2011,1993-July-2,75,48,303,96
574,2012,1993-July-2,39,38,216,91
574,2013,1993-July-2,115,37,92,459
574,2014,1993-July-2,19,11,23,75
574,2015,1993-July-2,77,19,153,125
574,2016,1993-July-2,18,4,92,64
574,2017,1993-July-2,24,39,219,36
575,1994,1994-jly-21,102,41,61,302
575,1995,1994-jly-21,49,34,498,130
575,1996,1994-jly-21,42,27,2,192
575,1997,1994-jly-21,68,12,91,143
575,1998,1994-jly-21,139,32,57,597
575,1999,1994-jly-21,114,22,426,350
575,2000,1994-jly-21,105,19,456,313
575,2001,1994-jly-21,44,20,438,122
575,2002,1994-jly-21,54,48,287,63
575,2003,1994-jly-21,100,27,493,342
575,2004,1994-jly-21,81,8,468,312
575,2005,1994-jly-21,158,48,304,501
575,2006,1994-jly-21,36,17,186,57
575,2007,1994-jly-21,119,11,51,122
575,2008,1994-jly-21,52,25,129,129
575,2009,1994-jly-21,21,27,316,46
575,2010,1994-jly-21,21,26,206,43
575,2011,1994-jly-21,143,12,459,215
575,2012,1994-jly-21,54,19,375,94
575,2013,1994-jly-21,149,44,259,626
575,2014,1994-jly-21,124,47,1,433
575,2015,1994-jly-21,25,13,293,72
575,2016,1994-jly-21,87,24,151,263
575,2017,1994-jly-21,136,12,374,240
576,2001,2001-08-27,96,18,267,221
576,2002,2001-08-27,99,31,448,105
576,2003,2001-08-27,142,39,277,711
576,2004,2001-08-27,64,29,165,116
576,2005,2001-08-27,119,11,115,546
576,2006,2001-08-27,85,15,95,322
576,2007,2001-08-27,120,10,435,285
576,2008,2001-08-27,110,28,408,112
576,2009,2001-08-27,154,33,306,470
576,2010,2001-08-27,59,36,293,247
576,2011,2001-08-27,102,46,237,109
576,2012,2001-08-27,86,11,244,310
576,2013,2001-08-27,155,26,465,307
576,2014,2001-08-27,88,17,471,286
576,2015,2001-08-27,40,14,482,48
576,2016,2001-08-27,113,45,97,333
576,2017,2001-08-27,88,6,380,363
577,2001,2001-01-16,153,36,11,313
577,2002,2001-01-16,18,9,379,61
577,2003,2001-01-16,35,50,103,40
577,2004,2001-01-16,36,43,75,166
577,2005,2001-01-16,46,43,317,137
577,2006,2001-01-16,138,44,299,599
577,2007,2001-01-16,153,29,159,665
577,2008,2001-01-16,43,46,434,78
577,2009,2001-01-16,112,44,440,475
577,2010,2001-01-16,94,26,419,458
577,2011,2001-01-16,103,8,454,218
577,2012,2001-01-16,130,47,88,403
577,2013,2001-01-16,62,27,58,165
577,2014,2001-01-16,84,20,478,280
577,2015,2001-01-16,121,24,124,459
577,2016,2001-01-16,82,29,472,193
577,2017,2001-01-16,148,42,469,620
578,1992,1992-11-15,115,7,163,365
578,1993,1992-11-15,132,16,192,572
578,1994,1992-11-15,39,9,29,177
578,1995,1992-11-15,96,21,335,400
578,1996,1992-11-15,64,48,91,288
578,1997,1992-11-15,35,3,448,167
578,1998,1992-11-15,129,6,247,531
578,1999,1992-11-15,82,37,67,111
578,2000,1992-11-15,26,33,438,60
578,2001,1992-11-15,84,10,445,317
578,2002,1992-11-15,119,23,12,265
578,2003,1992-11-15,88,26,77,172
578,2004,1992-11-15,45,14,297,129
578,2005,1992-11-15,131,23,88,348
578,2006,1992-11-15,35,1,355,156
578,2007,1992-11-15,10,3,458,52
578,2008,1992-11-15,69,9,328,80
578,2009,1992-11-15,141,8,260,152
578,2010,1992-11-15,84,30,134,189
578,2011,1992-11-15,159,31,253,274
578,2012,1992-11-15,127,39,118,580
578,2013,1992-11-15,56,12,162,115
578,2014,1992-11-15,129,35,265,348
578,2015,1992-11-15,45,36,255,106
578,2016,1992-11-15,91,46,319,404
578,2017,1992-11-15,103,20,142,505
579,1991,1991-03-27,125,3,291,418
579,1992,1991-03-27,77,21,425,113
579,1993,1991-03-27,110,9,71,344
579,1994,1991-03-27,42,8,262,197
579,1995,1991-03-27,124,37,493,149
579,1996,1991-03-27,57,31,425,230
579,1997,1991-03-27,31,23,500,70
579,1998,1991-03-27,24,8,404,105
579,1999,1991-03-27,46,43,311,222
579,2000,1991-03-27,118,28,445,589
579,2001,1991-03-27,46,17,94,149
579,2002,1991-03-27,109,46,307,399
579,2003,1991-03-27,44,50,159,68
579,2004,1991-03-27,77,23,461,132
579,2005,1991-03-27,102,23,111,290
579,2006,1991-03-27,12,37,389,34
579,2007,1991-03-27,153,30,208,188
579,2008,1991-03-27,158,2,432,167
579,2009,1991-03-27,148,8,348,394
579,2010,1991-03-27,40,18,402,100
579,2011,1991-03-27,78,22,50,299
579,2012,1991-03-27,146,21,280,670
579,2013,1991-03-27,87,48,188,306
579,2014,1991-03-27,93,28,339,143
579,2015,1991-03-27,74,27,243,145
579,2016,1991-03-27,37,26,259,164
579,2017,1991-03-27,97,48,140,109
580,2004,2004-January-18,151,37,108,235
580,2005,2004-January-18,90,17,410,104
580,2006,2004-January-18,130,18,241,388
580,2007,2004-January-18,123,18,249,221
580,2008,2004-January-18,89,17,395,96
580,2009,2004-January-18,82,7,198,196
580,2010,2004-January-18,117,21,436,352
580,2011,2004-January-18,132,43,333,403
580,2012,2004-January-18,85,22,93,279
580,2013,2004-January-18,99,19,386,187
580,2014,2004-January-18,46,7,127,109
580,2015,2004-January-18,92,28,424,390
580,2016,2004-January-18,63,3,61,125
580,2017,2004-January-18,55,38,182,229
581,1993,1993-April-18,106,7,64,374
581,1994,1993-April-18,69,24,411,88
581,1995,1993-April-18,63,25,238,266
581,1996,1993-April-18,65,2,62,304
581,1997,1993-April-18,91,31,124,426
581,1998,1993-April-18,106,8,165,189
581,1999,1993-April-18,29,27,431,70
581,2000,1993-April-18,99,14,453,256
581,2001,1993-April-18,104,36,208,384
581,2002,1993-April-18,83,28,161,248
581,2003,1993-April-18,83,25,392,344
581,2004,1993-April-18,116,2,408,256
581,2005,1993-April-18,68,5,399,240
581,2006,1993-April-18,51,5,162,117
581,2007,1993-April-18,49,1,48,70
581,2008,1993-April-18,37,29,272,124
581,2009,1993-April-18,15,49,87,57
581,2010,1993-April-18,16,40,454,80
581,2011,1993-April-18,121,29,71,525
581,2012,1993-April-18,65,30,24,102
581,2013,1993-April-18,28,33,238,112
581,2014,1993-April-18,17,27,108,48
581,2015,1993-April-18,21,38,472,100
581,2016,1993-April-18,131,27,264,598
581,2017,1993-April-18,139,7,414,221
582,2016,2016-01-18,109,40,472,241
582,2017,2016-01-18,76,9,442,250
583,2007,2007-July-12,65,13,445,134
583,2008,2007-July-12,137,13,350,164
583,2009,2007-July-12,53,15,107,202
583,2010,2007-July-12,93,46,206,337
583,2011,2007-July-12,147,8,471,190
583,2012,2007-July-12,56,35,363,269
583,2013,2007-July-12,42,33,281,185
583,2014,2007-July-12,24,28,4,93
583,2015,2007-July-12,119,32,61,287
583,2016,2007-July-12,43,12,432,165
583,2017,2007-July-12,139,1,231,431
584,1995,1995-jan-5,12,26,392,24
584,1996,1995-jan-5,62,34,177,125
584,1997,1995-jan-5,74,36,133,162
584,1998,1995-jan-5,127,25,396,416
584,1999,1995-jan-5,51,1,16,131
584,2000,1995-jan-5,53,7,275,82
584,2001,1995-jan-5,105,28,479,460
584,2002,1995-jan-5,26,22,451,81
584,2003,1995-jan-5,84,44,156,355
584,2004,1995-jan-5,16,12,474,46
584,2005,1995-jan-5,110,11,351,492
584,2006,1995-jan-5,124,5,359,493
584,2007,1995-jan-5,71,17,189,243
584,2008,1995-jan-5,112,29,95,231
584,2009,1995-jan-5,14,16,158,65
584,2010,1995-jan-5,13,14,487,41
584,2011,1995-jan-5,141,23,229,156
584,2012,1995-jan-5,72,7,105,337
584,2013,1995-jan-5,63,28,483,71
584,2014,1995-jan-5,43,12,253,146
584,2015,1995-jan-5,39,29,158,183
584,2016,1995-jan-5,41,31,260,101
584,2017,1995-jan-5,105,24,378,502
585,2001,2001-sept-17,13,34,143,23
585,2002,2001-sept-17,20,27,470,56
585,2003,2001-sept-17,25,20,332,87
585,2004,2001-sept-17,19,32,176,60
585,2005,2001-sept-17,140,34,272,262
585,2006,2001-sept-17,134,10,215,260
585,2007,2001-sept-17,18,9,86,78
585,2008,2001-sept-17,126,9,172,128
585,2009,2001-sept-17,109,2,117,300
585,2010,2001-sept-17,80,38,369,228
585,2011,2001-sept-17,70,21,212,102
585,2012,2001-sept-17,156,34,312,342
585,2013,2001-sept-17,24,31,253,48
585,2014,2001-sept-17,68,17,439,260
585,2015,2001-sept-17,101,48,255,234
585,2016,2001-sept-17,24,48,128,110
585,2017,2001-sept-17,159,2,201,455
586,2009,2009-my-12,157,26,47,739
586,2010,2009-my-12,54,6,210,231
586,2011,2009-my-12,56,20,418,210
586,2012,2009-my-12,18,3,433,50
586,2013,2009-my-12,68,9,462,261
586,2014,2009-my-12,48,2,349,54
586,2015,2009-my-12,36,39,170,63
586,2016,2009-my-12,30,27,226,129
586,2017,2009-my-12,121,28,489,469
587,1997,1997-10-7,142,3,201,228
587,1998,1997-10-7,44,4,107,216
587,1999,1997-10-7,29,29,283,99
587,2000,1997-10-7,23,33,314,42
587,2001,1997-10-7,53,28,378,176
587,2002,1997-10-7,97,8,236,370
587,2003,1997-10-7,55,49,45,148
587,2004,1997-10-7,47,37,366,201
587,2005,1997-10-7,52,6,410,53
587,2006,1997-10-7,92,21,375,411
587,2007,1997-10-7,105,26,406,112
587,2008,1997-10-7,148,11,432,339
587,2009,1997-10-7,141,8,390,240
587,2010,1997-10-7,19,39,375,65
587,2011,1997-10-7,35,28,273,107
587,2012,1997-10-7,106,39,156,201
587,2013,1997-10-7,95,7,329,175
587,2014,1997-10-7,60,17,82,69
587,2015,1997-10-7,35,10,151,67
587,2016,1997-10-7,61,1,500,302
587,2017,1997-10-7,74,26,46,277
588,1995,1995-oct-18,143,20,230,549
588,1996,1995-oct-18,131,17,331,204
588,1997,1995-oct-18,104,42,204,352
588,1998,1995-oct-18,132,29,88,532
588,1999,1995-oct-18,155,20,163,175
588,2000,1995-oct-18,46,10,5,54
588,2001,1995-oct-18,59,40,437,234
588,2002,1995-oct-18,94,17,262,371
588,2003,1995-oct-18,17,12,63,22
588,2004,1995-oct-18,154,15,166,600
588,2005,1995-oct-18,31,4,373,73
588,2006,1995-oct-18,129,10,27,398
588,2007,1995-oct-18,9,35,456,20
588,2008,1995-oct-18,98,46,272,241
588,2009,1995-oct-18,83,2,324,128
588,2010,1995-oct-18,119,33,342,480
588,2011,1995-oct-18,70,3,479,256
588,2012,1995-oct-18,145,18,121,708
588,2013,1995-oct-18,81,6,389,99
588,2014,1995-oct-18,19,13,203,32
588,2015,1995-oct-18,83,9,187,269
588,2016,1995-oct-18,153,3,20,355
588,2017,1995-oct-18,106,28,114,214
589,2009,2009-my-7,88,29,409,307
589,2010,2009-my-7,25,12,118,51
589,2011,2009-my-7,42,19,92,153
589,2012,2009-my-7,146,16,397,703
589,2013,2009-my-7,130,1,317,468
589,2014,2009-my-7,105,41,98,176
589,2015,2009-my-7,33,21,262,53
589,2016,2009-my-7,106,8,124,388
589,2017,2009-my-7,116,31,437,262
590,2015,2015-mar-13,86,32,381,218
590,2016,2015-mar-13,84,7,466,158
590,2017,2015-mar-13,125,31,177,567
591,1994,1994-11-12,146,50,186,373
591,1995,1994-11-12,49,16,48,233
591,1996,1994-11-12,106,31,101,303
591,1997,1994-11-12,72,44,238,164
591,1998,1994-11-12,144,36,350,496
591,1999,1994-11-12,101,29,473,346
591,2000,1994-11-12,98,5,448,434
591,2001,1994-11-12,12,41,261,15
591,2002,1994-11-12,103,24,390,128
591,2003,1994-11-12,58,5,120,224
591,2004,1994-11-12,67,45,38,306
591,2005,1994-11-12,14,16,254,60
591,2006,1994-11-12,20,35,494,70
591,2007,1994-11-12,40,15,252,119
591,2008,1994-11-12,120,46,52,192
591,2009,1994-11-12,30,28,137,109
591,2010,1994-11-12,83,17,169,191
591,2011,1994-11-12,39,35,283,39
591,2012,1994-11-12,17,7,31,76
591,2013,1994-11-12,10,43,210,13
591,2014,1994-11-12,157,5,295,263
591,2015,1994-11-12,45,42,112,116
591,2016,1994-11-12,100,19,12,366
591,2017,1994-11-12,26,28,355,113
592,2003,2003-ag-13,106,35,199,402
592,2004,2003-ag-13,24,44,190,112
592,2005,2003-ag-13,63,14,6,258
592,2006,2003-ag-13,98,10,143,375
592,2007,2003-ag-13,84,12,280,107
592,2008,2003-ag-13,67,43,479,232
592,2009,2003-ag-13,20,7,277,59
592,2010,2003-ag-13,20,10,217,89
592,2011,2003-ag-13,34,48,179,97
592,2012,2003-ag-13,12,32,62,40
592,2013,2003-ag-13,133,5,408,272
592,2014,2003-ag-13,144,16,186,450
592,2015,2003-ag-13,103,5,359,484
592,2016,2003-ag-13,142,30,199,602
592,2017,2003-ag-13,11,15,233,17
593,2002,2002-May-14,33,43,381,112
593,2003,2002-May-14,132,13,10,230
593,2004,2002-May-14,19,38,101,92
593,2005,2002-May-14,159,48,152,334
593,2006,2002-May-14,36,46,107,159
593,2007,2002-May-14,58,45,246,138
593,2008,2002-May-14,64,39,125,152
593,2009,2002-May-14,136,4,66,462
593,2010,2002-May-14,73,5,271,304
593,2011,2002-May-14,54,24,410,233
593,2012,2002-May-14,86,21,141,229
593,2013,2002-May-14,70,33,474,203
593,2014,2002-May-14,9,5,79,14
593,2015,2002-May-14,116,22,390,453
593,2016,2002-May-14,102,7,333,449
593,2017,2002-May-14,132,5,172,177
594,1996,1996-oct-28,137,33,295,677
594,1997,1996-oct-28,157,25,143,316
594,1998,1996-oct-28,157,21,321,448
594,1999,1996-oct-28,154,3,437,356
594,2000,1996-oct-28,126,16,167,249
594,2001,1996-oct-28,72,27,417,229
594,2002,1996-oct-28,13,1,172,28
594,2003,1996-oct-28,91,48,314,115
594,2004,1996-oct-28,86,12,72,158
594,2005,1996-oct-28,134,4,177,522
594,2006,1996-oct-28,68,46,497,270
594,2007,1996-oct-28,40,25,268,144
594,2008,1996-oct-28,65,50,227,242
594,2009,1996-oct-28,156,21,479,752
594,2010,1996-oct-28,148,35,248,734
594,2011,1996-oct-28,143,13,204,247
594,2012,1996-oct-28,84,13,485,194
594,2013,1996-oct-28,113,16,171,136
594,2014,1996-oct-28,69,1,264,114
594,2015,1996-oct-28,108,42,398,259
594,2016,1996-oct-28,94,13,140,445
594,2017,1996-oct-28,53,7,323,263
595,2013,2013-12-19,114,14,9,342
595,2014,2013-12-19,101,27,466,330
595,2015,2013-12-19,18,38,103,83
595,2016,2013-12-19,16,2,63,49
595,2017,2013-12-19,44,44,185,90
596,2013,2013-aug-16,88,47,92,358
596,2014,2013-aug-16,116,3,473,354
596,2015,2013-aug-16,45,2,384,61
596,2016,2013-aug-16,116,48,453,420
596,2017,2013-aug-16,134,21,107,191
597,1996,1996-May-5,120,30,186,546
597,1997,1996-May-5,56,23,118,258
597,1998,1996-May-5,151,19,262,695
597,1999,1996-May-5,135,20,326,230
597,2000,1996-May-5,51,9,288,211
597,2001,1996-May-5,42,25,101,56
597,2002,1996-May-5,105,16,310,167
597,2003,1996-May-5,128,6,233,169
597,2004,1996-May-5,9,30,14,35
597,2005,1996-May-5,111,7,187,394
597,2006,1996-May-5,35,6,212,90
597,2007,1996-May-5,97,29,469,198
597,2008,1996-May-5,58,13,327,174
597,2009,1996-May-5,12,39,488,47
597,2010,1996-May-5,28,45,208,40
597,2011,1996-May-5,153,1,383,191
597,2012,1996-May-5,77,3,132,186
597,2013,1996-May-5,114,25,366,363
597,2014,1996-May-5,15,48,220,16
597,2015,1996-May-5,103,8,73,212
597,2016,1996-May-5,68,28,294,139
597,2017,1996-May-5,26,48,209,57
598,1992,1992-September-23,131,27,33,156
598,1993,1992-September-23,11,21,461,48
598,1994,1992-September-23,111,17,237,290
598,1995,1992-September-23,154,28,163,498
598,1996,1992-September-23,108,50,77,507
598,1997,1992-September-23,104,37,109,418
598,1998,1992-September-23,40,32,332,197
598,1999,1992-September-23,122,34,262,164
598,2000,1992-September-23,40,45,357,95
598,2001,1992-September-23,81,2,399,159
598,2002,1992-September-23,116,32,19,486
598,2003,1992-September-23,24,49,454,105
598,2004,1992-September-23,136,12,82,628
598,2005,1992-September-23,15,28,484,40
598,2006,1992-September-23,130,38,116,609
598,2007,1992-September-23,148,38,316,391
598,2008,1992-September-23,90,12,378,226
598,2009,1992-September-23,104,19,491,216
598,2010,1992-September-23,19,6,320,48
598,2011,1992-September-23,17,22,280,40
598,2012,1992-September-23,12,14,272,24
598,2013,1992-September-23,13,6,97,23
598,2014,1992-September-23,140,42,169,474
598,2015,1992-September-23,12,25,160,43
598,2016,1992-September-23,40,43,306,151
598,2017,1992-September-23,106,20,116,462
599,2016,2016-feb-23,31,25,57,38
599,2017,2016-feb-23,95,23,319,403
600,2015,2015-October-24,53,24,274,206
600,2016,2015-October-24,23,49,324,24
600,2017,2015-October-24,68,40,147,107
601,1992,1992-06-19,126,40,222,206
601,1993,1992-06-19,126,21,278,441
601,1994,1992-06-19,42,14,31,128
601,1995,1992-06-19,84,16,87,90
601,1996,1992-06-19,44,36,42,128
601,1997,1992-06-19,60,4,185,223
601,1998,1992-06-19,39,34,330,74
601,1999,1992-06-19,14,23,480,32
601,2000,1992-06-19,120,13,398,191
601,2001,1992-06-19,96,10,200,218
601,2002,1992-06-19,142,44,78,498
601,2003,1992-06-19,75,42,252,221
601,2004,1992-06-19,123,46,203,296
601,2005,1992-06-19,83,20,275,149
601,2006,1992-06-19,110,26,203,213
601,2007,1992-06-19,16,48,288,18
601,2008,1992-06-19,8,40,311,34
601,2009,1992-06-19,148,37,87,693
601,2010,1992-06-19,137,41,176,678
601,2011,1992-06-19,112,38,10,365
601,2012,1992-06-19,114,16,114,502
601,2013,1992-06-19,67,28,210,70
601,2014,1992-06-19,12,36,234,49
601,2015,1992-06-19,93,9,471,116
601,2016,1992-06-19,58,1,242,234
601,2017,1992-06-19,140,17,297,407
602,2013,2013-oc-23,120,1,262,439
602,2014,2013-oc-23,17,48,458,28
602,2015,2013-oc-23,155,36,131,399
602,2016,2013-oc-23,93,11,344,238
602,2017,2013-oc-23,23,14,348,88
603,2012,2012-06-20,45,30,302,134
603,2013,2012-06-20,120,8,13,595
603,2014,2012-06-20,137,50,336,163
603,2015,2012-06-20,136,10,422,598
603,2016,2012-06-20,106,13,31,483
603,2017,2012-06-20,143,31,300,365
604,1994,1994-February-18,66,25,420,139
604,1995,1994-February-18,58,36,149,204
604,1996,1994-February-18,29,12,181,89
604,1997,1994-February-18,37,30,307,111
604,1998,1994-February-18,115,18,151,134
604,1999,1994-February-18,18,15,165,67
604,2000,1994-February-18,104,6,432,202
604,2001,1994-February-18,116,3,51,250
604,2002,1994-February-18,41,38,179,45
604,2003,1994-February-18,142,28,209,547
604,2004,1994-February-18,55,39,26,108
604,2005,1994-February-18,73,43,100,82
604,2006,1994-February-18,50,46,155,165
604,2007,1994-February-18,67,50,203,130
604,2008,1994-February-18,44,4,106,100
604,2009,1994-February-18,61,15,300,268
604,2010,1994-February-18,133,30,221,377
604,2011,1994-February-18,56,10,278,226
604,2012,1994-February-18,129,7,241,506
604,2013,1994-February-18,65,24,92,93
604,2014,1994-February-18,105,42,471,108
604,2015,1994-February-18,133,25,311,164
604,2016,1994-February-18,13,12,310,40
604,2017,1994-February-18,25,48,62,119
605,2005,2005-ag-11,126,20,215,474
605,2006,2005-ag-11,68,4,52,98
605,2007,2005-ag-11,72,26,214,195
605,2008,2005-ag-11,18,32,235,65
605,2009,2005-ag-11,26,7,246,84
605,2010,2005-ag-11,33,30,219,36
605,2011,2005-ag-11,38,17,80,172
605,2012,2005-ag-11,134,49,346,164
605,2013,2005-ag-11,78,18,114,154
605,2014,2005-ag-11,31,40,100,130
605,2015,2005-ag-11,84,36,231,276
605,2016,2005-ag-11,38,48,214,82
605,2017,2005-ag-11,154,7,23,264
606,2008,2008-dec-6,58,28,325,131
606,2009,2008-dec-6,26,37,92,103
606,2010,2008-dec-6,27,10,327,81
606,2011,2008-dec-6,106,45,136,396
606,2012,2008-dec-6,160,36,95,642
606,2013,2008-dec-6,109,5,239,236
606,2014,2008-dec-6,28,18,126,36
606,2015,2008-dec-6,80,43,309,94
606,2016,2008-dec-6,53,4,180,216
606,2017,2008-dec-6,100,7,218,229
607,2010,2010-sp-24,79,41,86,236
607,2011,2010-sp-24,94,7,22,104
607,2012,2010-sp-24,140,44,166,507
607,2013,2010-sp-24,17,1,85,76
607,2014,2010-sp-24,37,29,83,154
607,2015,2010-sp-24,59,27,500,122
607,2016,2010-sp-24,14,32,309,39
607,2017,2010-sp-24,122,46,418,225
608,2012,2012-apr-19,156,33,341,415
608,2013,2012-apr-19,25,2,106,52
608,2014,2012-apr-19,142,23,432,707
608,2015,2012-apr-19,88,33,459,406
608,2016,2012-apr-19,30,43,490,84
608,2017,2012-apr-19,102,41,66,445
609,2016,2016-nv-17,93,23,167,268
609,2017,2016-nv-17,77,18,338,215
610,2009,2009-dec-19,159,49,58,253
610,2010,2009-dec-19,33,15,420,50
610,2011,2009-dec-19,81,39,209,172
610,2012,2009-dec-19,64,41,195,174
610,2013,2009-dec-19,37,44,192,154
610,2014,2009-dec-19,67,21,405,307
610,2015,2009-dec-19,60,20,350,143
610,2016,2009-dec-19,157,22,150,653
610,2017,2009-dec-19,84,48,423,205
611,1998,1998-July-22,135,42,343,657
611,1999,1998-July-22,49,37,486,213
611,2000,1998-July-22,46,47,56,51
611,2001,1998-July-22,86,50,305,368
611,2002,1998-July-22,34,17,259,163
611,2003,1998-July-22,92,27,113,341
611,2004,1998-July-22,67,24,373,97
611,2005,1998-July-22,51,37,64,96
611,2006,1998-July-22,10,11,316,37
611,2007,1998-July-22,35,42,86,56
611,2008,1998-July-22,123,49,201,467
611,2009,1998-July-22,147,4,41,460
611,2010,1998-July-22,123,29,417,270
611,2011,1998-July-22,85,24,7,94
611,2012,1998-July-22,33,29,300,46
611,2013,1998-July-22,144,50,34,553
611,2014,1998-July-22,92,25,202,337
611,2015,1998-July-22,149,36,184,415
611,2016,1998-July-22,142,30,3,255
611,2017,1998-July-22,120,43,467,272
612,1996,1996-ju-11,95,19,102,258
612,1997,1996-ju-11,136,11,170,588
612,1998,1996-ju-11,148,23,140,150
612,1999,1996-ju-11,30,13,236,116
612,2000,1996-ju-11,88,29,415,113
612,2001,1996-ju-11,59,33,228,200
612,2002,1996-ju-11,115,27,141,523
612,2003,1996-ju-11,115,22,288,406
612,2004,1996-ju-11,93,41,153,302
612,2005,1996-ju-11,84,37,3,289
612,2006,1996-ju-11,89,12,199,380
612,2007,1996-ju-11,52,24,352,158
612,2008,1996-ju-11,14,34,424,48
612,2009,1996-ju-11,91,5,74,328
612,2010,1996-ju-11,30,43,210,133
612,2011,1996-ju-11,60,41,414,263
612,2012,1996-ju-11,38,39,262,180
612,2013,1996-ju-11,57,11,445,273
612,2014,1996-ju-11,37,13,335,44
612,2015,1996-ju-11,45,27,63,69
612,2016,1996-ju-11,95,43,289,97
612,2017,1996-ju-11,27,22,167,132
613,1993,1993-06-22,84,48,167,226
613,1994,1993-06-22,17,24,173,45
613,1995,1993-06-22,119,39,213,567
613,1996,1993-06-22,17,34,149,49
613,1997,1993-06-22,89,39,386,328
613,1998,1993-06-22,35,31,145,57
613,1999,1993-06-22,137,48,474,645
613,2000,1993-06-22,112,15,232,305
613,2001,1993-06-22,72,24,284,256
613,2002,1993-06-22,124,27,209,467
613,2003,1993-06-22,158,50,30,160
613,2004,1993-06-22,96,29,112,379
613,2005,1993-06-22,8,47,419,16
613,2006,1993-06-22,51,19,408,253
613,2007,1993-06-22,151,28,96,475
613,2008,1993-06-22,135,26,156,468
613,2009,1993-06-22,64,44,155,112
613,2010,1993-06-22,15,25,308,41
613,2011,1993-06-22,99,20,60,307
613,2012,1993-06-22,59,29,180,228
613,2013,1993-06-22,72,5,151,215
613,2014,1993-06-22,59,12,58,158
613,2015,1993-06-22,145,11,429,722
613,2016,1993-06-22,109,1,21,356
613,2017,1993-06-22,111,50,119,153
614,2009,2009-May-9,134,22,292,496
614,2010,2009-May-9,86,42,212,222
614,2011,2009-May-9,41,3,154,192
614,2012,2009-May-9,87,42,498,233
614,2013,2009-May-9,91,29,168,345
614,2014,2009-May-9,76,13,475,145
614,2015,2009-May-9,154,7,420,221
614,2016,2009-May-9,143,44,353,182
614,2017,2009-May-9,156,40,93,616
615,2008,2008-jan-5,99,32,169,236
615,2009,2008-jan-5,72,43,466,335
615,2010,2008-jan-5,24,37,98,106
615,2011,2008-jan-5,89,39,380,206
615,2012,2008-jan-5,104,6,108,297
615,2013,2008-jan-5,153,14,500,613
615,2014,2008-jan-5,42,15,411,46
615,2015,2008-jan-5,85,49,426,341
615,2016,2008-jan-5,142,48,221,587
615,2017,2008-jan-5,127,12,418,282
616,2014,2014-December-12,70,21,75,177
616,2015,2014-December-12,81,35,325,297
616,2016,2014-December-12,130,31,3,179
616,2017,2014-December-12,40,11,175,97
617,1993,1993-04-17,156,15,165,769
617,1994,1993-04-17,119,2,45,560
617,1995,1993-04-17,87,4,167,374
617,1996,1993-04-17,113,30,2,169
617,1997,1993-04-17,101,5,425,274
617,1998,1993-04-17,53,27,245,101
617,1999,1993-04-17,106,46,81,223
617,2000,1993-04-17,99,36,29,368
617,2001,1993-04-17,116,9,257,435
617,2002,1993-04-17,94,50,361,227
617,2003,1993-04-17,52,1,341,147
617,2004,1993-04-17,33,50,2,63
617,2005,1993-04-17,13,43,175,15
617,2006,1993-04-17,97,20,348,206
617,2007,1993-04-17,98,20,34,402
617,2008,1993-04-17,106,50,274,302
617,2009,1993-04-17,21,31,171,40
617,2010,1993-04-17,36,15,46,117
617,2011,1993-04-17,159,14,489,449
617,2012,1993-04-17,21,31,146,47
617,2013,1993-04-17,152,22,24,270
617,2014,1993-04-17,18,37,295,70
617,2015,1993-04-17,123,13,309,474
617,2016,1993-04-17,56,3,414,259
617,2017,1993-04-17,140,35,466,373
618,2004,2004-June-8,124,34,207,127
618,2005,2004-June-8,85,33,94,354
618,2006,2004-June-8,128,28,224,403
618,2007,2004-June-8,158,46,72,666
618,2008,2004-June-8,94,23,71,237
618,2009,2004-June-8,33,30,43,76
618,2010,2004-June-8,39,44,484,119
618,2011,2004-June-8,87,45,119,165
618,2012,2004-June-8,102,20,147,139
618,2013,2004-June-8,22,28,352,88
618,2014,2004-June-8,17,44,233,26
618,2015,2004-June-8,30,7,49,106
618,2016,2004-June-8,144,31,405,493
618,2017,2004-June-8,96,18,61,190
619,2012,2012-spt-17,138,29,21,400
619,2013,2012-spt-17,122,27,369,259
619,2014,2012-spt-17,145,47,158,538
619,2015,2012-spt-17,33,39,198,83
619,2016,2012-spt-17,138,37,158,316
619,2017,2012-spt-17,86,40,296,88
620,1994,1994-08-9,143,16,84,708
620,1995,1994-08-9,139,30,71,371
620,1996,1994-08-9,88,33,175,127
620,1997,1994-08-9,38,39,208,81
620,1998,1994-08-9,49,27,19,192
620,1999,1994-08-9,125,16,309,200
620,2000,1994-08-9,47,34,143,138
620,2001,1994-08-9,84,23,469,156
620,2002,1994-08-9,72,35,161,163
620,2003,1994-08-9,29,9,251,39
620,2004,1994-08-9,91,39,230,147
620,2005,1994-08-9,72,39,447,87
620,2006,1994-08-9,118,23,111,402
620,2007,1994-08-9,52,39,452,180
620,2008,1994-08-9,84,35,143,131
620,2009,1994-08-9,40,47,111,186
620,2010,1994-08-9,94,30,165,267
620,2011,1994-08-9,110,35,470,159
620,2012,1994-08-9,79,14,423,266
620,2013,1994-08-9,142,3,109,276
620,2014,1994-08-9,52,19,51,163
620,2015,1994-08-9,66,41,111,163
620,2016,1994-08-9,118,17,497,424
620,2017,1994-08-9,140,35,213,218
621,2005,2005-April-4,30,8,74,125
621,2006,2005-April-4,52,27,340,88
621,2007,2005-April-4,20,15,109,58
621,2008,2005-April-4,49,30,478,180
621,2009,2005-April-4,115,39,295,224
621,2010,2005-April-4,110,7,488,184
621,2011,2005-April-4,110,4,155,394
621,2012,2005-April-4,80,35,90,333
621,2013,2005-April-4,152,36,431,176
621,2014,2005-April-4,116,30,490,456
621,2015,2005-April-4,49,8,236,194
621,2016,2005-April-4,42,39,222,163
621,2017,2005-April-4,135,11,371,283
622,1997,1997-jul-17,70,31,430,233
622,1998,1997-jul-17,104,32,308,299
622,1999,1997-jul-17,95,2,366,153
622,2000,1997-jul-17,21,45,185,50
622,2001,1997-jul-17,40,40,378,76
622,2002,1997-jul-17,49,3,333,232
622,2003,1997-jul-17,28,40,375,50
622,2004,1997-jul-17,44,19,129,61
622,2005,1997-jul-17,121,11,317,496
622,2006,1997-jul-17,29,18,24,118
622,2007,1997-jul-17,125,50,411,486
622,2008,1997-jul-17,141,45,486,537
622,2009,1997-jul-17,63,44,451,273
622,2010,1997-jul-17,52,17,77,156
622,2011,1997-jul-17,13,6,412,15
622,2012,1997-jul-17,160,49,273,233
622,2013,1997-jul-17,136,22,382,639
622,2014,1997-jul-17,139,40,142,338
622,2015,1997-jul-17,52,48,259,74
622,2016,1997-jul-17,31,13,257,59
622,2017,1997-jul-17,151,1,399,378
623,2006,2006-oc-21,120,3,106,328
623,2007,2006-oc-21,119,23,397,428
623,2008,2006-oc-21,147,2,431,330
623,2009,2006-oc-21,47,2,236,200
623,2010,2006-oc-21,115,35,479,327
623,2011,2006-oc-21,56,3,174,103
623,2012,2006-oc-21,118,45,400,417
623,2013,2006-oc-21,127,17,122,233
623,2014,2006-oc-21,87,6,159,187
623,2015,2006-oc-21,111,5,435,234
623,2016,2006-oc-21,29,42,433,141
623,2017,2006-oc-21,85,37,149,153
624,2009,2009-11-2,115,14,369,365
624,2010,2009-11-2,11,44,262,23
624,2011,2009-11-2,122,42,117,373
624,2012,2009-11-2,52,29,45,182
624,2013,2009-11-2,58,14,327,258
624,2014,2009-11-2,44,37,151,106
624,2015,2009-11-2,117,17,364,418
624,2016,2009-11-2,79,7,234,137
624,2017,2009-11-2,116,6,326,168
625,2002,2002-jul-20,75,21,286,110
625,2003,2002-jul-20,47,47,449,222
625,2004,2002-jul-20,99,39,46,486
625,2005,2002-jul-20,14,19,487,37
625,2006,2002-jul-20,8,48,195,14
625,2007,2002-jul-20,147,46,124,252
625,2008,2002-jul-20,113,41,141,555
625,2009,2002-jul-20,150,5,202,316
625,2010,2002-jul-20,135,36,118,623
625,2011,2002-jul-20,50,13,453,126
625,2012,2002-jul-20,93,13,297,203
625,2013,2002-jul-20,38,4,391,164
625,2014,2002-jul-20,64,15,149,237
625,2015,2002-jul-20,90,47,306,441
625,2016,2002-jul-20,29,41,225,93
625,2017,2002-jul-20,153,40,149,372
626,2006,2006-nov-20,70,39,293,259
626,2007,2006-nov-20,136,18,459,547
626,2008,2006-nov-20,66,34,401,105
626,2009,2006-nov-20,22,3,475,69
626,2010,2006-nov-20,68,21,69,122
626,2011,2006-nov-20,14,1,444,51
626,2012,2006-nov-20,78,45,129,88
626,2013,2006-nov-20,113,13,141,302
626,2014,2006-nov-20,112,22,94,505
626,2015,2006-nov-20,80,28,124,254
626,2016,2006-nov-20,103,40,77,352
626,2017,2006-nov-20,124,10,293,212
627,1990,1990-sp-25,80,43,277,216
627,1991,1990-sp-25,59,34,371,109
627,1992,1990-sp-25,31,34,420,71
627,1993,1990-sp-25,139,34,358,421
627,1994,1990-sp-25,45,22,490,168
627,1995,1990-sp-25,97,44,236,448
627,1996,1990-sp-25,125,9,87,270
627,1997,1990-sp-25,46,14,373,186
627,1998,1990-sp-25,136,13,80,445
627,1999,1990-sp-25,16,24,263,24
627,2000,1990-sp-25,83,31,259,128
627,2001,1990-sp-25,159,41,385,162
627,2002,1990-sp-25,120,22,141,161
627,2003,1990-sp-25,31,30,206,58
627,2004,1990-sp-25,121,40,85,468
627,2005,1990-sp-25,52,21,379,97
627,2006,1990-sp-25,10,11,289,12
627,2007,1990-sp-25,15,7,213,28
627,2008,1990-sp-25,48,30,113,157
627,2009,1990-sp-25,26,7,18,59
627,2010,1990-sp-25,91,5,359,155
627,2011,1990-sp-25,24,10,20,83
627,2012,1990-sp-25,75,48,79,337
627,2013,1990-sp-25,145,45,181,178
627,2014,1990-sp-25,123,25,417,494
627,2015,1990-sp-25,105,27,433,359
627,2016,1990-sp-25,100,4,360,417
627,2017,1990-sp-25,118,16,85,488
