agent_id,year,total_work_hours,starting_date,total_commission
1,1998,573,15/9/1998,1966
1,1999,1838,15/9/1998,9128
1,2000,1003,15/9/1998,4139
1,2001,1692,15/9/1998,2516
1,2002,1349,15/9/1998,4633
1,2003,1802,15/9/1998,6048
1,2004,370,15/9/1998,640
1,2005,161,15/9/1998,425
1,2006,662,15/9/1998,1588
1,2007,1242,15/9/1998,5455
1,2008,1437,15/9/1998,7058
1,2009,1088,15/9/1998,2474
1,2010,242,15/9/1998,372
1,2011,401,15/9/1998,918
1,2012,1429,15/9/1998,2888
1,2013,173,15/9/1998,306
1,2014,591,15/9/1998,1136
1,2015,1910,15/9/1998,7889
1,2016,378,15/9/1998,791
1,2017,983,15/9/1998,2237
2,2006,590,28/3/2006,2687
2,2007,384,28/3/2006,1276
2,2008,928,28/3/2006,4447
2,2009,448,28/3/2006,2161
2,2010,841,28/3/2006,2213
2,2011,471,28/3/2006,1862
2,2012,1225,28/3/2006,4527
2,2013,1346,28/3/2006,2172
2,2014,1710,28/3/2006,6209
2,2015,1764,28/3/2006,2145
2,2016,516,28/3/2006,1351
2,2017,1564,28/3/2006,2959
3,2005,576,8/7/2005,2594
3,2006,582,8/7/2005,970
3,2007,1593,8/7/2005,3241
3,2008,1346,8/7/2005,5809
3,2009,652,8/7/2005,1300
3,2010,200,8/7/2005,472
3,2011,118,8/7/2005,303
3,2012,1357,8/7/2005,3323
3,2013,1062,8/7/2005,4938
3,2014,1821,8/7/2005,5932
3,2015,289,8/7/2005,420
3,2016,272,8/7/2005,1219
3,2017,729,8/7/2005,2106
4,2016,358,15/9/2016,885
4,2017,820,15/9/2016,1543
5,1992,48,24/10/1992,210
5,1993,1248,24/10/1992,3644
5,1994,1012,24/10/1992,3892
5,1995,1312,24/10/1992,6343
5,1996,108,24/10/1992,231
5,1997,845,24/10/1992,1361
5,1998,749,24/10/1992,947
5,1999,1816,24/10/1992,2938
5,2000,982,24/10/1992,4857
5,2001,256,24/10/1992,450
5,2002,149,24/10/1992,302
5,2003,397,24/10/1992,1857
5,2004,580,24/10/1992,1439
5,2005,926,24/10/1992,3862
5,2006,1226,24/10/1992,2824
5,2007,1157,24/10/1992,3320
5,2008,1799,24/10/1992,2811
5,2009,1141,24/10/1992,4365
5,2010,200,24/10/1992,469
5,2011,945,24/10/1992,4561
5,2012,1190,24/10/1992,2349
5,2013,565,24/10/1992,2272
5,2014,698,24/10/1992,885
5,2015,1087,24/10/1992,2842
5,2016,1289,24/10/1992,1521
5,2017,1229,24/10/1992,3783
6,1998,1078,20/5/1998,4474
6,1999,787,20/5/1998,2872
6,2000,313,20/5/1998,433
6,2001,1382,20/5/1998,3769
6,2002,308,20/5/1998,1094
6,2003,1097,20/5/1998,3665
6,2004,1443,20/5/1998,6663
6,2005,1699,20/5/1998,3504
6,2006,1224,20/5/1998,3103
6,2007,682,20/5/1998,3040
6,2008,1133,20/5/1998,1343
6,2009,316,20/5/1998,685
6,2010,555,20/5/1998,2441
6,2011,490,20/5/1998,1702
6,2012,437,20/5/1998,1631
6,2013,1088,20/5/1998,2058
6,2014,1307,20/5/1998,5510
6,2015,307,20/5/1998,1401
6,2016,231,20/5/1998,1131
6,2017,1187,20/5/1998,2794
7,1996,1239,11/1/1996,2624
7,1997,743,11/1/1996,1888
7,1998,1888,11/1/1996,4019
7,1999,987,11/1/1996,4632
7,2000,503,11/1/1996,887
7,2001,634,11/1/1996,3014
7,2002,414,11/1/1996,1525
7,2003,458,11/1/1996,639
7,2004,1524,11/1/1996,2470
7,2005,1538,11/1/1996,3698
7,2006,763,11/1/1996,3676
7,2007,595,11/1/1996,2001
7,2008,118,11/1/1996,466
7,2009,487,11/1/1996,769
7,2010,1384,11/1/1996,5691
7,2011,706,11/1/1996,3489
7,2012,1568,11/1/1996,7460
7,2013,709,11/1/1996,818
7,2014,734,11/1/1996,1946
7,2015,399,11/1/1996,664
7,2016,1755,11/1/1996,4297
7,2017,119,11/1/1996,281
8,2005,351,9/8/2005,1359
8,2006,188,9/8/2005,781
8,2007,600,9/8/2005,1664
8,2008,1825,9/8/2005,4454
8,2009,591,9/8/2005,1988
8,2010,1648,9/8/2005,7397
8,2011,1751,9/8/2005,5302
8,2012,1280,9/8/2005,1328
8,2013,379,9/8/2005,930
8,2014,823,9/8/2005,1316
8,2015,1719,9/8/2005,2834
8,2016,632,9/8/2005,1929
8,2017,1100,9/8/2005,2992
9,1990,624,26/9/1990,2991
9,1991,242,26/9/1990,427
9,1992,134,26/9/1990,654
9,1993,335,26/9/1990,631
9,1994,1217,26/9/1990,4967
9,1995,602,26/9/1990,798
9,1996,908,26/9/1990,1746
9,1997,1144,26/9/1990,3643
9,1998,542,26/9/1990,857
9,1999,574,26/9/1990,2289
9,2000,1369,26/9/1990,2436
9,2001,700,26/9/1990,1776
9,2002,958,26/9/1990,3669
9,2003,1263,26/9/1990,1355
9,2004,1189,26/9/1990,1893
9,2005,172,26/9/1990,562
9,2006,1807,26/9/1990,5374
9,2007,917,26/9/1990,3041
9,2008,1501,26/9/1990,6335
9,2009,787,26/9/1990,3851
9,2010,579,26/9/1990,2087
9,2011,812,26/9/1990,855
9,2012,818,26/9/1990,2833
9,2013,734,26/9/1990,2064
9,2014,485,26/9/1990,2137
9,2015,253,26/9/1990,1154
9,2016,795,26/9/1990,3628
9,2017,549,26/9/1990,997
10,2014,236,27/11/2014,703
10,2015,1008,27/11/2014,1489
10,2016,116,27/11/2014,377
10,2017,1561,27/11/2014,4103
11,2002,872,11/6/2002,3416
11,2003,451,11/6/2002,615
11,2004,263,11/6/2002,404
11,2005,1728,11/6/2002,5560
11,2006,703,11/6/2002,2543
11,2007,1305,11/6/2002,2872
11,2008,275,11/6/2002,787
11,2009,997,11/6/2002,4667
11,2010,227,11/6/2002,469
11,2011,1416,11/6/2002,5969
11,2012,631,11/6/2002,1604
11,2013,1388,11/6/2002,5436
11,2014,1801,11/6/2002,5270
11,2015,1078,11/6/2002,1563
11,2016,638,11/6/2002,2541
11,2017,977,11/6/2002,4277
12,2004,38,27/10/2004,43
12,2005,1686,27/10/2004,6716
12,2006,1463,27/10/2004,6775
12,2007,686,27/10/2004,2819
12,2008,272,27/10/2004,459
12,2009,1257,27/10/2004,6152
12,2010,1888,27/10/2004,2303
12,2011,1455,27/10/2004,6808
12,2012,1726,27/10/2004,1752
12,2013,247,27/10/2004,393
12,2014,642,27/10/2004,3170
12,2015,1218,27/10/2004,2250
12,2016,654,27/10/2004,1137
12,2017,1586,27/10/2004,5045
13,2017,261,10/3/2017,556
14,1997,1266,28/5/1997,2968
14,1998,1284,28/5/1997,1295
14,1999,1084,28/5/1997,2126
14,2000,1820,28/5/1997,5527
14,2001,1426,28/5/1997,3189
14,2002,169,28/5/1997,472
14,2003,872,28/5/1997,899
14,2004,1537,28/5/1997,3003
14,2005,832,28/5/1997,3521
14,2006,222,28/5/1997,289
14,2007,577,28/5/1997,1715
14,2008,1818,28/5/1997,8174
14,2009,111,28/5/1997,531
14,2010,1608,28/5/1997,7889
14,2011,1180,28/5/1997,1788
14,2012,419,28/5/1997,460
14,2013,619,28/5/1997,2415
14,2014,1848,28/5/1997,3642
14,2015,1850,28/5/1997,4647
14,2016,1425,28/5/1997,1550
14,2017,1547,28/5/1997,5907
15,2011,148,17/7/2011,475
15,2012,276,17/7/2011,594
15,2013,1726,17/7/2011,6466
15,2014,1510,17/7/2011,6059
15,2015,1124,17/7/2011,2481
15,2016,703,17/7/2011,2040
15,2017,1060,17/7/2011,1706
16,2003,460,9/6/2003,2046
16,2004,1527,9/6/2003,2456
16,2005,699,9/6/2003,2212
16,2006,1337,9/6/2003,4012
16,2007,220,9/6/2003,777
16,2008,379,9/6/2003,1295
16,2009,1842,9/6/2003,7886
16,2010,783,9/6/2003,1517
16,2011,1832,9/6/2003,8636
16,2012,679,9/6/2003,2714
16,2013,1245,9/6/2003,4775
16,2014,1187,9/6/2003,5800
16,2015,367,9/6/2003,698
16,2016,1378,9/6/2003,4100
16,2017,1485,9/6/2003,3935
17,2009,27,5/12/2009,40
17,2010,835,5/12/2009,1724
17,2011,183,5/12/2009,747
17,2012,1097,5/12/2009,4969
17,2013,186,5/12/2009,594
17,2014,1852,5/12/2009,3211
17,2015,704,5/12/2009,2597
17,2016,1678,5/12/2009,5841
17,2017,895,5/12/2009,3304
18,2014,351,25/10/2014,1319
18,2015,1063,25/10/2014,3594
18,2016,1791,25/10/2014,2041
18,2017,1836,25/10/2014,2942
19,1998,214,22/10/1998,611
19,1999,441,22/10/1998,865
19,2000,165,22/10/1998,779
19,2001,581,22/10/1998,2175
19,2002,342,22/10/1998,1311
19,2003,1501,22/10/1998,7268
19,2004,887,22/10/1998,2035
19,2005,1621,22/10/1998,3572
19,2006,1658,22/10/1998,8143
19,2007,818,22/10/1998,3177
19,2008,519,22/10/1998,2464
19,2009,1559,22/10/1998,1913
19,2010,560,22/10/1998,2351
19,2011,220,22/10/1998,1069
19,2012,1610,22/10/1998,3753
19,2013,715,22/10/1998,1173
19,2014,1493,22/10/1998,4710
19,2015,1322,22/10/1998,2706
19,2016,1437,22/10/1998,7129
19,2017,590,22/10/1998,2055
20,2017,1879,17/1/2017,6585
21,2002,92,24/6/2002,156
21,2003,1761,24/6/2002,5545
21,2004,841,24/6/2002,1593
21,2005,341,24/6/2002,1311
21,2006,478,24/6/2002,952
21,2007,1096,24/6/2002,1399
21,2008,307,24/6/2002,789
21,2009,223,24/6/2002,667
21,2010,1115,24/6/2002,4646
21,2011,1273,24/6/2002,6018
21,2012,960,24/6/2002,1673
21,2013,1471,24/6/2002,5297
21,2014,1006,24/6/2002,3467
21,2015,1610,24/6/2002,7587
21,2016,673,24/6/2002,2800
21,2017,427,24/6/2002,1928
22,2011,341,25/2/2011,692
22,2012,525,25/2/2011,2582
22,2013,230,25/2/2011,425
22,2014,196,25/2/2011,783
22,2015,669,25/2/2011,3343
22,2016,1651,25/2/2011,5860
22,2017,1418,25/2/2011,1638
23,2007,1108,7/4/2007,5419
23,2008,116,7/4/2007,126
23,2009,1558,7/4/2007,5505
23,2010,1460,7/4/2007,4627
23,2011,580,7/4/2007,2034
23,2012,96,7/4/2007,173
23,2013,1177,7/4/2007,5427
23,2014,283,7/4/2007,348
23,2015,752,7/4/2007,3136
23,2016,1356,7/4/2007,3467
23,2017,861,7/4/2007,3547
24,2000,48,25/12/2000,158
24,2001,1192,25/12/2000,3443
24,2002,793,25/12/2000,887
24,2003,719,25/12/2000,2744
24,2004,393,25/12/2000,1095
24,2005,705,25/12/2000,1503
24,2006,1321,25/12/2000,3184
24,2007,1304,25/12/2000,2895
24,2008,770,25/12/2000,3009
24,2009,1106,25/12/2000,1172
24,2010,1273,25/12/2000,2436
24,2011,1880,25/12/2000,4426
24,2012,1295,25/12/2000,4668
24,2013,1557,25/12/2000,2065
24,2014,1194,25/12/2000,3027
24,2015,134,25/12/2000,376
24,2016,190,25/12/2000,256
24,2017,1046,25/12/2000,1153
25,2015,1367,2/2/2015,6212
25,2016,1421,2/2/2015,3310
25,2017,1198,2/2/2015,3874
26,2013,222,10/4/2013,628
26,2014,161,10/4/2013,647
26,2015,1777,10/4/2013,5212
26,2016,1576,10/4/2013,2891
26,2017,940,10/4/2013,2501
27,2016,1164,21/2/2016,2069
27,2017,1431,21/2/2016,4392
28,2003,1512,14/1/2003,4384
28,2004,287,14/1/2003,444
28,2005,1153,14/1/2003,1550
28,2006,1156,14/1/2003,2306
28,2007,101,14/1/2003,287
28,2008,1189,14/1/2003,4913
28,2009,1430,14/1/2003,4187
28,2010,1840,14/1/2003,3781
28,2011,1706,14/1/2003,4091
28,2012,1422,14/1/2003,2387
28,2013,1454,14/1/2003,4562
28,2014,143,14/1/2003,697
28,2015,1383,14/1/2003,4119
28,2016,833,14/1/2003,3689
28,2017,1284,14/1/2003,6002
29,1991,1402,10/2/1991,6574
29,1992,148,10/2/1991,273
29,1993,1133,10/2/1991,4740
29,1994,335,10/2/1991,486
29,1995,487,10/2/1991,2058
29,1996,1768,10/2/1991,6833
29,1997,1501,10/2/1991,3251
29,1998,606,10/2/1991,2992
29,1999,468,10/2/1991,1034
29,2000,1380,10/2/1991,5054
29,2001,1362,10/2/1991,5119
29,2002,1207,10/2/1991,3435
29,2003,1591,10/2/1991,7309
29,2004,1904,10/2/1991,7861
29,2005,180,10/2/1991,324
29,2006,1572,10/2/1991,7762
29,2007,610,10/2/1991,2432
29,2008,1735,10/2/1991,5515
29,2009,115,10/2/1991,465
29,2010,224,10/2/1991,287
29,2011,594,10/2/1991,1284
29,2012,1447,10/2/1991,1956
29,2013,976,10/2/1991,2867
29,2014,872,10/2/1991,2054
29,2015,1545,10/2/1991,1995
29,2016,851,10/2/1991,4122
29,2017,975,10/2/1991,1630
30,2005,152,13/12/2005,650
30,2006,243,13/12/2005,982
30,2007,314,13/12/2005,1215
30,2008,1803,13/12/2005,2821
30,2009,1507,13/12/2005,5234
30,2010,1043,13/12/2005,3857
30,2011,1571,13/12/2005,2254
30,2012,407,13/12/2005,588
30,2013,890,13/12/2005,4074
30,2014,1588,13/12/2005,1653
30,2015,1615,13/12/2005,1798
30,2016,1193,13/12/2005,5290
30,2017,1809,13/12/2005,5290
31,2001,914,9/7/2001,4509
31,2002,638,9/7/2001,892
31,2003,1170,9/7/2001,5651
31,2004,1315,9/7/2001,3895
31,2005,374,9/7/2001,666
31,2006,799,9/7/2001,3604
31,2007,1714,9/7/2001,2776
31,2008,1207,9/7/2001,3151
31,2009,1484,9/7/2001,3568
31,2010,1053,9/7/2001,3718
31,2011,140,9/7/2001,341
31,2012,368,9/7/2001,1744
31,2013,475,9/7/2001,2267
31,2014,252,9/7/2001,465
31,2015,1433,9/7/2001,2860
31,2016,356,9/7/2001,455
31,2017,272,9/7/2001,759
32,2004,832,17/7/2004,2898
32,2005,993,17/7/2004,4448
32,2006,401,17/7/2004,1881
32,2007,1389,17/7/2004,2177
32,2008,1113,17/7/2004,5040
32,2009,1475,17/7/2004,6443
32,2010,704,17/7/2004,853
32,2011,245,17/7/2004,726
32,2012,444,17/7/2004,1665
32,2013,1257,17/7/2004,4598
32,2014,568,17/7/2004,833
32,2015,1522,17/7/2004,3008
32,2016,1138,17/7/2004,5154
32,2017,1175,17/7/2004,2880
33,2010,306,26/4/2010,1400
33,2011,961,26/4/2010,2996
33,2012,1797,26/4/2010,2391
33,2013,284,26/4/2010,693
33,2014,1902,26/4/2010,4526
33,2015,1052,26/4/2010,4231
33,2016,1189,26/4/2010,4150
33,2017,375,26/4/2010,1397
34,2017,262,22/5/2017,655
35,1997,302,24/11/1997,805
35,1998,547,24/11/1997,1757
35,1999,529,24/11/1997,614
35,2000,1488,24/11/1997,4023
35,2001,136,24/11/1997,198
35,2002,1401,24/11/1997,4371
35,2003,1751,24/11/1997,5843
35,2004,1751,24/11/1997,2668
35,2005,551,24/11/1997,1955
35,2006,933,24/11/1997,3200
35,2007,842,24/11/1997,1979
35,2008,1908,24/11/1997,9060
35,2009,163,24/11/1997,230
35,2010,450,24/11/1997,1676
35,2011,883,24/11/1997,1452
35,2012,1254,24/11/1997,2005
35,2013,476,24/11/1997,660
35,2014,1048,24/11/1997,1711
35,2015,280,24/11/1997,358
35,2016,870,24/11/1997,2564
35,2017,1385,24/11/1997,1745
36,2009,846,25/2/2009,1685
36,2010,951,25/2/2009,1707
36,2011,406,25/2/2009,1055
36,2012,913,25/2/2009,4212
36,2013,689,25/2/2009,3095
36,2014,1216,25/2/2009,2393
36,2015,1443,25/2/2009,4777
36,2016,177,25/2/2009,751
36,2017,511,25/2/2009,1139
37,2002,233,19/11/2002,390
37,2003,635,19/11/2002,1640
37,2004,1571,19/11/2002,4337
37,2005,595,19/11/2002,1369
37,2006,1453,19/11/2002,6427
37,2007,1783,19/11/2002,3294
37,2008,1631,19/11/2002,5951
37,2009,1294,19/11/2002,4155
37,2010,1811,19/11/2002,2581
37,2011,602,19/11/2002,2466
37,2012,772,19/11/2002,1981
37,2013,1029,19/11/2002,2579
37,2014,1641,19/11/2002,5259
37,2015,497,19/11/2002,2319
37,2016,702,19/11/2002,3182
37,2017,1515,19/11/2002,6863
38,1991,436,24/8/1991,1926
38,1992,1910,24/8/1991,6322
38,1993,1543,24/8/1991,4053
38,1994,192,24/8/1991,608
38,1995,1494,24/8/1991,6651
38,1996,868,24/8/1991,1303
38,1997,205,24/8/1991,230
38,1998,1132,24/8/1991,1602
38,1999,603,24/8/1991,1991
38,2000,323,24/8/1991,622
38,2001,1593,24/8/1991,4738
38,2002,386,24/8/1991,1119
38,2003,1903,24/8/1991,8325
38,2004,602,24/8/1991,1466
38,2005,100,24/8/1991,197
38,2006,293,24/8/1991,1464
38,2007,131,24/8/1991,375
38,2008,1692,24/8/1991,8102
38,2009,173,24/8/1991,566
38,2010,945,24/8/1991,2296
38,2011,1806,24/8/1991,6473
38,2012,1595,24/8/1991,3897
38,2013,1739,24/8/1991,4958
38,2014,1552,24/8/1991,6566
38,2015,1855,24/8/1991,6555
38,2016,1750,24/8/1991,5999
38,2017,1254,24/8/1991,5446
39,2013,490,6/4/2013,2100
39,2014,570,6/4/2013,2689
39,2015,894,6/4/2013,4250
39,2016,1001,6/4/2013,2351
39,2017,1763,6/4/2013,6348
40,2006,859,16/4/2006,2653
40,2007,649,16/4/2006,2085
40,2008,920,16/4/2006,1856
40,2009,1769,16/4/2006,6588
40,2010,1118,16/4/2006,2750
40,2011,1024,16/4/2006,3983
40,2012,231,16/4/2006,427
40,2013,780,16/4/2006,1587
40,2014,619,16/4/2006,1170
40,2015,1491,16/4/2006,2907
40,2016,1771,16/4/2006,5407
40,2017,1837,16/4/2006,4298
41,1990,376,13/9/1990,1221
41,1991,399,13/9/1990,1892
41,1992,268,13/9/1990,1209
41,1993,756,13/9/1990,1900
41,1994,1899,13/9/1990,2208
41,1995,1037,13/9/1990,1835
41,1996,308,13/9/1990,783
41,1997,346,13/9/1990,884
41,1998,943,13/9/1990,4187
41,1999,1371,13/9/1990,5712
41,2000,245,13/9/1990,262
41,2001,135,13/9/1990,406
41,2002,904,13/9/1990,1433
41,2003,1348,13/9/1990,5737
41,2004,1323,13/9/1990,5224
41,2005,1501,13/9/1990,7355
41,2006,1678,13/9/1990,4128
41,2007,511,13/9/1990,2023
41,2008,250,13/9/1990,996
41,2009,1490,13/9/1990,2580
41,2010,1639,13/9/1990,6989
41,2011,315,13/9/1990,935
41,2012,126,13/9/1990,612
41,2013,477,13/9/1990,1204
41,2014,1500,13/9/1990,4537
41,2015,339,13/9/1990,1657
41,2016,1037,13/9/1990,3726
41,2017,921,13/9/1990,3231
42,1993,376,14/8/1993,1628
42,1994,681,14/8/1993,1469
42,1995,601,14/8/1993,744
42,1996,1131,14/8/1993,4530
42,1997,1794,14/8/1993,4615
42,1998,817,14/8/1993,3442
42,1999,1256,14/8/1993,4398
42,2000,175,14/8/1993,858
42,2001,1745,14/8/1993,1933
42,2002,1116,14/8/1993,3635
42,2003,1572,14/8/1993,4206
42,2004,1780,14/8/1993,5935
42,2005,149,14/8/1993,301
42,2006,437,14/8/1993,924
42,2007,106,14/8/1993,225
42,2008,1685,14/8/1993,1762
42,2009,1704,14/8/1993,3549
42,2010,423,14/8/1993,504
42,2011,793,14/8/1993,3896
42,2012,676,14/8/1993,2872
42,2013,742,14/8/1993,1156
42,2014,1575,14/8/1993,1888
42,2015,1889,14/8/1993,4264
42,2016,1732,14/8/1993,2902
42,2017,995,14/8/1993,2007
43,2005,825,9/3/2005,3724
43,2006,530,9/3/2005,2475
43,2007,488,9/3/2005,2155
43,2008,840,9/3/2005,4022
43,2009,1820,9/3/2005,3082
43,2010,208,9/3/2005,331
43,2011,1388,9/3/2005,1962
43,2012,468,9/3/2005,1873
43,2013,601,9/3/2005,614
43,2014,1780,9/3/2005,8091
43,2015,1865,9/3/2005,7716
43,2016,303,9/3/2005,307
43,2017,1352,9/3/2005,3732
44,1994,251,18/3/1994,473
44,1995,198,18/3/1994,898
44,1996,838,18/3/1994,1131
44,1997,1318,18/3/1994,5764
44,1998,1633,18/3/1994,3581
44,1999,1271,18/3/1994,4667
44,2000,1046,18/3/1994,3613
44,2001,1681,18/3/1994,4084
44,2002,1703,18/3/1994,3744
44,2003,1845,18/3/1994,5358
44,2004,470,18/3/1994,2307
44,2005,1908,18/3/1994,8739
44,2006,345,18/3/1994,1710
44,2007,1276,18/3/1994,5953
44,2008,1305,18/3/1994,5626
44,2009,801,18/3/1994,3097
44,2010,474,18/3/1994,599
44,2011,1105,18/3/1994,2545
44,2012,941,18/3/1994,2118
44,2013,1113,18/3/1994,5457
44,2014,1773,18/3/1994,4101
44,2015,389,18/3/1994,1795
44,2016,495,18/3/1994,2057
44,2017,1426,18/3/1994,3845
45,2003,144,6/11/2003,183
45,2004,1332,6/11/2003,2544
45,2005,951,6/11/2003,3026
45,2006,1068,6/11/2003,4998
45,2007,850,6/11/2003,1634
45,2008,1210,6/11/2003,3852
45,2009,810,6/11/2003,2416
45,2010,1307,6/11/2003,5031
45,2011,496,6/11/2003,1980
45,2012,1215,6/11/2003,3075
45,2013,1039,6/11/2003,4194
45,2014,502,6/11/2003,2257
45,2015,1016,6/11/2003,2409
45,2016,1916,6/11/2003,3272
45,2017,617,6/11/2003,2765
46,2016,612,9/5/2016,1253
46,2017,462,9/5/2016,1877
47,1999,1420,25/1/1999,6142
47,2000,1462,25/1/1999,6261
47,2001,820,25/1/1999,1656
47,2002,201,25/1/1999,454
47,2003,1177,25/1/1999,2403
47,2004,381,25/1/1999,642
47,2005,1782,25/1/1999,7103
47,2006,1210,25/1/1999,2457
47,2007,401,25/1/1999,1422
47,2008,1320,25/1/1999,5913
47,2009,666,25/1/1999,2908
47,2010,725,25/1/1999,1535
47,2011,505,25/1/1999,1395
47,2012,463,25/1/1999,2021
47,2013,1805,25/1/1999,1971
47,2014,445,25/1/1999,1000
47,2015,1268,25/1/1999,2077
47,2016,944,25/1/1999,3236
47,2017,1202,25/1/1999,3334
48,2001,1125,27/2/2001,3998
48,2002,1292,27/2/2001,5442
48,2003,1004,27/2/2001,4124
48,2004,1751,27/2/2001,5591
48,2005,883,27/2/2001,2545
48,2006,1088,27/2/2001,2895
48,2007,795,27/2/2001,2527
48,2008,97,27/2/2001,151
48,2009,1246,27/2/2001,5221
48,2010,1522,27/2/2001,2231
48,2011,1370,27/2/2001,6740
48,2012,947,27/2/2001,4382
48,2013,472,27/2/2001,1759
48,2014,1476,27/2/2001,4524
48,2015,1874,27/2/2001,2776
48,2016,346,27/2/2001,1322
48,2017,1671,27/2/2001,3467
49,2008,1668,20/1/2008,8233
49,2009,1698,20/1/2008,5440
49,2010,381,20/1/2008,1652
49,2011,1918,20/1/2008,4361
49,2012,413,20/1/2008,987
49,2013,623,20/1/2008,2563
49,2014,737,20/1/2008,2426
49,2015,1900,20/1/2008,8669
49,2016,189,20/1/2008,769
49,2017,388,20/1/2008,1536
50,2004,659,2/7/2004,1087
50,2005,1163,2/7/2004,3998
50,2006,1480,2/7/2004,6290
50,2007,1496,2/7/2004,3146
50,2008,1800,2/7/2004,8543
50,2009,466,2/7/2004,786
50,2010,602,2/7/2004,2068
50,2011,379,2/7/2004,1732
50,2012,1207,2/7/2004,4030
50,2013,566,2/7/2004,1441
50,2014,474,2/7/2004,1821
50,2015,1379,2/7/2004,1380
50,2016,1179,2/7/2004,1794
50,2017,356,2/7/2004,1461
51,1994,133,19/4/1994,303
51,1995,202,19/4/1994,203
51,1996,847,19/4/1994,1501
51,1997,884,19/4/1994,1588
51,1998,215,19/4/1994,253
51,1999,1501,19/4/1994,7148
51,2000,541,19/4/1994,1865
51,2001,1046,19/4/1994,1461
51,2002,1522,19/4/1994,1696
51,2003,158,19/4/1994,505
51,2004,1442,19/4/1994,4127
51,2005,1278,19/4/1994,5985
51,2006,1478,19/4/1994,4604
51,2007,1059,19/4/1994,1787
51,2008,1289,19/4/1994,1920
51,2009,545,19/4/1994,2023
51,2010,396,19/4/1994,1311
51,2011,1502,19/4/1994,6050
51,2012,1522,19/4/1994,6252
51,2013,1375,19/4/1994,6432
51,2014,349,19/4/1994,1087
51,2015,1818,19/4/1994,6703
51,2016,1179,19/4/1994,1259
51,2017,468,19/4/1994,2094
52,2001,261,28/5/2001,280
52,2002,984,28/5/2001,1772
52,2003,775,28/5/2001,2270
52,2004,1674,28/5/2001,4846
52,2005,1076,28/5/2001,3770
52,2006,356,28/5/2001,1489
52,2007,1282,28/5/2001,5851
52,2008,710,28/5/2001,1149
52,2009,1439,28/5/2001,3973
52,2010,1540,28/5/2001,6026
52,2011,477,28/5/2001,1591
52,2012,1542,28/5/2001,6695
52,2013,276,28/5/2001,781
52,2014,755,28/5/2001,2899
52,2015,127,28/5/2001,383
52,2016,883,28/5/2001,1595
52,2017,1803,28/5/2001,2929
53,1997,660,3/6/1997,2873
53,1998,173,3/6/1997,419
53,1999,877,3/6/1997,1897
53,2000,1250,3/6/1997,4069
53,2001,756,3/6/1997,775
53,2002,869,3/6/1997,3932
53,2003,1314,3/6/1997,6336
53,2004,1261,3/6/1997,6224
53,2005,796,3/6/1997,3873
53,2006,1122,3/6/1997,1262
53,2007,1315,3/6/1997,2393
53,2008,764,3/6/1997,2209
53,2009,132,3/6/1997,524
53,2010,1699,3/6/1997,4813
53,2011,1388,3/6/1997,6526
53,2012,1611,3/6/1997,2626
53,2013,365,3/6/1997,1559
53,2014,701,3/6/1997,3500
53,2015,528,3/6/1997,1776
53,2016,749,3/6/1997,1589
53,2017,1344,3/6/1997,4603
54,2010,534,15/9/2010,1378
54,2011,1854,15/9/2010,5066
54,2012,1892,15/9/2010,2221
54,2013,1160,15/9/2010,5794
54,2014,1850,15/9/2010,7662
54,2015,303,15/9/2010,392
54,2016,457,15/9/2010,1913
54,2017,1357,15/9/2010,3112
55,1996,121,25/12/1996,368
55,1997,1711,25/12/1996,3349
55,1998,199,25/12/1996,678
55,1999,550,25/12/1996,566
55,2000,1087,25/12/1996,4184
55,2001,563,25/12/1996,1618
55,2002,917,25/12/1996,2914
55,2003,845,25/12/1996,3365
55,2004,1101,25/12/1996,2932
55,2005,561,25/12/1996,2466
55,2006,1500,25/12/1996,5920
55,2007,200,25/12/1996,815
55,2008,1040,25/12/1996,4731
55,2009,675,25/12/1996,846
55,2010,470,25/12/1996,659
55,2011,1876,25/12/1996,3812
55,2012,1720,25/12/1996,5927
55,2013,633,25/12/1996,1786
55,2014,252,25/12/1996,1250
55,2015,1743,25/12/1996,6342
55,2016,676,25/12/1996,2277
55,2017,1639,25/12/1996,2900
56,2008,32,2/11/2008,80
56,2009,620,2/11/2008,1837
56,2010,1250,2/11/2008,5281
56,2011,1397,2/11/2008,3813
56,2012,1786,2/11/2008,1843
56,2013,976,2/11/2008,2762
56,2014,1454,2/11/2008,3942
56,2015,305,2/11/2008,931
56,2016,159,2/11/2008,753
56,2017,594,2/11/2008,1860
57,1991,122,10/12/1991,211
57,1992,1045,10/12/1991,2982
57,1993,1765,10/12/1991,5208
57,1994,1354,10/12/1991,5317
57,1995,1048,10/12/1991,2347
57,1996,1662,10/12/1991,2372
57,1997,118,10/12/1991,539
57,1998,1181,10/12/1991,4862
57,1999,1456,10/12/1991,3714
57,2000,343,10/12/1991,1635
57,2001,1472,10/12/1991,1596
57,2002,985,10/12/1991,3342
57,2003,1616,10/12/1991,2440
57,2004,1817,10/12/1991,4951
57,2005,848,10/12/1991,1557
57,2006,1181,10/12/1991,3881
57,2007,808,10/12/1991,3095
57,2008,1300,10/12/1991,3709
57,2009,837,10/12/1991,909
57,2010,1751,10/12/1991,3647
57,2011,904,10/12/1991,4516
57,2012,1237,10/12/1991,4165
57,2013,1053,10/12/1991,1378
57,2014,1438,10/12/1991,1914
57,2015,1103,10/12/1991,5201
57,2016,449,10/12/1991,772
57,2017,371,10/12/1991,1232
58,1995,252,28/3/1995,309
58,1996,496,28/3/1995,1048
58,1997,100,28/3/1995,421
58,1998,1879,28/3/1995,3448
58,1999,114,28/3/1995,297
58,2000,1573,28/3/1995,7749
58,2001,1525,28/3/1995,5357
58,2002,257,28/3/1995,687
58,2003,1742,28/3/1995,8216
58,2004,1863,28/3/1995,4999
58,2005,109,28/3/1995,114
58,2006,782,28/3/1995,2079
58,2007,1597,28/3/1995,4197
58,2008,1826,28/3/1995,5399
58,2009,1277,28/3/1995,5072
58,2010,374,28/3/1995,504
58,2011,786,28/3/1995,1296
58,2012,377,28/3/1995,618
58,2013,1032,28/3/1995,2824
58,2014,1485,28/3/1995,1637
58,2015,1743,28/3/1995,7490
58,2016,728,28/3/1995,1431
58,2017,919,28/3/1995,3925
59,2005,670,8/3/2005,1734
59,2006,913,8/3/2005,2435
59,2007,216,8/3/2005,431
59,2008,1193,8/3/2005,1563
59,2009,934,8/3/2005,2752
59,2010,1362,8/3/2005,3683
59,2011,1115,8/3/2005,5032
59,2012,1119,8/3/2005,2272
59,2013,1414,8/3/2005,5875
59,2014,1071,8/3/2005,1931
59,2015,240,8/3/2005,507
59,2016,625,8/3/2005,850
59,2017,1696,8/3/2005,6835
60,2001,716,6/3/2001,1083
60,2002,1398,6/3/2001,2746
60,2003,1765,6/3/2001,4140
60,2004,1144,6/3/2001,1866
60,2005,1303,6/3/2001,6002
60,2006,273,6/3/2001,1118
60,2007,1191,6/3/2001,1338
60,2008,1701,6/3/2001,5739
60,2009,1311,6/3/2001,6200
60,2010,1595,6/3/2001,7071
60,2011,583,6/3/2001,2012
60,2012,1559,6/3/2001,1716
60,2013,1027,6/3/2001,5058
60,2014,1364,6/3/2001,6720
60,2015,1563,6/3/2001,2778
60,2016,1908,6/3/2001,6399
60,2017,397,6/3/2001,1866
61,1990,350,8/10/1990,578
61,1991,871,8/10/1990,3743
61,1992,223,8/10/1990,900
61,1993,826,8/10/1990,2450
61,1994,392,8/10/1990,1343
61,1995,1829,8/10/1990,5307
61,1996,590,8/10/1990,1027
61,1997,866,8/10/1990,1807
61,1998,184,8/10/1990,259
61,1999,768,8/10/1990,1358
61,2000,1123,8/10/1990,3477
61,2001,484,8/10/1990,2042
61,2002,1103,8/10/1990,5336
61,2003,1726,8/10/1990,2775
61,2004,575,8/10/1990,2009
61,2005,445,8/10/1990,600
61,2006,767,8/10/1990,3719
61,2007,910,8/10/1990,4018
61,2008,1034,8/10/1990,1684
61,2009,1295,8/10/1990,3131
61,2010,976,8/10/1990,1783
61,2011,1216,8/10/1990,2466
61,2012,464,8/10/1990,1655
61,2013,323,8/10/1990,615
61,2014,1455,8/10/1990,3529
61,2015,1894,8/10/1990,2923
61,2016,1162,8/10/1990,2461
61,2017,797,8/10/1990,1951
62,2012,836,19/7/2012,1063
62,2013,253,19/7/2012,942
62,2014,482,19/7/2012,1285
62,2015,1163,19/7/2012,1361
62,2016,1018,19/7/2012,4111
62,2017,849,19/7/2012,2072
63,2012,632,22/9/2012,2036
63,2013,1155,22/9/2012,5342
63,2014,147,22/9/2012,710
63,2015,1214,22/9/2012,2913
63,2016,115,22/9/2012,233
63,2017,570,22/9/2012,1286
64,1992,647,17/6/1992,2717
64,1993,259,17/6/1992,504
64,1994,137,17/6/1992,595
64,1995,1327,17/6/1992,2207
64,1996,264,17/6/1992,1262
64,1997,1839,17/6/1992,5271
64,1998,435,17/6/1992,1319
64,1999,443,17/6/1992,1358
64,2000,1198,17/6/1992,1728
64,2001,1168,17/6/1992,4552
64,2002,759,17/6/1992,3713
64,2003,222,17/6/1992,420
64,2004,871,17/6/1992,3683
64,2005,1843,17/6/1992,8142
64,2006,1121,17/6/1992,2113
64,2007,1678,17/6/1992,3592
64,2008,567,17/6/1992,2016
64,2009,1036,17/6/1992,4790
64,2010,818,17/6/1992,1877
64,2011,1217,17/6/1992,1517
64,2012,1625,17/6/1992,7973
64,2013,1651,17/6/1992,3820
64,2014,1759,17/6/1992,6411
64,2015,929,17/6/1992,1972
64,2016,1894,17/6/1992,6069
64,2017,937,17/6/1992,2510
65,2016,750,25/1/2016,2819
65,2017,917,25/1/2016,1337
66,2008,497,27/8/2008,1747
66,2009,553,27/8/2008,1772
66,2010,597,27/8/2008,784
66,2011,648,27/8/2008,1559
66,2012,1550,27/8/2008,1642
66,2013,1713,27/8/2008,3408
66,2014,1748,27/8/2008,8651
66,2015,1265,27/8/2008,4113
66,2016,556,27/8/2008,2308
66,2017,1662,27/8/2008,5699
67,1995,518,9/7/1995,1089
67,1996,409,9/7/1995,1545
67,1997,1880,9/7/1995,8448
67,1998,846,9/7/1995,1684
67,1999,473,9/7/1995,2051
67,2000,418,9/7/1995,1562
67,2001,1744,9/7/1995,8125
67,2002,758,9/7/1995,2467
67,2003,410,9/7/1995,1796
67,2004,256,9/7/1995,947
67,2005,840,9/7/1995,4025
67,2006,978,9/7/1995,2270
67,2007,697,9/7/1995,2676
67,2008,1595,9/7/1995,7237
67,2009,262,9/7/1995,1220
67,2010,676,9/7/1995,2472
67,2011,209,9/7/1995,978
67,2012,1181,9/7/1995,5464
67,2013,242,9/7/1995,1139
67,2014,1028,9/7/1995,1216
67,2015,1187,9/7/1995,4332
67,2016,1170,9/7/1995,4116
67,2017,1088,9/7/1995,4422
68,2004,156,17/9/2004,238
68,2005,509,17/9/2004,2258
68,2006,441,17/9/2004,485
68,2007,697,17/9/2004,2804
68,2008,886,17/9/2004,1606
68,2009,449,17/9/2004,2074
68,2010,738,17/9/2004,1664
68,2011,672,17/9/2004,999
68,2012,1495,17/9/2004,7257
68,2013,1255,17/9/2004,5873
68,2014,1277,17/9/2004,3851
68,2015,414,17/9/2004,584
68,2016,325,17/9/2004,1087
68,2017,186,17/9/2004,666
69,1993,265,2/8/1993,958
69,1994,1764,2/8/1993,1920
69,1995,1292,2/8/1993,3744
69,1996,1196,2/8/1993,5946
69,1997,1552,2/8/1993,5990
69,1998,794,2/8/1993,3597
69,1999,1162,2/8/1993,1735
69,2000,1504,2/8/1993,1753
69,2001,478,2/8/1993,1598
69,2002,1682,2/8/1993,6609
69,2003,1006,2/8/1993,3751
69,2004,337,2/8/1993,1568
69,2005,966,2/8/1993,2751
69,2006,691,2/8/1993,2288
69,2007,424,2/8/1993,1949
69,2008,849,2/8/1993,2363
69,2009,1274,2/8/1993,1974
69,2010,588,2/8/1993,1070
69,2011,457,2/8/1993,843
69,2012,1620,2/8/1993,4608
69,2013,794,2/8/1993,3240
69,2014,974,2/8/1993,2098
69,2015,1488,2/8/1993,4244
69,2016,1161,2/8/1993,3398
69,2017,1509,2/8/1993,3744
70,1993,68,23/8/1993,262
70,1994,990,23/8/1993,4815
70,1995,1822,23/8/1993,8522
70,1996,1677,23/8/1993,7185
70,1997,169,23/8/1993,269
70,1998,308,23/8/1993,925
70,1999,1871,23/8/1993,7892
70,2000,183,23/8/1993,840
70,2001,1323,23/8/1993,3108
70,2002,1054,23/8/1993,1842
70,2003,1857,23/8/1993,6936
70,2004,171,23/8/1993,618
70,2005,638,23/8/1993,1045
70,2006,1213,23/8/1993,5024
70,2007,1378,23/8/1993,2983
70,2008,1884,23/8/1993,4726
70,2009,1839,23/8/1993,5435
70,2010,217,23/8/1993,440
70,2011,1495,23/8/1993,1557
70,2012,992,23/8/1993,2533
70,2013,859,23/8/1993,2344
70,2014,487,23/8/1993,1921
70,2015,436,23/8/1993,1201
70,2016,412,23/8/1993,1589
70,2017,299,23/8/1993,1444
71,1995,312,11/3/1995,689
71,1996,1231,11/3/1995,2467
71,1997,627,11/3/1995,958
71,1998,291,11/3/1995,783
71,1999,868,11/3/1995,3120
71,2000,1652,11/3/1995,6200
71,2001,1654,11/3/1995,5380
71,2002,611,11/3/1995,1221
71,2003,633,11/3/1995,2195
71,2004,424,11/3/1995,1552
71,2005,1675,11/3/1995,7415
71,2006,977,11/3/1995,3763
71,2007,862,11/3/1995,2703
71,2008,1630,11/3/1995,7283
71,2009,1673,11/3/1995,6428
71,2010,531,11/3/1995,2467
71,2011,1604,11/3/1995,3481
71,2012,1877,11/3/1995,4643
71,2013,1013,11/3/1995,1633
71,2014,137,11/3/1995,517
71,2015,504,11/3/1995,1188
71,2016,1163,11/3/1995,2484
71,2017,1635,11/3/1995,2864
72,2006,220,27/11/2006,516
72,2007,1603,27/11/2006,7835
72,2008,1552,27/11/2006,2690
72,2009,1664,27/11/2006,7166
72,2010,1742,27/11/2006,2948
72,2011,205,27/11/2006,535
72,2012,225,27/11/2006,726
72,2013,1331,27/11/2006,3054
72,2014,456,27/11/2006,1236
72,2015,771,27/11/2006,1479
72,2016,509,27/11/2006,559
72,2017,1427,27/11/2006,3797
73,1990,123,27/8/1990,551
73,1991,1484,27/8/1990,3330
73,1992,1675,27/8/1990,6546
73,1993,1488,27/8/1990,4663
73,1994,1896,27/8/1990,9091
73,1995,505,27/8/1990,1733
73,1996,983,27/8/1990,4334
73,1997,1819,27/8/1990,3718
73,1998,1162,27/8/1990,4155
73,1999,1356,27/8/1990,6675
73,2000,939,27/8/1990,1606
73,2001,1718,27/8/1990,2037
73,2002,214,27/8/1990,978
73,2003,230,27/8/1990,1042
73,2004,1465,27/8/1990,1492
73,2005,458,27/8/1990,1356
73,2006,882,27/8/1990,2381
73,2007,578,27/8/1990,2750
73,2008,1537,27/8/1990,5071
73,2009,256,27/8/1990,636
73,2010,589,27/8/1990,1945
73,2011,1607,27/8/1990,6826
73,2012,1735,27/8/1990,5749
73,2013,293,27/8/1990,809
73,2014,1441,27/8/1990,4558
73,2015,1193,27/8/1990,5898
73,2016,147,27/8/1990,167
73,2017,262,27/8/1990,1125
74,2005,155,6/8/2005,157
74,2006,135,6/8/2005,521
74,2007,1886,6/8/2005,8467
74,2008,1079,6/8/2005,1891
74,2009,1379,6/8/2005,3639
74,2010,133,6/8/2005,502
74,2011,1541,6/8/2005,4457
74,2012,187,6/8/2005,790
74,2013,878,6/8/2005,3008
74,2014,640,6/8/2005,2558
74,2015,359,6/8/2005,1338
74,2016,908,6/8/2005,1153
74,2017,1263,6/8/2005,5845
75,2017,231,27/9/2017,1143
76,1997,149,24/11/1997,394
76,1998,969,24/11/1997,2992
76,1999,544,24/11/1997,1342
76,2000,1555,24/11/1997,1954
76,2001,430,24/11/1997,1695
76,2002,1163,24/11/1997,1945
76,2003,602,24/11/1997,2450
76,2004,1729,24/11/1997,5175
76,2005,549,24/11/1997,1863
76,2006,1514,24/11/1997,1677
76,2007,1395,24/11/1997,5764
76,2008,672,24/11/1997,1094
76,2009,1186,24/11/1997,4134
76,2010,1122,24/11/1997,4872
76,2011,1427,24/11/1997,2368
76,2012,1100,24/11/1997,4209
76,2013,1482,24/11/1997,4531
76,2014,1482,24/11/1997,4674
76,2015,264,24/11/1997,872
76,2016,1436,24/11/1997,1495
76,2017,1406,24/11/1997,1990
77,1991,498,17/6/1991,1908
77,1992,321,17/6/1991,1170
77,1993,1545,17/6/1991,3387
77,1994,1509,17/6/1991,5992
77,1995,1537,17/6/1991,3682
77,1996,1383,17/6/1991,4052
77,1997,612,17/6/1991,1327
77,1998,1450,17/6/1991,3038
77,1999,1894,17/6/1991,5776
77,2000,1080,17/6/1991,3861
77,2001,1446,17/6/1991,5223
77,2002,310,17/6/1991,476
77,2003,367,17/6/1991,1398
77,2004,1590,17/6/1991,4120
77,2005,308,17/6/1991,1163
77,2006,1675,17/6/1991,7055
77,2007,1209,17/6/1991,3882
77,2008,1726,17/6/1991,7459
77,2009,1333,17/6/1991,5371
77,2010,729,17/6/1991,2258
77,2011,529,17/6/1991,1300
77,2012,1859,17/6/1991,7265
77,2013,1307,17/6/1991,6143
77,2014,686,17/6/1991,1371
77,2015,1535,17/6/1991,1923
77,2016,1907,17/6/1991,2273
77,2017,1806,17/6/1991,8884
78,2014,1023,15/3/2014,4727
78,2015,1369,15/3/2014,2843
78,2016,1384,15/3/2014,6239
78,2017,1386,15/3/2014,4074
79,2007,1287,22/4/2007,2972
79,2008,970,22/4/2007,2545
79,2009,1710,22/4/2007,6405
79,2010,1352,22/4/2007,2730
79,2011,1399,22/4/2007,3378
79,2012,1877,22/4/2007,4058
79,2013,854,22/4/2007,3922
79,2014,1230,22/4/2007,1255
79,2015,1488,22/4/2007,2600
79,2016,1432,22/4/2007,5754
79,2017,1920,22/4/2007,8252
80,1992,1869,2/1/1992,7329
80,1993,1403,2/1/1992,6099
80,1994,893,2/1/1992,3577
80,1995,1324,2/1/1992,4041
80,1996,571,2/1/1992,734
80,1997,1248,2/1/1992,2841
80,1998,1757,2/1/1992,2628
80,1999,576,2/1/1992,1978
80,2000,528,2/1/1992,2564
80,2001,955,2/1/1992,2584
80,2002,800,2/1/1992,2429
80,2003,1237,2/1/1992,4281
80,2004,1797,2/1/1992,3389
80,2005,1052,2/1/1992,4910
80,2006,839,2/1/1992,2028
80,2007,1647,2/1/1992,2825
80,2008,780,2/1/1992,1419
80,2009,1488,2/1/1992,3344
80,2010,1537,2/1/1992,3930
80,2011,305,2/1/1992,1516
80,2012,1815,2/1/1992,6621
80,2013,1488,2/1/1992,7420
80,2014,1847,2/1/1992,7421
80,2015,1405,2/1/1992,6549
80,2016,746,2/1/1992,3243
80,2017,696,2/1/1992,3047
81,2007,681,24/8/2007,997
81,2008,899,24/8/2007,2598
81,2009,629,24/8/2007,1294
81,2010,1113,24/8/2007,4011
81,2011,593,24/8/2007,2332
81,2012,439,24/8/2007,1824
81,2013,1498,24/8/2007,1902
81,2014,146,24/8/2007,512
81,2015,155,24/8/2007,344
81,2016,918,24/8/2007,4557
81,2017,1368,24/8/2007,5731
82,2012,32,6/11/2012,104
82,2013,1774,6/11/2012,5205
82,2014,1741,6/11/2012,1896
82,2015,1160,6/11/2012,4946
82,2016,1371,6/11/2012,1792
82,2017,1423,6/11/2012,1554
83,2016,106,2/9/2016,215
83,2017,1134,2/9/2016,3859
84,2015,136,9/12/2015,525
84,2016,346,9/12/2015,952
84,2017,1281,9/12/2015,3353
85,1998,785,11/2/1998,962
85,1999,339,11/2/1998,417
85,2000,855,11/2/1998,2083
85,2001,1665,11/2/1998,1712
85,2002,1600,11/2/1998,4475
85,2003,1100,11/2/1998,1352
85,2004,340,11/2/1998,967
85,2005,850,11/2/1998,2092
85,2006,367,11/2/1998,712
85,2007,743,11/2/1998,3066
85,2008,1876,11/2/1998,4137
85,2009,1309,11/2/1998,3236
85,2010,1225,11/2/1998,3743
85,2011,542,11/2/1998,2039
85,2012,1635,11/2/1998,2608
85,2013,188,11/2/1998,847
85,2014,1500,11/2/1998,7118
85,2015,1756,11/2/1998,8460
85,2016,1225,11/2/1998,2388
85,2017,871,11/2/1998,2122
86,2010,1540,16/1/2010,2120
86,2011,893,16/1/2010,2303
86,2012,1497,16/1/2010,6407
86,2013,121,16/1/2010,319
86,2014,1439,16/1/2010,5858
86,2015,1072,16/1/2010,4517
86,2016,1850,16/1/2010,5882
86,2017,1320,16/1/2010,3475
87,2007,603,4/4/2007,1378
87,2008,388,4/4/2007,455
87,2009,1397,4/4/2007,5821
87,2010,1418,4/4/2007,5699
87,2011,478,4/4/2007,1009
87,2012,1862,4/4/2007,4929
87,2013,1639,4/4/2007,6372
87,2014,777,4/4/2007,3613
87,2015,565,4/4/2007,1179
87,2016,486,4/4/2007,1861
87,2017,1705,4/4/2007,7548
88,1992,105,22/11/1992,414
88,1993,1684,22/11/1992,6023
88,1994,359,22/11/1992,543
88,1995,941,22/11/1992,4037
88,1996,260,22/11/1992,437
88,1997,1101,22/11/1992,3632
88,1998,1691,22/11/1992,5792
88,1999,1194,22/11/1992,2474
88,2000,1063,22/11/1992,3938
88,2001,1040,22/11/1992,3044
88,2002,1907,22/11/1992,8424
88,2003,1770,22/11/1992,6522
88,2004,1095,22/11/1992,3547
88,2005,1370,22/11/1992,6310
88,2006,849,22/11/1992,2319
88,2007,761,22/11/1992,948
88,2008,1233,22/11/1992,4406
88,2009,1293,22/11/1992,3233
88,2010,750,22/11/1992,3475
88,2011,140,22/11/1992,575
88,2012,789,22/11/1992,3812
88,2013,1369,22/11/1992,5170
88,2014,956,22/11/1992,3209
88,2015,1011,22/11/1992,3437
88,2016,365,22/11/1992,958
88,2017,188,22/11/1992,836
89,2007,108,10/2/2007,306
89,2008,1686,10/2/2007,5450
89,2009,1560,10/2/2007,5919
89,2010,1712,10/2/2007,4287
89,2011,291,10/2/2007,418
89,2012,1019,10/2/2007,2831
89,2013,1012,10/2/2007,3510
89,2014,1501,10/2/2007,2287
89,2015,1391,10/2/2007,3150
89,2016,854,10/2/2007,2849
89,2017,122,10/2/2007,404
90,2017,631,2/6/2017,1738
91,1995,1284,16/4/1995,5516
91,1996,831,16/4/1995,3257
91,1997,1378,16/4/1995,2020
91,1998,380,16/4/1995,883
91,1999,1766,16/4/1995,3128
91,2000,972,16/4/1995,2550
91,2001,1249,16/4/1995,4881
91,2002,1650,16/4/1995,2287
91,2003,432,16/4/1995,980
91,2004,809,16/4/1995,2447
91,2005,777,16/4/1995,2991
91,2006,1841,16/4/1995,4819
91,2007,1008,16/4/1995,2240
91,2008,1193,16/4/1995,1331
91,2009,173,16/4/1995,204
91,2010,1702,16/4/1995,5880
91,2011,1562,16/4/1995,7700
91,2012,235,16/4/1995,1034
91,2013,599,16/4/1995,1313
91,2014,1741,16/4/1995,5101
91,2015,979,16/4/1995,2790
91,2016,848,16/4/1995,1940
91,2017,855,16/4/1995,2567
92,2012,254,1/11/2012,769
92,2013,1906,1/11/2012,8676
92,2014,707,1/11/2012,3051
92,2015,1900,1/11/2012,9493
92,2016,1601,1/11/2012,2718
92,2017,1910,1/11/2012,6592
93,1991,739,28/7/1991,2248
93,1992,1867,28/7/1991,5451
93,1993,687,28/7/1991,3299
93,1994,809,28/7/1991,2373
93,1995,794,28/7/1991,1384
93,1996,125,28/7/1991,530
93,1997,589,28/7/1991,2402
93,1998,1428,28/7/1991,4088
93,1999,787,28/7/1991,1593
93,2000,235,28/7/1991,235
93,2001,1837,28/7/1991,7811
93,2002,725,28/7/1991,3396
93,2003,373,28/7/1991,943
93,2004,807,28/7/1991,1072
93,2005,161,28/7/1991,676
93,2006,507,28/7/1991,2368
93,2007,1780,28/7/1991,4024
93,2008,1309,28/7/1991,2597
93,2009,103,28/7/1991,441
93,2010,443,28/7/1991,601
93,2011,1313,28/7/1991,4503
93,2012,618,28/7/1991,1102
93,2013,980,28/7/1991,1108
93,2014,791,28/7/1991,2755
93,2015,1242,28/7/1991,2985
93,2016,612,28/7/1991,1462
93,2017,1535,28/7/1991,4682
94,2015,260,20/9/2015,1204
94,2016,508,20/9/2015,831
94,2017,929,20/9/2015,1566
95,1996,348,24/10/1996,1293
95,1997,746,24/10/1996,2930
95,1998,1616,24/10/1996,7197
95,1999,1579,24/10/1996,3541
95,2000,847,24/10/1996,3621
95,2001,610,24/10/1996,1122
95,2002,1017,24/10/1996,2612
95,2003,961,24/10/1996,4574
95,2004,1732,24/10/1996,5580
95,2005,432,24/10/1996,1271
95,2006,1138,24/10/1996,1564
95,2007,1919,24/10/1996,6903
95,2008,741,24/10/1996,3051
95,2009,1130,24/10/1996,4092
95,2010,185,24/10/1996,449
95,2011,1907,24/10/1996,7617
95,2012,1883,24/10/1996,3038
95,2013,584,24/10/1996,2511
95,2014,1730,24/10/1996,4932
95,2015,313,24/10/1996,1508
95,2016,1751,24/10/1996,2375
95,2017,1016,24/10/1996,3006
96,2011,1515,15/3/2011,3496
96,2012,248,15/3/2011,411
96,2013,446,15/3/2011,2165
96,2014,317,15/3/2011,773
96,2015,1080,15/3/2011,5096
96,2016,780,15/3/2011,3530
96,2017,766,15/3/2011,1865
97,2017,495,2/3/2017,1840
98,1995,142,14/8/1995,607
98,1996,270,14/8/1995,1173
98,1997,1207,14/8/1995,2886
98,1998,622,14/8/1995,3062
98,1999,1827,14/8/1995,4000
98,2000,1893,14/8/1995,4470
98,2001,328,14/8/1995,1262
98,2002,1556,14/8/1995,1744
98,2003,1049,14/8/1995,2552
98,2004,1738,14/8/1995,2441
98,2005,321,14/8/1995,590
98,2006,704,14/8/1995,725
98,2007,837,14/8/1995,3056
98,2008,530,14/8/1995,1104
98,2009,1234,14/8/1995,4154
98,2010,1818,14/8/1995,4631
98,2011,1737,14/8/1995,2639
98,2012,1225,14/8/1995,3955
98,2013,1250,14/8/1995,1878
98,2014,1166,14/8/1995,5222
98,2015,1061,14/8/1995,3845
98,2016,1224,14/8/1995,5151
98,2017,753,14/8/1995,955
99,2008,634,3/9/2008,2184
99,2009,752,3/9/2008,1221
99,2010,758,3/9/2008,2072
99,2011,1722,3/9/2008,5054
99,2012,1422,3/9/2008,5663
99,2013,1735,3/9/2008,7991
99,2014,675,3/9/2008,1480
99,2015,1245,3/9/2008,3453
99,2016,806,3/9/2008,3710
99,2017,1778,3/9/2008,7867
100,2015,130,13/6/2015,190
100,2016,474,13/6/2015,785
100,2017,1105,13/6/2015,1739
101,2004,157,11/9/2004,638
101,2005,1630,11/9/2004,6646
101,2006,295,11/9/2004,520
101,2007,306,11/9/2004,856
101,2008,239,11/9/2004,637
101,2009,102,11/9/2004,335
101,2010,758,11/9/2004,2603
101,2011,1919,11/9/2004,7637
101,2012,1761,11/9/2004,5097
101,2013,1054,11/9/2004,3029
101,2014,155,11/9/2004,179
101,2015,237,11/9/2004,1130
101,2016,1696,11/9/2004,2255
101,2017,522,11/9/2004,1345
102,2008,378,13/4/2008,475
102,2009,272,13/4/2008,544
102,2010,619,13/4/2008,3041
102,2011,948,13/4/2008,3733
102,2012,620,13/4/2008,3040
102,2013,595,13/4/2008,1919
102,2014,189,13/4/2008,640
102,2015,907,13/4/2008,2739
102,2016,1789,13/4/2008,6625
102,2017,1146,13/4/2008,1975
103,2014,284,22/9/2014,1218
103,2015,1814,22/9/2014,8127
103,2016,363,22/9/2014,1186
103,2017,454,22/9/2014,1076
104,1994,47,26/10/1994,209
104,1995,315,26/10/1994,1547
104,1996,380,26/10/1994,1545
104,1997,1895,26/10/1994,2261
104,1998,705,26/10/1994,2752
104,1999,544,26/10/1994,2654
104,2000,1258,26/10/1994,4461
104,2001,625,26/10/1994,1758
104,2002,1002,26/10/1994,1502
104,2003,1347,26/10/1994,6641
104,2004,1010,26/10/1994,3294
104,2005,1373,26/10/1994,5597
104,2006,1433,26/10/1994,4328
104,2007,211,26/10/1994,903
104,2008,1513,26/10/1994,5033
104,2009,1782,26/10/1994,5106
104,2010,777,26/10/1994,1556
104,2011,1776,26/10/1994,5379
104,2012,1477,26/10/1994,3251
104,2013,1606,26/10/1994,6358
104,2014,804,26/10/1994,1297
104,2015,634,26/10/1994,1352
104,2016,912,26/10/1994,1832
104,2017,1064,26/10/1994,5058
105,1998,928,13/3/1998,1417
105,1999,1666,13/3/1998,3192
105,2000,896,13/3/1998,4189
105,2001,277,13/3/1998,1380
105,2002,1650,13/3/1998,2293
105,2003,506,13/3/1998,2497
105,2004,899,13/3/1998,1461
105,2005,612,13/3/1998,2744
105,2006,233,13/3/1998,692
105,2007,304,13/3/1998,1194
105,2008,1027,13/3/1998,2569
105,2009,1131,13/3/1998,4660
105,2010,287,13/3/1998,1394
105,2011,1168,13/3/1998,5041
105,2012,1476,13/3/1998,2821
105,2013,1020,13/3/1998,1605
105,2014,501,13/3/1998,2461
105,2015,988,13/3/1998,4330
105,2016,299,13/3/1998,1199
105,2017,1132,13/3/1998,5001
106,1991,1234,28/3/1991,5588
106,1992,1228,28/3/1991,5979
106,1993,1124,28/3/1991,3800
106,1994,915,28/3/1991,4515
106,1995,1316,28/3/1991,6401
106,1996,220,28/3/1991,1003
106,1997,1321,28/3/1991,2409
106,1998,115,28/3/1991,216
106,1999,916,28/3/1991,1836
106,2000,1562,28/3/1991,1706
106,2001,896,28/3/1991,4362
106,2002,1054,28/3/1991,3684
106,2003,800,28/3/1991,920
106,2004,1065,28/3/1991,1232
106,2005,1293,28/3/1991,5132
106,2006,1171,28/3/1991,5177
106,2007,885,28/3/1991,3770
106,2008,454,28/3/1991,755
106,2009,251,28/3/1991,1023
106,2010,1315,28/3/1991,1505
106,2011,1732,28/3/1991,8435
106,2012,136,28/3/1991,180
106,2013,1272,28/3/1991,3236
106,2014,1824,28/3/1991,8446
106,2015,965,28/3/1991,3250
106,2016,206,28/3/1991,703
106,2017,1614,28/3/1991,2051
107,1994,713,22/7/1994,721
107,1995,1568,22/7/1994,3895
107,1996,1391,22/7/1994,4847
107,1997,325,22/7/1994,568
107,1998,1768,22/7/1994,4262
107,1999,903,22/7/1994,1003
107,2000,784,22/7/1994,3453
107,2001,1214,22/7/1994,2164
107,2002,1775,22/7/1994,2114
107,2003,880,22/7/1994,1258
107,2004,1799,22/7/1994,4262
107,2005,1891,22/7/1994,7395
107,2006,1908,22/7/1994,2379
107,2007,309,22/7/1994,640
107,2008,609,22/7/1994,1579
107,2009,344,22/7/1994,566
107,2010,1038,22/7/1994,4300
107,2011,1090,22/7/1994,5167
107,2012,157,22/7/1994,416
107,2013,807,22/7/1994,2459
107,2014,1837,22/7/1994,3384
107,2015,701,22/7/1994,939
107,2016,202,22/7/1994,382
107,2017,293,22/7/1994,506
108,1995,972,21/2/1995,4237
108,1996,1312,21/2/1995,1951
108,1997,266,21/2/1995,371
108,1998,1481,21/2/1995,5068
108,1999,139,21/2/1995,591
108,2000,1079,21/2/1995,4107
108,2001,671,21/2/1995,2908
108,2002,1077,21/2/1995,1975
108,2003,701,21/2/1995,847
108,2004,1139,21/2/1995,3696
108,2005,1915,21/2/1995,5934
108,2006,1602,21/2/1995,4643
108,2007,1819,21/2/1995,7613
108,2008,722,21/2/1995,1494
108,2009,889,21/2/1995,3027
108,2010,178,21/2/1995,493
108,2011,842,21/2/1995,2791
108,2012,604,21/2/1995,2635
108,2013,1499,21/2/1995,2438
108,2014,348,21/2/1995,1444
108,2015,1000,21/2/1995,4765
108,2016,1363,21/2/1995,1452
108,2017,1447,21/2/1995,6954
109,2001,1086,17/1/2001,4368
109,2002,955,17/1/2001,1787
109,2003,392,17/1/2001,1876
109,2004,1541,17/1/2001,1803
109,2005,1605,17/1/2001,7842
109,2006,680,17/1/2001,1757
109,2007,222,17/1/2001,259
109,2008,177,17/1/2001,591
109,2009,910,17/1/2001,2065
109,2010,1374,17/1/2001,6799
109,2011,348,17/1/2001,576
109,2012,542,17/1/2001,1268
109,2013,1400,17/1/2001,4640
109,2014,1055,17/1/2001,3757
109,2015,1326,17/1/2001,5523
109,2016,1576,17/1/2001,1923
109,2017,742,17/1/2001,2543
110,1998,476,14/4/1998,1261
110,1999,1443,14/4/1998,3336
110,2000,853,14/4/1998,1351
110,2001,1399,14/4/1998,3037
110,2002,894,14/4/1998,3997
110,2003,1278,14/4/1998,6306
110,2004,1109,14/4/1998,3772
110,2005,1520,14/4/1998,3422
110,2006,1758,14/4/1998,2280
110,2007,1524,14/4/1998,5658
110,2008,1068,14/4/1998,3643
110,2009,207,14/4/1998,669
110,2010,590,14/4/1998,1451
110,2011,343,14/4/1998,1400
110,2012,285,14/4/1998,783
110,2013,1885,14/4/1998,5694
110,2014,1236,14/4/1998,5042
110,2015,1790,14/4/1998,2130
110,2016,869,14/4/1998,898
110,2017,1691,14/4/1998,7969
111,2014,107,26/12/2014,124
111,2015,1802,26/12/2014,5863
111,2016,96,26/12/2014,345
111,2017,564,26/12/2014,1788
112,1992,1185,4/5/1992,3444
112,1993,1105,4/5/1992,4016
112,1994,1105,4/5/1992,1751
112,1995,1560,4/5/1992,4853
112,1996,1344,4/5/1992,1452
112,1997,1778,4/5/1992,2542
112,1998,1351,4/5/1992,6197
112,1999,1830,4/5/1992,4671
112,2000,712,4/5/1992,2634
112,2001,1160,4/5/1992,5201
112,2002,346,4/5/1992,516
112,2003,718,4/5/1992,1320
112,2004,849,4/5/1992,2735
112,2005,1909,4/5/1992,3757
112,2006,1673,4/5/1992,6969
112,2007,528,4/5/1992,2496
112,2008,1565,4/5/1992,5904
112,2009,96,4/5/1992,246
112,2010,1143,4/5/1992,4082
112,2011,344,4/5/1992,734
112,2012,542,4/5/1992,881
112,2013,1602,4/5/1992,5176
112,2014,558,4/5/1992,2320
112,2015,746,4/5/1992,2957
112,2016,1636,4/5/1992,1949
112,2017,1491,4/5/1992,2044
113,1993,564,4/2/1993,2640
113,1994,1081,4/2/1993,5180
113,1995,687,4/2/1993,1921
113,1996,176,4/2/1993,245
113,1997,1463,4/2/1993,7008
113,1998,1028,4/2/1993,5080
113,1999,1452,4/2/1993,1559
113,2000,1409,4/2/1993,5033
113,2001,542,4/2/1993,1495
113,2002,1147,4/2/1993,2350
113,2003,1726,4/2/1993,4954
113,2004,1902,4/2/1993,3216
113,2005,876,4/2/1993,1942
113,2006,1541,4/2/1993,3045
113,2007,969,4/2/1993,2362
113,2008,866,4/2/1993,1377
113,2009,1884,4/2/1993,7218
113,2010,242,4/2/1993,1199
113,2011,1910,4/2/1993,4588
113,2012,829,4/2/1993,1604
113,2013,1473,4/2/1993,5831
113,2014,1308,4/2/1993,3488
113,2015,820,4/2/1993,1862
113,2016,1271,4/2/1993,6189
113,2017,1370,4/2/1993,2084
114,2012,1812,23/1/2012,7328
114,2013,700,23/1/2012,1016
114,2014,1139,23/1/2012,2079
114,2015,1556,23/1/2012,7629
114,2016,811,23/1/2012,2875
114,2017,909,23/1/2012,3835
115,1998,1418,5/2/1998,5930
115,1999,645,5/2/1998,2633
115,2000,1515,5/2/1998,6416
115,2001,1315,5/2/1998,2303
115,2002,1086,5/2/1998,3017
115,2003,543,5/2/1998,1502
115,2004,1435,5/2/1998,2165
115,2005,260,5/2/1998,1160
115,2006,1107,5/2/1998,3369
115,2007,511,5/2/1998,1803
115,2008,983,5/2/1998,1460
115,2009,1617,5/2/1998,4432
115,2010,1561,5/2/1998,2674
115,2011,1224,5/2/1998,2011
115,2012,744,5/2/1998,2507
115,2013,530,5/2/1998,1784
115,2014,430,5/2/1998,823
115,2015,1346,5/2/1998,1790
115,2016,1192,5/2/1998,5813
115,2017,1745,5/2/1998,3401
116,2003,91,19/12/2003,375
116,2004,170,19/12/2003,814
116,2005,1410,19/12/2003,1963
116,2006,629,19/12/2003,2717
116,2007,1624,19/12/2003,4029
116,2008,167,19/12/2003,177
116,2009,1842,19/12/2003,6603
116,2010,524,19/12/2003,571
116,2011,427,19/12/2003,2000
116,2012,1176,19/12/2003,1492
116,2013,1529,19/12/2003,1564
116,2014,1746,19/12/2003,4542
116,2015,1062,19/12/2003,3579
116,2016,1642,19/12/2003,3117
116,2017,934,19/12/2003,3850
117,1999,52,7/12/1999,62
117,2000,319,7/12/1999,1346
117,2001,1100,7/12/1999,2318
117,2002,454,7/12/1999,795
117,2003,1346,7/12/1999,5962
117,2004,1852,7/12/1999,5371
117,2005,1700,7/12/1999,5807
117,2006,1705,7/12/1999,4688
117,2007,1360,7/12/1999,3404
117,2008,1405,7/12/1999,2690
117,2009,1206,7/12/1999,2496
117,2010,993,7/12/1999,3800
117,2011,1798,7/12/1999,7778
117,2012,1679,7/12/1999,7760
117,2013,1543,7/12/1999,6411
117,2014,1512,7/12/1999,4395
117,2015,994,7/12/1999,1324
117,2016,1472,7/12/1999,2938
117,2017,1812,7/12/1999,2248
118,2009,285,23/1/2009,375
118,2010,1676,23/1/2009,4971
118,2011,262,23/1/2009,704
118,2012,1564,23/1/2009,7293
118,2013,1609,23/1/2009,4401
118,2014,334,23/1/2009,718
118,2015,458,23/1/2009,1697
118,2016,1035,23/1/2009,4213
118,2017,1116,23/1/2009,2064
119,1992,9,7/12/1992,20
119,1993,370,7/12/1992,809
119,1994,968,7/12/1992,4719
119,1995,1187,7/12/1992,5828
119,1996,1859,7/12/1992,7729
119,1997,906,7/12/1992,944
119,1998,1254,7/12/1992,5119
119,1999,1829,7/12/1992,6505
119,2000,1650,7/12/1992,1907
119,2001,1442,7/12/1992,5905
119,2002,1080,7/12/1992,3261
119,2003,1869,7/12/1992,5523
119,2004,181,7/12/1992,443
119,2005,1378,7/12/1992,1617
119,2006,1298,7/12/1992,2802
119,2007,336,7/12/1992,1143
119,2008,1153,7/12/1992,5129
119,2009,1128,7/12/1992,3650
119,2010,826,7/12/1992,1433
119,2011,265,7/12/1992,299
119,2012,874,7/12/1992,3390
119,2013,1292,7/12/1992,1410
119,2014,286,7/12/1992,741
119,2015,542,7/12/1992,605
119,2016,1445,7/12/1992,5306
119,2017,1330,7/12/1992,3606
120,2001,331,21/5/2001,1293
120,2002,1354,21/5/2001,4471
120,2003,248,21/5/2001,966
120,2004,1677,21/5/2001,4628
120,2005,1173,21/5/2001,4278
120,2006,287,21/5/2001,545
120,2007,1625,21/5/2001,6215
120,2008,1047,21/5/2001,1688
120,2009,945,21/5/2001,1384
120,2010,1132,21/5/2001,3104
120,2011,991,21/5/2001,1247
120,2012,433,21/5/2001,645
120,2013,372,21/5/2001,1016
120,2014,1282,21/5/2001,3744
120,2015,876,21/5/2001,1565
120,2016,993,21/5/2001,1944
120,2017,1664,21/5/2001,4343
121,1996,511,23/3/1996,2460
121,1997,1846,23/3/1996,6621
121,1998,1034,23/3/1996,3266
121,1999,1123,23/3/1996,3851
121,2000,599,23/3/1996,1061
121,2001,1695,23/3/1996,5861
121,2002,1486,23/3/1996,3129
121,2003,1732,23/3/1996,2270
121,2004,297,23/3/1996,1412
121,2005,733,23/3/1996,2062
121,2006,1569,23/3/1996,6661
121,2007,721,23/3/1996,748
121,2008,1203,23/3/1996,4242
121,2009,979,23/3/1996,2741
121,2010,779,23/3/1996,3485
121,2011,1737,23/3/1996,2979
121,2012,698,23/3/1996,2524
121,2013,705,23/3/1996,1047
121,2014,574,23/3/1996,851
121,2015,1064,23/3/1996,4836
121,2016,1876,23/3/1996,5471
121,2017,148,23/3/1996,319
122,2001,313,23/10/2001,908
122,2002,772,23/10/2001,3857
122,2003,1232,23/10/2001,2324
122,2004,309,23/10/2001,1485
122,2005,1776,23/10/2001,7028
122,2006,1015,23/10/2001,1364
122,2007,1853,23/10/2001,9123
122,2008,1515,23/10/2001,5073
122,2009,280,23/10/2001,550
122,2010,495,23/10/2001,2138
122,2011,1431,23/10/2001,2799
122,2012,1815,23/10/2001,3842
122,2013,407,23/10/2001,765
122,2014,1412,23/10/2001,7027
122,2015,1470,23/10/2001,3262
122,2016,489,23/10/2001,495
122,2017,1272,23/10/2001,3651
123,1991,1506,4/3/1991,2538
123,1992,547,4/3/1991,1351
123,1993,1026,4/3/1991,5001
123,1994,982,4/3/1991,3577
123,1995,1301,4/3/1991,5751
123,1996,1889,4/3/1991,2407
123,1997,1566,4/3/1991,4259
123,1998,1067,4/3/1991,4585
123,1999,1714,4/3/1991,8524
123,2000,1622,4/3/1991,4670
123,2001,564,4/3/1991,602
123,2002,1352,4/3/1991,4909
123,2003,126,4/3/1991,352
123,2004,593,4/3/1991,2517
123,2005,1097,4/3/1991,1875
123,2006,893,4/3/1991,2909
123,2007,538,4/3/1991,1758
123,2008,263,4/3/1991,1106
123,2009,1311,4/3/1991,4683
123,2010,1055,4/3/1991,5237
123,2011,284,4/3/1991,394
123,2012,232,4/3/1991,532
123,2013,366,4/3/1991,1235
123,2014,991,4/3/1991,1325
123,2015,742,4/3/1991,1176
123,2016,163,4/3/1991,719
123,2017,1034,4/3/1991,4546
124,1993,509,4/9/1993,560
124,1994,873,4/9/1993,1768
124,1995,1206,4/9/1993,4361
124,1996,388,4/9/1993,889
124,1997,1741,4/9/1993,6810
124,1998,1110,4/9/1993,1378
124,1999,1718,4/9/1993,4450
124,2000,1771,4/9/1993,6466
124,2001,219,4/9/1993,591
124,2002,1195,4/9/1993,3494
124,2003,1758,4/9/1993,8672
124,2004,1622,4/9/1993,6794
124,2005,664,4/9/1993,1240
124,2006,1291,4/9/1993,5443
124,2007,595,4/9/1993,2745
124,2008,630,4/9/1993,2073
124,2009,631,4/9/1993,1564
124,2010,431,4/9/1993,1252
124,2011,164,4/9/1993,338
124,2012,1093,4/9/1993,4518
124,2013,989,4/9/1993,4758
124,2014,1697,4/9/1993,4800
124,2015,1823,4/9/1993,3074
124,2016,1794,4/9/1993,3421
124,2017,618,4/9/1993,2697
125,2016,493,19/5/2016,2120
125,2017,1293,19/5/2016,2572
126,1997,69,14/12/1997,72
126,1998,1640,14/12/1997,5640
126,1999,834,14/12/1997,1590
126,2000,857,14/12/1997,1296
126,2001,1796,14/12/1997,3835
126,2002,948,14/12/1997,4461
126,2003,404,14/12/1997,1795
126,2004,1436,14/12/1997,4279
126,2005,978,14/12/1997,1943
126,2006,1179,14/12/1997,2962
126,2007,1467,14/12/1997,4740
126,2008,472,14/12/1997,2010
126,2009,1705,14/12/1997,1927
126,2010,1796,14/12/1997,2744
126,2011,1754,14/12/1997,7991
126,2012,470,14/12/1997,1367
126,2013,1803,14/12/1997,2648
126,2014,1650,14/12/1997,1715
126,2015,557,14/12/1997,2534
126,2016,132,14/12/1997,185
126,2017,1188,14/12/1997,1960
127,2017,178,12/11/2017,676
128,2003,60,24/10/2003,219
128,2004,1257,24/10/2003,2261
128,2005,1265,24/10/2003,5707
128,2006,1517,24/10/2003,2377
128,2007,1910,24/10/2003,2886
128,2008,526,24/10/2003,681
128,2009,101,24/10/2003,483
128,2010,1739,24/10/2003,4386
128,2011,1358,24/10/2003,4488
128,2012,1130,24/10/2003,5568
128,2013,1050,24/10/2003,1558
128,2014,988,24/10/2003,1770
128,2015,464,24/10/2003,902
128,2016,323,24/10/2003,1128
128,2017,1611,24/10/2003,5395
129,2011,1348,10/4/2011,6111
129,2012,1419,10/4/2011,5022
129,2013,1193,10/4/2011,5712
129,2014,1804,10/4/2011,6432
129,2015,774,10/4/2011,1495
129,2016,343,10/4/2011,1660
129,2017,478,10/4/2011,1882
130,2017,1753,26/2/2017,5128
131,2016,354,14/9/2016,1332
131,2017,800,14/9/2016,3436
132,2006,51,12/12/2006,124
132,2007,773,12/12/2006,2962
132,2008,552,12/12/2006,1534
132,2009,282,12/12/2006,987
132,2010,1100,12/12/2006,4800
132,2011,591,12/12/2006,2169
132,2012,828,12/12/2006,1137
132,2013,1600,12/12/2006,5277
132,2014,551,12/12/2006,2248
132,2015,1871,12/12/2006,2221
132,2016,661,12/12/2006,2562
132,2017,188,12/12/2006,263
133,2001,1340,27/3/2001,4249
133,2002,339,27/3/2001,444
133,2003,987,27/3/2001,2218
133,2004,1701,27/3/2001,6501
133,2005,431,27/3/2001,573
133,2006,1632,27/3/2001,3070
133,2007,629,27/3/2001,2267
133,2008,1264,27/3/2001,4477
133,2009,374,27/3/2001,380
133,2010,172,27/3/2001,852
133,2011,597,27/3/2001,2472
133,2012,1456,27/3/2001,6459
133,2013,341,27/3/2001,1206
133,2014,1705,27/3/2001,2860
133,2015,731,27/3/2001,3083
133,2016,1573,27/3/2001,5213
133,2017,717,27/3/2001,1686
134,1998,1556,12/1/1998,5963
134,1999,1094,12/1/1998,2336
134,2000,1128,12/1/1998,2093
134,2001,1332,12/1/1998,5127
134,2002,1852,12/1/1998,6691
134,2003,1401,12/1/1998,3036
134,2004,1385,12/1/1998,1448
134,2005,822,12/1/1998,2591
134,2006,1234,12/1/1998,3560
134,2007,1856,12/1/1998,4478
134,2008,575,12/1/1998,975
134,2009,680,12/1/1998,1935
134,2010,1904,12/1/1998,4249
134,2011,286,12/1/1998,790
134,2012,258,12/1/1998,592
134,2013,993,12/1/1998,2245
134,2014,1633,12/1/1998,6459
134,2015,455,12/1/1998,642
134,2016,1427,12/1/1998,4972
134,2017,494,12/1/1998,2306
135,2013,1637,23/1/2013,2184
135,2014,1723,23/1/2013,8147
135,2015,241,23/1/2013,647
135,2016,1357,23/1/2013,5044
135,2017,1061,23/1/2013,4128
136,2010,224,25/3/2010,992
136,2011,207,25/3/2010,328
136,2012,135,25/3/2010,639
136,2013,1217,25/3/2010,2047
136,2014,1398,25/3/2010,4886
136,2015,1730,25/3/2010,6071
136,2016,1666,25/3/2010,4729
136,2017,1247,25/3/2010,5717
137,1996,841,9/6/1996,1053
137,1997,1279,9/6/1996,2060
137,1998,479,9/6/1996,1128
137,1999,761,9/6/1996,3321
137,2000,168,9/6/1996,820
137,2001,814,9/6/1996,1015
137,2002,1344,9/6/1996,6699
137,2003,1840,9/6/1996,2890
137,2004,328,9/6/1996,1447
137,2005,1264,9/6/1996,4437
137,2006,1484,9/6/1996,4341
137,2007,111,9/6/1996,394
137,2008,1709,9/6/1996,6442
137,2009,950,9/6/1996,1384
137,2010,189,9/6/1996,741
137,2011,1283,9/6/1996,2126
137,2012,284,9/6/1996,405
137,2013,552,9/6/1996,2605
137,2014,153,9/6/1996,710
137,2015,1719,9/6/1996,7863
137,2016,772,9/6/1996,2309
137,2017,1779,9/6/1996,7045
138,2017,72,1/11/2017,304
139,2004,1422,8/3/2004,3953
139,2005,1622,8/3/2004,4787
139,2006,1548,8/3/2004,2328
139,2007,470,8/3/2004,2164
139,2008,177,8/3/2004,753
139,2009,1730,8/3/2004,4482
139,2010,723,8/3/2004,2853
139,2011,774,8/3/2004,1486
139,2012,1702,8/3/2004,6079
139,2013,1641,8/3/2004,7334
139,2014,696,8/3/2004,2179
139,2015,1064,8/3/2004,4126
139,2016,1826,8/3/2004,8138
139,2017,1150,8/3/2004,5434
140,2009,153,15/12/2009,305
140,2010,1447,15/12/2009,6826
140,2011,1261,15/12/2009,2210
140,2012,798,15/12/2009,2550
140,2013,1843,15/12/2009,7328
140,2014,1900,15/12/2009,6073
140,2015,1192,15/12/2009,4211
140,2016,1137,15/12/2009,1140
140,2017,1052,15/12/2009,3638
141,1993,955,27/2/1993,1970
141,1994,1188,27/2/1993,2677
141,1995,1430,27/2/1993,4016
141,1996,392,27/2/1993,1779
141,1997,839,27/2/1993,3686
141,1998,1319,27/2/1993,4086
141,1999,1842,27/2/1993,8823
141,2000,716,27/2/1993,2065
141,2001,1188,27/2/1993,1764
141,2002,1232,27/2/1993,3936
141,2003,249,27/2/1993,416
141,2004,1462,27/2/1993,4313
141,2005,806,27/2/1993,854
141,2006,1580,27/2/1993,4845
141,2007,564,27/2/1993,1685
141,2008,1418,27/2/1993,6748
141,2009,290,27/2/1993,1287
141,2010,397,27/2/1993,705
141,2011,212,27/2/1993,967
141,2012,841,27/2/1993,3699
141,2013,455,27/2/1993,2083
141,2014,333,27/2/1993,750
141,2015,300,27/2/1993,821
141,2016,1900,27/2/1993,2377
141,2017,1657,27/2/1993,2556
142,1996,149,28/3/1996,265
142,1997,780,28/3/1996,3672
142,1998,897,28/3/1996,2573
142,1999,495,28/3/1996,1665
142,2000,725,28/3/1996,2395
142,2001,1418,28/3/1996,6321
142,2002,224,28/3/1996,294
142,2003,122,28/3/1996,227
142,2004,1821,28/3/1996,5785
142,2005,1199,28/3/1996,3650
142,2006,492,28/3/1996,673
142,2007,905,28/3/1996,1747
142,2008,1579,28/3/1996,7312
142,2009,755,28/3/1996,1453
142,2010,935,28/3/1996,2405
142,2011,1273,28/3/1996,5552
142,2012,993,28/3/1996,4175
142,2013,975,28/3/1996,2437
142,2014,1201,28/3/1996,5870
142,2015,520,28/3/1996,1203
142,2016,1857,28/3/1996,3051
142,2017,1213,28/3/1996,3252
143,2011,521,16/8/2011,949
143,2012,284,16/8/2011,1103
143,2013,1189,16/8/2011,1549
143,2014,1568,16/8/2011,1922
143,2015,801,16/8/2011,2249
143,2016,911,16/8/2011,3350
143,2017,978,16/8/2011,1725
144,1995,578,3/4/1995,2543
144,1996,1530,3/4/1995,5855
144,1997,380,3/4/1995,1585
144,1998,1250,3/4/1995,1294
144,1999,1149,3/4/1995,1445
144,2000,1677,3/4/1995,4153
144,2001,1843,3/4/1995,7022
144,2002,1746,3/4/1995,4501
144,2003,652,3/4/1995,2182
144,2004,1557,3/4/1995,6496
144,2005,165,3/4/1995,773
144,2006,1367,3/4/1995,2483
144,2007,1749,3/4/1995,5619
144,2008,370,3/4/1995,757
144,2009,1600,3/4/1995,5316
144,2010,860,3/4/1995,2181
144,2011,693,3/4/1995,2618
144,2012,1480,3/4/1995,3674
144,2013,1475,3/4/1995,5647
144,2014,757,3/4/1995,2620
144,2015,551,3/4/1995,762
144,2016,970,3/4/1995,3997
144,2017,1548,3/4/1995,4643
145,2016,1663,28/1/2016,2430
145,2017,760,28/1/2016,1323
146,1994,733,27/5/1994,3596
146,1995,227,27/5/1994,1039
146,1996,1817,27/5/1994,3170
146,1997,1827,27/5/1994,7733
146,1998,1329,27/5/1994,6156
146,1999,1635,27/5/1994,2434
146,2000,1491,27/5/1994,3419
146,2001,1067,27/5/1994,3051
146,2002,102,27/5/1994,138
146,2003,291,27/5/1994,500
146,2004,1627,27/5/1994,4063
146,2005,284,27/5/1994,698
146,2006,449,27/5/1994,1289
146,2007,347,27/5/1994,562
146,2008,1670,27/5/1994,5750
146,2009,856,27/5/1994,2580
146,2010,1573,27/5/1994,3839
146,2011,1589,27/5/1994,7764
146,2012,1270,27/5/1994,3631
146,2013,1161,27/5/1994,2767
146,2014,486,27/5/1994,2284
146,2015,1150,27/5/1994,2301
146,2016,1390,27/5/1994,5172
146,2017,1014,27/5/1994,1564
147,2002,1131,24/4/2002,1393
147,2003,1773,24/4/2002,7284
147,2004,747,24/4/2002,1217
147,2005,1038,24/4/2002,2560
147,2006,374,24/4/2002,1457
147,2007,1829,24/4/2002,4331
147,2008,287,24/4/2002,980
147,2009,1651,24/4/2002,2655
147,2010,493,24/4/2002,1568
147,2011,537,24/4/2002,2532
147,2012,247,24/4/2002,296
147,2013,167,24/4/2002,497
147,2014,1342,24/4/2002,2659
147,2015,239,24/4/2002,368
147,2016,329,24/4/2002,1538
147,2017,348,24/4/2002,1204
148,2011,278,5/7/2011,372
148,2012,179,5/7/2011,380
148,2013,1539,5/7/2011,7674
148,2014,389,5/7/2011,1911
148,2015,1091,5/7/2011,4739
148,2016,486,5/7/2011,2069
148,2017,522,5/7/2011,1500
149,2004,115,11/7/2004,559
149,2005,865,11/7/2004,2793
149,2006,1160,11/7/2004,5335
149,2007,440,11/7/2004,617
149,2008,1840,11/7/2004,6754
149,2009,289,11/7/2004,1317
149,2010,1472,11/7/2004,4947
149,2011,579,11/7/2004,1843
149,2012,266,11/7/2004,939
149,2013,430,11/7/2004,1662
149,2014,1251,11/7/2004,1358
149,2015,1669,11/7/2004,3052
149,2016,1511,11/7/2004,2652
149,2017,1392,11/7/2004,6761
150,2015,555,17/1/2015,1843
150,2016,1574,17/1/2015,3754
150,2017,269,17/1/2015,713
151,2015,118,22/12/2015,168
151,2016,1660,22/12/2015,8035
151,2017,1276,22/12/2015,4726
152,2004,1375,5/2/2004,1972
152,2005,702,5/2/2004,1464
152,2006,1317,5/2/2004,5255
152,2007,1025,5/2/2004,2889
152,2008,1357,5/2/2004,4448
152,2009,1012,5/2/2004,2705
152,2010,1771,5/2/2004,3803
152,2011,1722,5/2/2004,3927
152,2012,196,5/2/2004,607
152,2013,1341,5/2/2004,4187
152,2014,736,5/2/2004,1445
152,2015,1562,5/2/2004,5434
152,2016,1758,5/2/2004,8275
152,2017,1410,5/2/2004,2795
153,1993,457,8/7/1993,661
153,1994,1917,8/7/1993,7604
153,1995,1231,8/7/1993,1843
153,1996,1006,8/7/1993,1589
153,1997,264,8/7/1993,1006
153,1998,403,8/7/1993,1408
153,1999,804,8/7/1993,2590
153,2000,1561,8/7/1993,1599
153,2001,182,8/7/1993,379
153,2002,1261,8/7/1993,5535
153,2003,808,8/7/1993,891
153,2004,937,8/7/1993,2155
153,2005,1028,8/7/1993,1858
153,2006,991,8/7/1993,4449
153,2007,743,8/7/1993,1804
153,2008,1024,8/7/1993,2490
153,2009,603,8/7/1993,2502
153,2010,573,8/7/1993,2443
153,2011,358,8/7/1993,389
153,2012,661,8/7/1993,2248
153,2013,1243,8/7/1993,5032
153,2014,955,8/7/1993,1734
153,2015,1867,8/7/1993,9242
153,2016,1803,8/7/1993,4032
153,2017,1719,8/7/1993,8267
154,2012,1803,6/1/2012,4525
154,2013,440,6/1/2012,1750
154,2014,1276,6/1/2012,4427
154,2015,897,6/1/2012,2269
154,2016,1863,6/1/2012,7649
154,2017,1190,6/1/2012,3762
155,1995,270,21/3/1995,410
155,1996,1842,21/3/1995,8867
155,1997,431,21/3/1995,1000
155,1998,773,21/3/1995,912
155,1999,1613,21/3/1995,6209
155,2000,396,21/3/1995,1041
155,2001,1281,21/3/1995,6295
155,2002,903,21/3/1995,1574
155,2003,520,21/3/1995,1069
155,2004,110,21/3/1995,337
155,2005,1377,21/3/1995,3866
155,2006,1770,21/3/1995,2436
155,2007,500,21/3/1995,2417
155,2008,1481,21/3/1995,4814
155,2009,367,21/3/1995,903
155,2010,1215,21/3/1995,2107
155,2011,1313,21/3/1995,1367
155,2012,1162,21/3/1995,1290
155,2013,897,21/3/1995,1426
155,2014,682,21/3/1995,2621
155,2015,1346,21/3/1995,5765
155,2016,304,21/3/1995,334
155,2017,264,21/3/1995,1296
156,1993,541,18/3/1993,2633
156,1994,421,18/3/1993,1764
156,1995,1224,18/3/1993,3049
156,1996,1151,18/3/1993,3185
156,1997,1162,18/3/1993,4938
156,1998,728,18/3/1993,2929
156,1999,676,18/3/1993,2697
156,2000,102,18/3/1993,142
156,2001,1620,18/3/1993,6779
156,2002,301,18/3/1993,1112
156,2003,1897,18/3/1993,2049
156,2004,986,18/3/1993,4835
156,2005,554,18/3/1993,764
156,2006,561,18/3/1993,2695
156,2007,533,18/3/1993,1812
156,2008,190,18/3/1993,409
156,2009,1888,18/3/1993,7556
156,2010,1050,18/3/1993,3005
156,2011,1395,18/3/1993,6261
156,2012,1462,18/3/1993,7185
156,2013,325,18/3/1993,857
156,2014,860,18/3/1993,3719
156,2015,1895,18/3/1993,2300
156,2016,814,18/3/1993,2975
156,2017,1240,18/3/1993,3317
157,2012,78,14/4/2012,172
157,2013,262,14/4/2012,1160
157,2014,1151,14/4/2012,4795
157,2015,649,14/4/2012,1989
157,2016,338,14/4/2012,545
157,2017,731,14/4/2012,1530
158,2005,575,8/8/2005,751
158,2006,1250,8/8/2005,5131
158,2007,1441,8/8/2005,5493
158,2008,460,8/8/2005,490
158,2009,1717,8/8/2005,5352
158,2010,521,8/8/2005,2267
158,2011,1319,8/8/2005,3031
158,2012,1527,8/8/2005,5717
158,2013,1657,8/8/2005,3492
158,2014,1853,8/8/2005,5645
158,2015,1633,8/8/2005,5642
158,2016,480,8/8/2005,659
158,2017,997,8/8/2005,2861
159,1993,173,4/3/1993,476
159,1994,259,4/3/1993,579
159,1995,1752,4/3/1993,8703
159,1996,752,4/3/1993,2479
159,1997,655,4/3/1993,1123
159,1998,935,4/3/1993,2074
159,1999,758,4/3/1993,1495
159,2000,275,4/3/1993,295
159,2001,827,4/3/1993,4120
159,2002,1546,4/3/1993,3441
159,2003,947,4/3/1993,4356
159,2004,1457,4/3/1993,1895
159,2005,1526,4/3/1993,4135
159,2006,1833,4/3/1993,8276
159,2007,306,4/3/1993,313
159,2008,289,4/3/1993,1294
159,2009,1026,4/3/1993,2144
159,2010,1591,4/3/1993,2260
159,2011,1669,4/3/1993,5564
159,2012,1688,4/3/1993,2779
159,2013,759,4/3/1993,790
159,2014,870,4/3/1993,3683
159,2015,1646,4/3/1993,4159
159,2016,1073,4/3/1993,4345
159,2017,1315,4/3/1993,5212
160,2017,161,1/2/2017,512
161,2000,875,19/5/2000,1837
161,2001,347,19/5/2000,929
161,2002,1785,19/5/2000,2898
161,2003,1424,19/5/2000,4037
161,2004,1867,19/5/2000,9240
161,2005,1590,19/5/2000,3284
161,2006,370,19/5/2000,766
161,2007,1467,19/5/2000,5065
161,2008,1159,19/5/2000,3379
161,2009,1481,19/5/2000,5115
161,2010,1141,19/5/2000,1659
161,2011,679,19/5/2000,1816
161,2012,318,19/5/2000,1097
161,2013,1901,19/5/2000,9037
161,2014,1155,19/5/2000,3923
161,2015,663,19/5/2000,2880
161,2016,1161,19/5/2000,2859
161,2017,266,19/5/2000,805
162,1991,70,16/12/1991,97
162,1992,668,16/12/1991,2573
162,1993,523,16/12/1991,867
162,1994,1723,16/12/1991,4433
162,1995,735,16/12/1991,3232
162,1996,1178,16/12/1991,4792
162,1997,573,16/12/1991,615
162,1998,1254,16/12/1991,4319
162,1999,1836,16/12/1991,4747
162,2000,979,16/12/1991,2546
162,2001,1137,16/12/1991,1260
162,2002,897,16/12/1991,1615
162,2003,922,16/12/1991,3273
162,2004,869,16/12/1991,4275
162,2005,826,16/12/1991,1744
162,2006,1788,16/12/1991,7505
162,2007,562,16/12/1991,1342
162,2008,646,16/12/1991,1941
162,2009,513,16/12/1991,1068
162,2010,1035,16/12/1991,2435
162,2011,1120,16/12/1991,3873
162,2012,169,16/12/1991,802
162,2013,1704,16/12/1991,7792
162,2014,1160,16/12/1991,2694
162,2015,1745,16/12/1991,6412
162,2016,454,16/12/1991,1348
162,2017,1326,16/12/1991,3441
163,2017,52,6/9/2017,248
164,1996,1247,4/4/1996,2195
164,1997,1431,4/4/1996,1500
164,1998,152,4/4/1996,419
164,1999,1721,4/4/1996,3737
164,2000,603,4/4/1996,1339
164,2001,829,4/4/1996,3470
164,2002,1901,4/4/1996,7714
164,2003,1515,4/4/1996,1625
164,2004,911,4/4/1996,3637
164,2005,1407,4/4/1996,5346
164,2006,1581,4/4/1996,4182
164,2007,1329,4/4/1996,2120
164,2008,323,4/4/1996,1447
164,2009,776,4/4/1996,2603
164,2010,1039,4/4/1996,1627
164,2011,987,4/4/1996,2053
164,2012,691,4/4/1996,2913
164,2013,1839,4/4/1996,9150
164,2014,1094,4/4/1996,4670
164,2015,1609,4/4/1996,3248
164,2016,1059,4/4/1996,5154
164,2017,975,4/4/1996,4128
165,1998,1277,28/3/1998,1810
165,1999,359,28/3/1998,580
165,2000,1561,28/3/1998,5054
165,2001,1697,28/3/1998,2834
165,2002,860,28/3/1998,2351
165,2003,526,28/3/1998,1142
165,2004,1287,28/3/1998,2584
165,2005,1426,28/3/1998,4548
165,2006,480,28/3/1998,2112
165,2007,125,28/3/1998,366
165,2008,1864,28/3/1998,4595
165,2009,578,28/3/1998,980
165,2010,414,28/3/1998,724
165,2011,1182,28/3/1998,4701
165,2012,1376,28/3/1998,5096
165,2013,1617,28/3/1998,2203
165,2014,432,28/3/1998,2153
165,2015,233,28/3/1998,449
165,2016,1431,28/3/1998,3357
165,2017,656,28/3/1998,2768
166,1995,1107,18/5/1995,2155
166,1996,616,18/5/1995,701
166,1997,1321,18/5/1995,5111
166,1998,1389,18/5/1995,5354
166,1999,1658,18/5/1995,3555
166,2000,1913,18/5/1995,5880
166,2001,131,18/5/1995,205
166,2002,485,18/5/1995,1634
166,2003,831,18/5/1995,3141
166,2004,840,18/5/1995,2726
166,2005,230,18/5/1995,712
166,2006,1792,18/5/1995,5858
166,2007,1232,18/5/1995,3824
166,2008,108,18/5/1995,289
166,2009,401,18/5/1995,1281
166,2010,851,18/5/1995,3102
166,2011,1212,18/5/1995,3163
166,2012,1326,18/5/1995,1838
166,2013,1448,18/5/1995,2858
166,2014,504,18/5/1995,1787
166,2015,814,18/5/1995,1017
166,2016,1282,18/5/1995,2731
166,2017,1375,18/5/1995,5075
167,2009,267,3/11/2009,666
167,2010,532,3/11/2009,1395
167,2011,1188,3/11/2009,2259
167,2012,1332,3/11/2009,1493
167,2013,983,3/11/2009,1241
167,2014,1906,3/11/2009,5761
167,2015,679,3/11/2009,1178
167,2016,869,3/11/2009,3859
167,2017,1381,3/11/2009,2944
168,2003,573,24/4/2003,1692
168,2004,392,24/4/2003,1847
168,2005,786,24/4/2003,1674
168,2006,668,24/4/2003,2078
168,2007,445,24/4/2003,840
168,2008,494,24/4/2003,1912
168,2009,898,24/4/2003,4301
168,2010,206,24/4/2003,450
168,2011,1400,24/4/2003,3010
168,2012,1008,24/4/2003,5017
168,2013,379,24/4/2003,1048
168,2014,849,24/4/2003,2562
168,2015,408,24/4/2003,618
168,2016,1151,24/4/2003,4104
168,2017,145,24/4/2003,572
169,1990,770,22/3/1990,3400
169,1991,855,22/3/1990,1431
169,1992,964,22/3/1990,3990
169,1993,313,22/3/1990,407
169,1994,454,22/3/1990,1982
169,1995,298,22/3/1990,1244
169,1996,447,22/3/1990,2151
169,1997,1778,22/3/1990,8802
169,1998,1087,22/3/1990,2192
169,1999,655,22/3/1990,2995
169,2000,376,22/3/1990,549
169,2001,152,22/3/1990,229
169,2002,1534,22/3/1990,4061
169,2003,315,22/3/1990,1573
169,2004,802,22/3/1990,1055
169,2005,1444,22/3/1990,3936
169,2006,958,22/3/1990,4656
169,2007,1795,22/3/1990,2268
169,2008,214,22/3/1990,534
169,2009,1275,22/3/1990,1753
169,2010,254,22/3/1990,775
169,2011,1542,22/3/1990,1838
169,2012,1177,22/3/1990,2505
169,2013,696,22/3/1990,1883
169,2014,1079,22/3/1990,2157
169,2015,776,22/3/1990,2869
169,2016,853,22/3/1990,2249
169,2017,801,22/3/1990,1161
170,2016,1138,9/5/2016,5208
170,2017,844,9/5/2016,2060
171,2007,397,28/10/2007,1689
171,2008,1522,28/10/2007,7269
171,2009,596,28/10/2007,1541
171,2010,567,28/10/2007,2283
171,2011,1323,28/10/2007,5966
171,2012,1526,28/10/2007,5279
171,2013,982,28/10/2007,3360
171,2014,334,28/10/2007,1513
171,2015,1413,28/10/2007,2110
171,2016,588,28/10/2007,1710
171,2017,1148,28/10/2007,2946
172,2017,458,26/9/2017,1201
173,2012,1109,6/4/2012,2047
173,2013,1911,6/4/2012,9049
173,2014,315,6/4/2012,596
173,2015,441,6/4/2012,1736
173,2016,1045,6/4/2012,1441
173,2017,1135,6/4/2012,4583
174,2016,1125,1/2/2016,4711
174,2017,911,1/2/2016,1773
175,2000,327,8/5/2000,887
175,2001,627,8/5/2000,2097
175,2002,892,8/5/2000,2799
175,2003,1055,8/5/2000,3829
175,2004,1237,8/5/2000,2969
175,2005,809,8/5/2000,1716
175,2006,1263,8/5/2000,3676
175,2007,1793,8/5/2000,5719
175,2008,1565,8/5/2000,6433
175,2009,729,8/5/2000,1062
175,2010,487,8/5/2000,1182
175,2011,297,8/5/2000,821
175,2012,1519,8/5/2000,6399
175,2013,110,8/5/2000,550
175,2014,672,8/5/2000,1667
175,2015,1629,8/5/2000,4268
175,2016,1067,8/5/2000,3492
175,2017,1802,8/5/2000,1924
176,1993,62,27/11/1993,276
176,1994,1413,27/11/1993,3908
176,1995,1432,27/11/1993,2825
176,1996,727,27/11/1993,2755
176,1997,182,27/11/1993,846
176,1998,1154,27/11/1993,4264
176,1999,182,27/11/1993,597
176,2000,280,27/11/1993,654
176,2001,327,27/11/1993,1318
176,2002,1745,27/11/1993,4335
176,2003,434,27/11/1993,961
176,2004,1916,27/11/1993,6638
176,2005,1578,27/11/1993,2076
176,2006,1887,27/11/1993,3234
176,2007,1355,27/11/1993,1540
176,2008,1802,27/11/1993,3195
176,2009,1372,27/11/1993,6380
176,2010,1518,27/11/1993,2407
176,2011,117,27/11/1993,120
176,2012,1390,27/11/1993,5103
176,2013,576,27/11/1993,2196
176,2014,1446,27/11/1993,4055
176,2015,1430,27/11/1993,5218
176,2016,1067,27/11/1993,4007
176,2017,1767,27/11/1993,7223
177,2011,274,25/11/2011,1137
177,2012,907,25/11/2011,2634
177,2013,622,25/11/2011,1068
177,2014,694,25/11/2011,1145
177,2015,1075,25/11/2011,5246
177,2016,1717,25/11/2011,4081
177,2017,249,25/11/2011,1040
178,2003,897,14/5/2003,4233
178,2004,989,14/5/2003,4757
178,2005,447,14/5/2003,1450
178,2006,884,14/5/2003,3387
178,2007,310,14/5/2003,1527
178,2008,670,14/5/2003,1339
178,2009,656,14/5/2003,2519
178,2010,1662,14/5/2003,7408
178,2011,910,14/5/2003,1456
178,2012,906,14/5/2003,2556
178,2013,480,14/5/2003,2326
178,2014,813,14/5/2003,1909
178,2015,226,14/5/2003,900
178,2016,615,14/5/2003,1195
178,2017,533,14/5/2003,1310
179,2003,1523,8/1/2003,2474
179,2004,1112,8/1/2003,5226
179,2005,1719,8/1/2003,8309
179,2006,1589,8/1/2003,5363
179,2007,1597,8/1/2003,7974
179,2008,746,8/1/2003,2287
179,2009,1828,8/1/2003,4206
179,2010,180,8/1/2003,844
179,2011,496,8/1/2003,498
179,2012,1432,8/1/2003,4787
179,2013,305,8/1/2003,1023
179,2014,587,8/1/2003,1488
179,2015,360,8/1/2003,879
179,2016,635,8/1/2003,716
179,2017,109,8/1/2003,133
180,1992,849,13/5/1992,2881
180,1993,988,13/5/1992,3225
180,1994,952,13/5/1992,3622
180,1995,891,13/5/1992,3689
180,1996,654,13/5/1992,2996
180,1997,1441,13/5/1992,1719
180,1998,151,13/5/1992,180
180,1999,933,13/5/1992,4335
180,2000,1347,13/5/1992,4070
180,2001,120,13/5/1992,426
180,2002,1529,13/5/1992,5108
180,2003,1203,13/5/1992,4110
180,2004,1543,13/5/1992,7486
180,2005,1886,13/5/1992,8037
180,2006,418,13/5/1992,2049
180,2007,874,13/5/1992,3882
180,2008,1108,13/5/1992,5137
180,2009,1812,13/5/1992,7050
180,2010,167,13/5/1992,723
180,2011,96,13/5/1992,228
180,2012,1836,13/5/1992,5389
180,2013,1040,13/5/1992,3973
180,2014,169,13/5/1992,258
180,2015,1743,13/5/1992,6234
180,2016,787,13/5/1992,2383
180,2017,503,13/5/1992,1989
181,1997,785,5/4/1997,2257
181,1998,1458,5/4/1997,4261
181,1999,1888,5/4/1997,7634
181,2000,791,5/4/1997,3785
181,2001,1020,5/4/1997,2685
181,2002,1436,5/4/1997,4028
181,2003,543,5/4/1997,1896
181,2004,303,5/4/1997,397
181,2005,870,5/4/1997,1211
181,2006,1821,5/4/1997,8444
181,2007,1007,5/4/1997,1295
181,2008,715,5/4/1997,3224
181,2009,207,5/4/1997,801
181,2010,260,5/4/1997,904
181,2011,875,5/4/1997,1373
181,2012,1083,5/4/1997,1451
181,2013,1333,5/4/1997,6226
181,2014,975,5/4/1997,1215
181,2015,206,5/4/1997,234
181,2016,1605,5/4/1997,2872
181,2017,1715,5/4/1997,3419
182,1995,469,20/4/1995,553
182,1996,1518,20/4/1995,4748
182,1997,814,20/4/1995,3881
182,1998,1681,20/4/1995,6731
182,1999,657,20/4/1995,1527
182,2000,770,20/4/1995,1487
182,2001,1289,20/4/1995,5738
182,2002,1225,20/4/1995,2511
182,2003,1034,20/4/1995,3327
182,2004,488,20/4/1995,1695
182,2005,560,20/4/1995,599
182,2006,1220,20/4/1995,3816
182,2007,310,20/4/1995,976
182,2008,1396,20/4/1995,6609
182,2009,186,20/4/1995,903
182,2010,723,20/4/1995,3539
182,2011,784,20/4/1995,1243
182,2012,561,20/4/1995,1539
182,2013,1097,20/4/1995,2197
182,2014,1720,20/4/1995,5330
182,2015,97,20/4/1995,389
182,2016,1133,20/4/1995,1468
182,2017,1439,20/4/1995,3096
183,1993,868,27/4/1993,1762
183,1994,477,27/4/1993,513
183,1995,732,27/4/1993,3314
183,1996,681,27/4/1993,2035
183,1997,1702,27/4/1993,6964
183,1998,1261,27/4/1993,1945
183,1999,835,27/4/1993,2077
183,2000,1410,27/4/1993,2986
183,2001,526,27/4/1993,828
183,2002,1621,27/4/1993,2531
183,2003,1548,27/4/1993,2478
183,2004,642,27/4/1993,2996
183,2005,1293,27/4/1993,5839
183,2006,1335,27/4/1993,6401
183,2007,1438,27/4/1993,5029
183,2008,642,27/4/1993,654
183,2009,1206,27/4/1993,2950
183,2010,875,27/4/1993,3507
183,2011,200,27/4/1993,237
183,2012,997,27/4/1993,2546
183,2013,1508,27/4/1993,3824
183,2014,599,27/4/1993,1544
183,2015,598,27/4/1993,2073
183,2016,700,27/4/1993,1139
183,2017,309,27/4/1993,384
184,2011,441,9/9/2011,747
184,2012,1419,9/9/2011,5904
184,2013,951,9/9/2011,2942
184,2014,718,9/9/2011,1182
184,2015,1772,9/9/2011,3164
184,2016,1256,9/9/2011,4190
184,2017,477,9/9/2011,2259
185,2012,382,18/7/2012,495
185,2013,568,18/7/2012,2534
185,2014,1186,18/7/2012,2413
185,2015,928,18/7/2012,992
185,2016,97,18/7/2012,188
185,2017,1148,18/7/2012,4140
186,1995,495,22/7/1995,1562
186,1996,1899,22/7/1995,3351
186,1997,1403,22/7/1995,1961
186,1998,438,22/7/1995,1873
186,1999,1676,22/7/1995,6456
186,2000,631,22/7/1995,1631
186,2001,1484,22/7/1995,5617
186,2002,845,22/7/1995,3902
186,2003,549,22/7/1995,2668
186,2004,362,22/7/1995,1387
186,2005,156,22/7/1995,623
186,2006,1682,22/7/1995,2768
186,2007,1841,22/7/1995,7454
186,2008,374,22/7/1995,1509
186,2009,1773,22/7/1995,5754
186,2010,610,22/7/1995,2716
186,2011,578,22/7/1995,1567
186,2012,1715,22/7/1995,5261
186,2013,1372,22/7/1995,1740
186,2014,478,22/7/1995,1769
186,2015,815,22/7/1995,3683
186,2016,1206,22/7/1995,3365
186,2017,210,22/7/1995,484
187,2005,210,4/6/2005,651
187,2006,653,4/6/2005,2829
187,2007,1496,4/6/2005,3229
187,2008,740,4/6/2005,2179
187,2009,1867,4/6/2005,6356
187,2010,1682,4/6/2005,5786
187,2011,1114,4/6/2005,2353
187,2012,504,4/6/2005,1254
187,2013,611,4/6/2005,2342
187,2014,1885,4/6/2005,4562
187,2015,1256,4/6/2005,3193
187,2016,1059,4/6/2005,4036
187,2017,1625,4/6/2005,2534
188,1998,548,19/7/1998,1927
188,1999,166,19/7/1998,586
188,2000,250,19/7/1998,1096
188,2001,1188,19/7/1998,3970
188,2002,596,19/7/1998,1157
188,2003,730,19/7/1998,2945
188,2004,548,19/7/1998,682
188,2005,1695,19/7/1998,7354
188,2006,1417,19/7/1998,3494
188,2007,1077,19/7/1998,5262
188,2008,1898,19/7/1998,5520
188,2009,642,19/7/1998,2052
188,2010,633,19/7/1998,1985
188,2011,631,19/7/1998,2384
188,2012,1184,19/7/1998,3878
188,2013,1165,19/7/1998,5104
188,2014,302,19/7/1998,1459
188,2015,1383,19/7/1998,4898
188,2016,1633,19/7/1998,2642
188,2017,1375,19/7/1998,5023
189,2017,531,12/9/2017,951
190,1996,314,19/5/1996,1224
190,1997,1784,19/5/1996,3595
190,1998,1822,19/5/1996,2150
190,1999,833,19/5/1996,4060
190,2000,1175,19/5/1996,1991
190,2001,1821,19/5/1996,4421
190,2002,1670,19/5/1996,8309
190,2003,819,19/5/1996,3220
190,2004,1642,19/5/1996,4832
190,2005,167,19/5/1996,294
190,2006,1079,19/5/1996,2958
190,2007,1650,19/5/1996,3489
190,2008,1204,19/5/1996,4214
190,2009,1171,19/5/1996,3906
190,2010,1161,19/5/1996,1707
190,2011,1723,19/5/1996,6732
190,2012,295,19/5/1996,1187
190,2013,293,19/5/1996,1439
190,2014,1828,19/5/1996,3067
190,2015,242,19/5/1996,944
190,2016,573,19/5/1996,2362
190,2017,881,19/5/1996,1917
191,1993,763,22/6/1993,1242
191,1994,451,22/6/1993,705
191,1995,158,22/6/1993,622
191,1996,568,22/6/1993,1052
191,1997,857,22/6/1993,1040
191,1998,1328,22/6/1993,3833
191,1999,836,22/6/1993,3103
191,2000,522,22/6/1993,898
191,2001,1164,22/6/1993,4337
191,2002,1725,22/6/1993,7739
191,2003,1427,22/6/1993,3164
191,2004,751,22/6/1993,1587
191,2005,1529,22/6/1993,6765
191,2006,902,22/6/1993,3506
191,2007,508,22/6/1993,890
191,2008,1417,22/6/1993,1488
191,2009,1760,22/6/1993,6046
191,2010,846,22/6/1993,2322
191,2011,886,22/6/1993,2423
191,2012,1029,22/6/1993,4687
191,2013,1268,22/6/1993,3671
191,2014,223,22/6/1993,269
191,2015,328,22/6/1993,997
191,2016,628,22/6/1993,1119
191,2017,211,22/6/1993,678
192,2015,1433,25/1/2015,3824
192,2016,656,25/1/2015,3147
192,2017,1477,25/1/2015,3830
193,1991,272,12/3/1991,1034
193,1992,1204,12/3/1991,1639
193,1993,256,12/3/1991,733
193,1994,1832,12/3/1991,2098
193,1995,1497,12/3/1991,6485
193,1996,421,12/3/1991,638
193,1997,1358,12/3/1991,1503
193,1998,1500,12/3/1991,4310
193,1999,990,12/3/1991,4893
193,2000,873,12/3/1991,991
193,2001,1547,12/3/1991,4574
193,2002,805,12/3/1991,3637
193,2003,415,12/3/1991,991
193,2004,981,12/3/1991,2488
193,2005,698,12/3/1991,2366
193,2006,1374,12/3/1991,4295
193,2007,1869,12/3/1991,5408
193,2008,1307,12/3/1991,2705
193,2009,410,12/3/1991,1317
193,2010,1688,12/3/1991,2617
193,2011,1572,12/3/1991,2199
193,2012,1459,12/3/1991,3809
193,2013,1470,12/3/1991,5369
193,2014,880,12/3/1991,987
193,2015,656,12/3/1991,1653
193,2016,607,12/3/1991,2890
193,2017,1317,12/3/1991,5048
194,2001,105,1/9/2001,117
194,2002,1080,1/9/2001,4626
194,2003,1824,1/9/2001,6671
194,2004,1266,1/9/2001,3194
194,2005,705,1/9/2001,1587
194,2006,601,1/9/2001,996
194,2007,597,1/9/2001,2773
194,2008,485,1/9/2001,1338
194,2009,1876,1/9/2001,7624
194,2010,700,1/9/2001,1520
194,2011,1388,1/9/2001,2870
194,2012,1312,1/9/2001,2240
194,2013,418,1/9/2001,1975
194,2014,1173,1/9/2001,3547
194,2015,606,1/9/2001,2107
194,2016,124,1/9/2001,496
194,2017,1706,1/9/2001,4943
195,2009,391,15/10/2009,1573
195,2010,1216,15/10/2009,3826
195,2011,1158,15/10/2009,1954
195,2012,829,15/10/2009,3436
195,2013,1847,15/10/2009,2172
195,2014,497,15/10/2009,1757
195,2015,140,15/10/2009,433
195,2016,1306,15/10/2009,2798
195,2017,1770,15/10/2009,5142
196,2012,755,19/4/2012,1268
196,2013,776,19/4/2012,3727
196,2014,963,19/4/2012,2934
196,2015,191,19/4/2012,848
196,2016,1150,19/4/2012,2475
196,2017,493,19/4/2012,863
197,2017,612,5/9/2017,2452
198,1993,313,16/11/1993,397
198,1994,1712,16/11/1993,8224
198,1995,932,16/11/1993,2409
198,1996,1844,16/11/1993,2925
198,1997,198,16/11/1993,615
198,1998,648,16/11/1993,1237
198,1999,1245,16/11/1993,5237
198,2000,1879,16/11/1993,8627
198,2001,1629,16/11/1993,3273
198,2002,594,16/11/1993,2125
198,2003,1913,16/11/1993,3235
198,2004,111,16/11/1993,155
198,2005,681,16/11/1993,1198
198,2006,723,16/11/1993,1417
198,2007,579,16/11/1993,1898
198,2008,1070,16/11/1993,3734
198,2009,979,16/11/1993,2043
198,2010,594,16/11/1993,2750
198,2011,1756,16/11/1993,4801
198,2012,1165,16/11/1993,4163
198,2013,214,16/11/1993,541
198,2014,186,16/11/1993,229
198,2015,623,16/11/1993,2043
198,2016,1302,16/11/1993,3132
198,2017,1495,16/11/1993,3382
199,2016,1684,5/1/2016,6142
199,2017,1851,5/1/2016,3956
200,1996,76,7/11/1996,305
200,1997,1013,7/11/1996,1639
200,1998,1542,7/11/1996,4444
200,1999,956,7/11/1996,1481
200,2000,849,7/11/1996,2999
200,2001,257,7/11/1996,833
200,2002,1037,7/11/1996,1239
200,2003,376,7/11/1996,1778
200,2004,332,7/11/1996,1580
200,2005,149,7/11/1996,306
200,2006,1614,7/11/1996,4001
200,2007,524,7/11/1996,2049
200,2008,309,7/11/1996,1401
200,2009,1233,7/11/1996,2550
200,2010,335,7/11/1996,752
200,2011,757,7/11/1996,3024
200,2012,187,7/11/1996,491
200,2013,228,7/11/1996,361
200,2014,1027,7/11/1996,3296
200,2015,1729,7/11/1996,8250
200,2016,105,7/11/1996,264
200,2017,1421,7/11/1996,5814
201,2016,68,7/12/2016,325
201,2017,715,7/12/2016,2758
202,1998,1004,11/1/1998,3497
202,1999,680,11/1/1998,2643
202,2000,1336,11/1/1998,1443
202,2001,1688,11/1/1998,4625
202,2002,1565,11/1/1998,6972
202,2003,475,11/1/1998,1787
202,2004,1765,11/1/1998,7884
202,2005,407,11/1/1998,911
202,2006,413,11/1/1998,1571
202,2007,1516,11/1/1998,4003
202,2008,503,11/1/1998,2458
202,2009,811,11/1/1998,928
202,2010,1023,11/1/1998,2965
202,2011,466,11/1/1998,1842
202,2012,1720,11/1/1998,2753
202,2013,748,11/1/1998,3640
202,2014,1851,11/1/1998,6590
202,2015,1169,11/1/1998,2289
202,2016,847,11/1/1998,3880
202,2017,1852,11/1/1998,7460
203,2005,378,13/4/2005,624
203,2006,982,13/4/2005,3044
203,2007,1129,13/4/2005,4163
203,2008,1242,13/4/2005,3534
203,2009,381,13/4/2005,1699
203,2010,278,13/4/2005,1276
203,2011,1453,13/4/2005,4443
203,2012,364,13/4/2005,671
203,2013,1697,13/4/2005,2217
203,2014,561,13/4/2005,1481
203,2015,1054,13/4/2005,1884
203,2016,1484,13/4/2005,3458
203,2017,1372,13/4/2005,5499
204,2011,498,3/8/2011,1510
204,2012,1039,3/8/2011,4980
204,2013,1493,3/8/2011,2221
204,2014,1388,3/8/2011,4162
204,2015,772,3/8/2011,1018
204,2016,223,3/8/2011,231
204,2017,132,3/8/2011,631
205,2004,278,10/9/2004,434
205,2005,376,10/9/2004,1186
205,2006,204,10/9/2004,511
205,2007,233,10/9/2004,503
205,2008,257,10/9/2004,647
205,2009,1645,10/9/2004,8001
205,2010,1059,10/9/2004,5225
205,2011,275,10/9/2004,608
205,2012,977,10/9/2004,4783
205,2013,1487,10/9/2004,5342
205,2014,1437,10/9/2004,4189
205,2015,148,10/9/2004,245
205,2016,1832,10/9/2004,2047
205,2017,775,10/9/2004,3767
206,2011,458,22/2/2011,1571
206,2012,1826,22/2/2011,2928
206,2013,444,22/2/2011,445
206,2014,1638,22/2/2011,7329
206,2015,665,22/2/2011,1682
206,2016,178,22/2/2011,417
206,2017,795,22/2/2011,1701
207,2011,1116,6/3/2011,1364
207,2012,1674,6/3/2011,4394
207,2013,1662,6/3/2011,2249
207,2014,1049,6/3/2011,3320
207,2015,1235,6/3/2011,5920
207,2016,1012,6/3/2011,2868
207,2017,246,6/3/2011,843
208,1998,456,5/6/1998,959
208,1999,872,5/6/1998,1339
208,2000,227,5/6/1998,442
208,2001,129,5/6/1998,253
208,2002,768,5/6/1998,3807
208,2003,765,5/6/1998,2446
208,2004,645,5/6/1998,1792
208,2005,336,5/6/1998,1400
208,2006,1523,5/6/1998,3273
208,2007,1688,5/6/1998,4229
208,2008,219,5/6/1998,952
208,2009,171,5/6/1998,823
208,2010,1588,5/6/1998,3981
208,2011,654,5/6/1998,2681
208,2012,1021,5/6/1998,2921
208,2013,1668,5/6/1998,3584
208,2014,1586,5/6/1998,2069
208,2015,1161,5/6/1998,4898
208,2016,900,5/6/1998,3160
208,2017,1418,5/6/1998,2190
209,2016,1034,8/1/2016,1100
209,2017,1441,8/1/2016,6367
210,2004,859,14/3/2004,4165
210,2005,360,14/3/2004,664
210,2006,505,14/3/2004,1820
210,2007,651,14/3/2004,1832
210,2008,833,14/3/2004,3245
210,2009,751,14/3/2004,2069
210,2010,1470,14/3/2004,7326
210,2011,1321,14/3/2004,1553
210,2012,1382,14/3/2004,4020
210,2013,110,14/3/2004,482
210,2014,592,14/3/2004,2709
210,2015,851,14/3/2004,1850
210,2016,347,14/3/2004,488
210,2017,290,14/3/2004,314
211,2013,273,3/10/2013,407
211,2014,353,3/10/2013,1202
211,2015,361,3/10/2013,944
211,2016,1111,3/10/2013,1259
211,2017,591,3/10/2013,2573
212,1993,556,4/9/1993,2183
212,1994,1585,4/9/1993,3980
212,1995,1220,4/9/1993,5909
212,1996,1121,4/9/1993,5147
212,1997,408,4/9/1993,1628
212,1998,838,4/9/1993,1928
212,1999,565,4/9/1993,779
212,2000,574,4/9/1993,656
212,2001,1877,4/9/1993,2586
212,2002,1724,4/9/1993,4262
212,2003,102,4/9/1993,225
212,2004,1777,4/9/1993,2203
212,2005,570,4/9/1993,1100
212,2006,1104,4/9/1993,2000
212,2007,987,4/9/1993,1706
212,2008,617,4/9/1993,620
212,2009,247,4/9/1993,962
212,2010,923,4/9/1993,2128
212,2011,1240,4/9/1993,4213
212,2012,1835,4/9/1993,5873
212,2013,452,4/9/1993,1715
212,2014,947,4/9/1993,1285
212,2015,532,4/9/1993,1133
212,2016,250,4/9/1993,976
212,2017,303,4/9/1993,732
213,1998,285,5/8/1998,406
213,1999,1356,5/8/1998,5126
213,2000,1553,5/8/1998,5076
213,2001,127,5/8/1998,220
213,2002,915,5/8/1998,1581
213,2003,1114,5/8/1998,3030
213,2004,832,5/8/1998,2339
213,2005,732,5/8/1998,3283
213,2006,113,5/8/1998,403
213,2007,519,5/8/1998,2186
213,2008,944,5/8/1998,1201
213,2009,1250,5/8/1998,3723
213,2010,239,5/8/1998,853
213,2011,1543,5/8/1998,7005
213,2012,817,5/8/1998,3913
213,2013,283,5/8/1998,691
213,2014,1843,5/8/1998,5498
213,2015,246,5/8/1998,897
213,2016,1861,5/8/1998,3800
213,2017,1615,5/8/1998,3767
214,2000,463,12/5/2000,1377
214,2001,783,12/5/2000,1818
214,2002,283,12/5/2000,747
214,2003,936,12/5/2000,3737
214,2004,1904,12/5/2000,7458
214,2005,1683,12/5/2000,4921
214,2006,888,12/5/2000,3400
214,2007,1326,12/5/2000,4371
214,2008,678,12/5/2000,1678
214,2009,410,12/5/2000,1786
214,2010,1552,12/5/2000,3891
214,2011,1631,12/5/2000,6723
214,2012,1164,12/5/2000,2726
214,2013,1774,12/5/2000,4888
214,2014,968,12/5/2000,4433
214,2015,792,12/5/2000,1069
214,2016,124,12/5/2000,484
214,2017,419,12/5/2000,1389
215,1994,200,16/10/1994,991
215,1995,103,16/10/1994,115
215,1996,153,16/10/1994,175
215,1997,807,16/10/1994,3845
215,1998,182,16/10/1994,478
215,1999,864,16/10/1994,3161
215,2000,523,16/10/1994,2414
215,2001,1206,16/10/1994,5813
215,2002,1031,16/10/1994,2469
215,2003,543,16/10/1994,878
215,2004,1111,16/10/1994,2711
215,2005,850,16/10/1994,3218
215,2006,1864,16/10/1994,9063
215,2007,833,16/10/1994,1774
215,2008,214,16/10/1994,603
215,2009,1843,16/10/1994,8343
215,2010,916,16/10/1994,3740
215,2011,612,16/10/1994,2711
215,2012,566,16/10/1994,936
215,2013,226,16/10/1994,494
215,2014,957,16/10/1994,4579
215,2015,962,16/10/1994,2164
215,2016,306,16/10/1994,1307
215,2017,541,16/10/1994,2072
216,2003,392,8/8/2003,1020
216,2004,1356,8/8/2003,5055
216,2005,294,8/8/2003,1191
216,2006,957,8/8/2003,4668
216,2007,1654,8/8/2003,8070
216,2008,843,8/8/2003,2474
216,2009,1203,8/8/2003,2563
216,2010,1218,8/8/2003,6007
216,2011,692,8/8/2003,1966
216,2012,1011,8/8/2003,4633
216,2013,669,8/8/2003,950
216,2014,977,8/8/2003,1559
216,2015,248,8/8/2003,406
216,2016,557,8/8/2003,1789
216,2017,1887,8/8/2003,3650
217,1991,504,17/7/1991,517
217,1992,223,17/7/1991,444
217,1993,739,17/7/1991,2388
217,1994,653,17/7/1991,2746
217,1995,1817,17/7/1991,7445
217,1996,314,17/7/1991,353
217,1997,546,17/7/1991,1294
217,1998,654,17/7/1991,1332
217,1999,1695,17/7/1991,6286
217,2000,1353,17/7/1991,4240
217,2001,264,17/7/1991,377
217,2002,360,17/7/1991,1720
217,2003,1319,17/7/1991,4031
217,2004,448,17/7/1991,1022
217,2005,1297,17/7/1991,5315
217,2006,1501,17/7/1991,1597
217,2007,1025,17/7/1991,2795
217,2008,921,17/7/1991,2585
217,2009,917,17/7/1991,2595
217,2010,421,17/7/1991,1187
217,2011,352,17/7/1991,1315
217,2012,1373,17/7/1991,5004
217,2013,856,17/7/1991,3848
217,2014,1256,17/7/1991,5580
217,2015,708,17/7/1991,2850
217,2016,1815,17/7/1991,5110
217,2017,588,17/7/1991,2521
218,2000,903,6/1/2000,4407
218,2001,406,6/1/2000,1288
218,2002,1080,6/1/2000,1620
218,2003,933,6/1/2000,1300
218,2004,1700,6/1/2000,5495
218,2005,1372,6/1/2000,1723
218,2006,1838,6/1/2000,6618
218,2007,1846,6/1/2000,9078
218,2008,1428,6/1/2000,1928
218,2009,1866,6/1/2000,7574
218,2010,1332,6/1/2000,5534
218,2011,197,6/1/2000,748
218,2012,1900,6/1/2000,4118
218,2013,811,6/1/2000,2520
218,2014,622,6/1/2000,1926
218,2015,1023,6/1/2000,1438
218,2016,1295,6/1/2000,4611
218,2017,1317,6/1/2000,2241
219,2004,511,9/8/2004,1861
219,2005,1753,9/8/2004,2249
219,2006,862,9/8/2004,1038
219,2007,762,9/8/2004,1887
219,2008,943,9/8/2004,2722
219,2009,1642,9/8/2004,5497
219,2010,1642,9/8/2004,3841
219,2011,1084,9/8/2004,5163
219,2012,1474,9/8/2004,7090
219,2013,1222,9/8/2004,5410
219,2014,931,9/8/2004,2533
219,2015,307,9/8/2004,1089
219,2016,1268,9/8/2004,5729
219,2017,1269,9/8/2004,2597
220,1990,673,16/8/1990,1902
220,1991,1910,16/8/1990,5997
220,1992,1033,16/8/1990,3520
220,1993,231,16/8/1990,764
220,1994,386,16/8/1990,713
220,1995,890,16/8/1990,2644
220,1996,578,16/8/1990,954
220,1997,362,16/8/1990,1557
220,1998,1530,16/8/1990,3723
220,1999,212,16/8/1990,562
220,2000,428,16/8/1990,1811
220,2001,127,16/8/1990,630
220,2002,1216,16/8/1990,4406
220,2003,436,16/8/1990,2152
220,2004,1342,16/8/1990,5151
220,2005,1321,16/8/1990,3644
220,2006,1705,16/8/1990,4694
220,2007,232,16/8/1990,290
220,2008,1668,16/8/1990,4165
220,2009,1721,16/8/1990,5609
220,2010,471,16/8/1990,966
220,2011,108,16/8/1990,344
220,2012,958,16/8/1990,1700
220,2013,1599,16/8/1990,6677
220,2014,1041,16/8/1990,1296
220,2015,143,16/8/1990,543
220,2016,1095,16/8/1990,1425
220,2017,1497,16/8/1990,4950
221,1995,301,28/6/1995,1323
221,1996,1169,28/6/1995,5747
221,1997,979,28/6/1995,3111
221,1998,1325,28/6/1995,5633
221,1999,243,28/6/1995,391
221,2000,853,28/6/1995,1830
221,2001,1148,28/6/1995,2042
221,2002,1121,28/6/1995,4127
221,2003,1711,28/6/1995,5624
221,2004,1643,28/6/1995,8064
221,2005,953,28/6/1995,4067
221,2006,1689,28/6/1995,7982
221,2007,1323,28/6/1995,3859
221,2008,907,28/6/1995,2068
221,2009,474,28/6/1995,824
221,2010,374,28/6/1995,783
221,2011,391,28/6/1995,1616
221,2012,1802,28/6/1995,5576
221,2013,771,28/6/1995,3459
221,2014,1324,28/6/1995,5056
221,2015,1652,28/6/1995,5645
221,2016,1306,28/6/1995,1633
221,2017,1894,28/6/1995,4357
222,1992,85,24/12/1992,156
222,1993,1417,24/12/1992,5557
222,1994,1724,24/12/1992,3908
222,1995,882,24/12/1992,2681
222,1996,614,24/12/1992,2325
222,1997,202,24/12/1992,606
222,1998,938,24/12/1992,2789
222,1999,1624,24/12/1992,7377
222,2000,1387,24/12/1992,1644
222,2001,724,24/12/1992,1660
222,2002,1862,24/12/1992,7023
222,2003,1119,24/12/1992,4516
222,2004,1284,24/12/1992,5397
222,2005,806,24/12/1992,1330
222,2006,1768,24/12/1992,4722
222,2007,1285,24/12/1992,4774
222,2008,282,24/12/1992,434
222,2009,1138,24/12/1992,1967
222,2010,1364,24/12/1992,2960
222,2011,1349,24/12/1992,5812
222,2012,1305,24/12/1992,2415
222,2013,857,24/12/1992,1727
222,2014,1381,24/12/1992,5871
222,2015,626,24/12/1992,825
222,2016,793,24/12/1992,3211
222,2017,172,24/12/1992,565
223,2008,257,1/1/2008,580
223,2009,1377,1/1/2008,5279
223,2010,422,1/1/2008,1501
223,2011,1765,1/1/2008,6815
223,2012,1616,1/1/2008,4216
223,2013,1803,1/1/2008,4540
223,2014,128,1/1/2008,347
223,2015,1406,1/1/2008,5645
223,2016,1184,1/1/2008,1651
223,2017,981,1/1/2008,3793
224,2005,229,18/2/2005,385
224,2006,1190,18/2/2005,2121
224,2007,1120,18/2/2005,5025
224,2008,1221,18/2/2005,1306
224,2009,486,18/2/2005,836
224,2010,1179,18/2/2005,4401
224,2011,870,18/2/2005,3022
224,2012,744,18/2/2005,1778
224,2013,711,18/2/2005,1300
224,2014,950,18/2/2005,1672
224,2015,673,18/2/2005,1409
224,2016,1297,18/2/2005,1895
224,2017,480,18/2/2005,1208
225,2005,149,25/4/2005,438
225,2006,169,25/4/2005,418
225,2007,530,25/4/2005,1339
225,2008,718,25/4/2005,2832
225,2009,1732,25/4/2005,6587
225,2010,526,25/4/2005,1540
225,2011,380,25/4/2005,392
225,2012,356,25/4/2005,1300
225,2013,560,25/4/2005,1674
225,2014,468,25/4/2005,1527
225,2015,1781,25/4/2005,6518
225,2016,1084,25/4/2005,4079
225,2017,884,25/4/2005,2576
226,2004,216,7/11/2004,395
226,2005,1856,7/11/2004,4182
226,2006,551,7/11/2004,1572
226,2007,903,7/11/2004,2297
226,2008,584,7/11/2004,1641
226,2009,502,7/11/2004,2084
226,2010,1786,7/11/2004,3448
226,2011,1456,7/11/2004,3216
226,2012,1278,7/11/2004,1879
226,2013,1765,7/11/2004,2135
226,2014,340,7/11/2004,889
226,2015,1042,7/11/2004,3123
226,2016,1605,7/11/2004,3529
226,2017,435,7/11/2004,679
227,2000,769,23/8/2000,1440
227,2001,1657,23/8/2000,6081
227,2002,1881,23/8/2000,3084
227,2003,210,23/8/2000,956
227,2004,195,23/8/2000,887
227,2005,1749,23/8/2000,8159
227,2006,220,23/8/2000,837
227,2007,1229,23/8/2000,5244
227,2008,694,23/8/2000,2500
227,2009,567,23/8/2000,2260
227,2010,649,23/8/2000,881
227,2011,977,23/8/2000,3584
227,2012,1182,23/8/2000,1345
227,2013,1920,23/8/2000,6492
227,2014,1676,23/8/2000,4058
227,2015,693,23/8/2000,2641
227,2016,106,23/8/2000,298
227,2017,1010,23/8/2000,3392
228,1992,202,25/9/1992,381
228,1993,1608,25/9/1992,4121
228,1994,835,25/9/1992,2024
228,1995,1642,25/9/1992,3986
228,1996,1549,25/9/1992,6354
228,1997,1371,25/9/1992,6192
228,1998,1068,25/9/1992,4707
228,1999,1122,25/9/1992,4353
228,2000,620,25/9/1992,1226
228,2001,1090,25/9/1992,3113
228,2002,600,25/9/1992,2135
228,2003,233,25/9/1992,1073
228,2004,1620,25/9/1992,3102
228,2005,1527,25/9/1992,1593
228,2006,400,25/9/1992,852
228,2007,1026,25/9/1992,2479
228,2008,1503,25/9/1992,5163
228,2009,1545,25/9/1992,4186
228,2010,1275,25/9/1992,5307
228,2011,612,25/9/1992,2471
228,2012,123,25/9/1992,347
228,2013,420,25/9/1992,1143
228,2014,1681,25/9/1992,8103
228,2015,1688,25/9/1992,3222
228,2016,1736,25/9/1992,3654
228,2017,364,25/9/1992,770
229,2008,477,26/7/2008,1234
229,2009,396,26/7/2008,1121
229,2010,1852,26/7/2008,9080
229,2011,229,26/7/2008,736
229,2012,261,26/7/2008,705
229,2013,211,26/7/2008,884
229,2014,551,26/7/2008,2314
229,2015,107,26/7/2008,379
229,2016,1195,26/7/2008,3164
229,2017,530,26/7/2008,1517
230,2009,75,10/11/2009,267
230,2010,906,10/11/2009,2519
230,2011,136,10/11/2009,309
230,2012,1200,10/11/2009,3507
230,2013,1376,10/11/2009,4271
230,2014,655,10/11/2009,1810
230,2015,1812,10/11/2009,6836
230,2016,1379,10/11/2009,2197
230,2017,1562,10/11/2009,1850
231,2004,1350,4/2/2004,2526
231,2005,1432,4/2/2004,4693
231,2006,962,4/2/2004,1337
231,2007,1309,4/2/2004,5519
231,2008,1219,4/2/2004,2088
231,2009,263,4/2/2004,1118
231,2010,1034,4/2/2004,4097
231,2011,1681,4/2/2004,4907
231,2012,1178,4/2/2004,2135
231,2013,1090,4/2/2004,1280
231,2014,1170,4/2/2004,5065
231,2015,104,4/2/2004,312
231,2016,219,4/2/2004,974
231,2017,168,4/2/2004,400
232,2009,146,3/10/2009,725
232,2010,586,3/10/2009,1107
232,2011,140,3/10/2009,522
232,2012,1194,3/10/2009,5202
232,2013,376,3/10/2009,1367
232,2014,1400,3/10/2009,4735
232,2015,806,3/10/2009,2776
232,2016,662,3/10/2009,1494
232,2017,1188,3/10/2009,5423
233,2014,648,14/8/2014,2520
233,2015,250,14/8/2014,529
233,2016,1858,14/8/2014,6112
233,2017,1640,14/8/2014,7459
234,1992,474,7/8/1992,791
234,1993,976,7/8/1992,2982
234,1994,1628,7/8/1992,6351
234,1995,1520,7/8/1992,4264
234,1996,1254,7/8/1992,5305
234,1997,142,7/8/1992,709
234,1998,1416,7/8/1992,3986
234,1999,1708,7/8/1992,4492
234,2000,364,7/8/1992,1421
234,2001,573,7/8/1992,1621
234,2002,1768,7/8/1992,6876
234,2003,878,7/8/1992,2723
234,2004,1221,7/8/1992,3084
234,2005,99,7/8/1992,369
234,2006,1879,7/8/1992,5980
234,2007,341,7/8/1992,1041
234,2008,1764,7/8/1992,6391
234,2009,554,7/8/1992,707
234,2010,1848,7/8/1992,2124
234,2011,808,7/8/1992,959
234,2012,498,7/8/1992,1626
234,2013,530,7/8/1992,958
234,2014,290,7/8/1992,713
234,2015,1859,7/8/1992,8587
234,2016,1257,7/8/1992,2258
234,2017,402,7/8/1992,1014
235,2013,146,23/12/2013,730
235,2014,534,23/12/2013,1758
235,2015,297,23/12/2013,863
235,2016,807,23/12/2013,2825
235,2017,1870,23/12/2013,6596
236,1995,380,12/5/1995,1291
236,1996,424,12/5/1995,896
236,1997,1838,12/5/1995,6284
236,1998,141,12/5/1995,409
236,1999,250,12/5/1995,261
236,2000,573,12/5/1995,2864
236,2001,1207,12/5/1995,5577
236,2002,401,12/5/1995,822
236,2003,1857,12/5/1995,2786
236,2004,1733,12/5/1995,7933
236,2005,1643,12/5/1995,3541
236,2006,948,12/5/1995,3724
236,2007,1230,12/5/1995,5063
236,2008,1209,12/5/1995,5286
236,2009,378,12/5/1995,1055
236,2010,1693,12/5/1995,5259
236,2011,432,12/5/1995,520
236,2012,120,12/5/1995,436
236,2013,187,12/5/1995,192
236,2014,1905,12/5/1995,9418
236,2015,1386,12/5/1995,3935
236,2016,666,12/5/1995,2977
236,2017,1707,12/5/1995,4046
237,1998,452,2/6/1998,2095
237,1999,1214,2/6/1998,5776
237,2000,1482,2/6/1998,3384
237,2001,1901,2/6/1998,4862
237,2002,131,2/6/1998,300
237,2003,1174,2/6/1998,3727
237,2004,809,2/6/1998,2201
237,2005,1049,2/6/1998,1953
237,2006,1159,2/6/1998,2692
237,2007,1816,2/6/1998,5258
237,2008,1342,2/6/1998,2028
237,2009,1601,2/6/1998,2236
237,2010,475,2/6/1998,1818
237,2011,1693,2/6/1998,2443
237,2012,353,2/6/1998,1508
237,2013,1255,2/6/1998,2483
237,2014,1182,2/6/1998,5448
237,2015,1055,2/6/1998,1688
237,2016,1588,2/6/1998,2855
237,2017,666,2/6/1998,1060
238,2008,448,3/6/2008,522
238,2009,1345,3/6/2008,5022
238,2010,233,3/6/2008,327
238,2011,636,3/6/2008,1471
238,2012,1485,3/6/2008,6191
238,2013,1791,3/6/2008,7233
238,2014,1115,3/6/2008,3324
238,2015,496,3/6/2008,2466
238,2016,1005,3/6/2008,4143
238,2017,1425,3/6/2008,4167
239,2006,365,13/10/2006,1585
239,2007,764,13/10/2006,3584
239,2008,608,13/10/2006,2251
239,2009,504,13/10/2006,788
239,2010,662,13/10/2006,2315
239,2011,354,13/10/2006,1003
239,2012,1093,13/10/2006,2161
239,2013,324,13/10/2006,964
239,2014,228,13/10/2006,763
239,2015,165,13/10/2006,427
239,2016,405,13/10/2006,1231
239,2017,1280,13/10/2006,2075
240,2000,1663,16/1/2000,2345
240,2001,1280,16/1/2000,5509
240,2002,1563,16/1/2000,4357
240,2003,597,16/1/2000,618
240,2004,498,16/1/2000,1816
240,2005,268,16/1/2000,280
240,2006,1698,16/1/2000,7112
240,2007,464,16/1/2000,2030
240,2008,1153,16/1/2000,2027
240,2009,1452,16/1/2000,4866
240,2010,739,16/1/2000,3392
240,2011,1783,16/1/2000,8758
240,2012,516,16/1/2000,1313
240,2013,559,16/1/2000,2564
240,2014,272,16/1/2000,963
240,2015,1538,16/1/2000,3893
240,2016,270,16/1/2000,477
240,2017,1810,16/1/2000,8759
241,2008,178,8/4/2008,465
241,2009,479,8/4/2008,2001
241,2010,1068,8/4/2008,3246
241,2011,1809,8/4/2008,3884
241,2012,332,8/4/2008,1246
241,2013,1379,8/4/2008,6694
241,2014,446,8/4/2008,1036
241,2015,129,8/4/2008,263
241,2016,1174,8/4/2008,3394
241,2017,1815,8/4/2008,5909
242,1994,394,1/6/1994,1916
242,1995,1879,1/6/1994,8601
242,1996,439,1/6/1994,1701
242,1997,1725,1/6/1994,7399
242,1998,1651,1/6/1994,2266
242,1999,418,1/6/1994,723
242,2000,1884,1/6/1994,7557
242,2001,301,1/6/1994,912
242,2002,1067,1/6/1994,4870
242,2003,388,1/6/1994,1839
242,2004,110,1/6/1994,347
242,2005,1620,1/6/1994,7676
242,2006,1327,1/6/1994,1658
242,2007,1276,1/6/1994,6380
242,2008,365,1/6/1994,600
242,2009,1686,1/6/1994,3350
242,2010,643,1/6/1994,2028
242,2011,514,1/6/1994,959
242,2012,665,1/6/1994,1896
242,2013,762,1/6/1994,775
242,2014,384,1/6/1994,454
242,2015,638,1/6/1994,1539
242,2016,1144,1/6/1994,2813
242,2017,120,1/6/1994,414
243,2016,383,13/9/2016,1394
243,2017,1160,13/9/2016,2422
244,2005,474,5/7/2005,1442
244,2006,921,5/7/2005,1202
244,2007,428,5/7/2005,1345
244,2008,1392,5/7/2005,1740
244,2009,1633,5/7/2005,6290
244,2010,1641,5/7/2005,3589
244,2011,1526,5/7/2005,5519
244,2012,1093,5/7/2005,4798
244,2013,910,5/7/2005,3205
244,2014,1678,5/7/2005,3015
244,2015,772,5/7/2005,2206
244,2016,1353,5/7/2005,5757
244,2017,1539,5/7/2005,5298
245,2015,78,5/12/2015,227
245,2016,721,5/12/2015,873
245,2017,519,5/12/2015,2228
246,1997,1395,12/1/1997,6625
246,1998,1422,12/1/1997,5244
246,1999,815,12/1/1997,3414
246,2000,676,12/1/1997,683
246,2001,1871,12/1/1997,4981
246,2002,1119,12/1/1997,1592
246,2003,1482,12/1/1997,2858
246,2004,1904,12/1/1997,8313
246,2005,1636,12/1/1997,3684
246,2006,1197,12/1/1997,5218
246,2007,441,12/1/1997,1996
246,2008,975,12/1/1997,1326
246,2009,664,12/1/1997,2585
246,2010,248,12/1/1997,1238
246,2011,1140,12/1/1997,4662
246,2012,121,12/1/1997,411
246,2013,169,12/1/1997,459
246,2014,97,12/1/1997,147
246,2015,637,12/1/1997,1219
246,2016,933,12/1/1997,4627
246,2017,469,12/1/1997,1763
247,1999,105,6/11/1999,302
247,2000,408,6/11/1999,708
247,2001,1380,6/11/1999,6278
247,2002,1507,6/11/1999,6794
247,2003,912,6/11/1999,1821
247,2004,1872,6/11/1999,4233
247,2005,562,6/11/1999,2070
247,2006,607,6/11/1999,1495
247,2007,1264,6/11/1999,5121
247,2008,115,6/11/1999,429
247,2009,869,6/11/1999,2210
247,2010,514,6/11/1999,591
247,2011,623,6/11/1999,2641
247,2012,1554,6/11/1999,5783
247,2013,1625,6/11/1999,4780
247,2014,1811,6/11/1999,6560
247,2015,1081,6/11/1999,2922
247,2016,1438,6/11/1999,3440
247,2017,918,6/11/1999,1927
248,2006,787,18/4/2006,2980
248,2007,388,18/4/2006,1847
248,2008,333,18/4/2006,1437
248,2009,1574,18/4/2006,2408
248,2010,1783,18/4/2006,4907
248,2011,1782,18/4/2006,7572
248,2012,1397,18/4/2006,4597
248,2013,1124,18/4/2006,3005
248,2014,812,18/4/2006,2427
248,2015,1067,18/4/2006,4314
248,2016,900,18/4/2006,1655
248,2017,362,18/4/2006,408
249,1997,390,1/2/1997,1668
249,1998,291,1/2/1997,1269
249,1999,932,1/2/1997,1150
249,2000,605,1/2/1997,732
249,2001,746,1/2/1997,1744
249,2002,566,1/2/1997,1392
249,2003,198,1/2/1997,448
249,2004,714,1/2/1997,3431
249,2005,780,1/2/1997,1407
249,2006,1524,1/2/1997,7443
249,2007,1552,1/2/1997,4393
249,2008,265,1/2/1997,971
249,2009,1416,1/2/1997,2362
249,2010,1116,1/2/1997,3104
249,2011,1862,1/2/1997,4721
249,2012,1515,1/2/1997,4181
249,2013,729,1/2/1997,2793
249,2014,1377,1/2/1997,2803
249,2015,107,1/2/1997,240
249,2016,726,1/2/1997,970
249,2017,1249,1/2/1997,2982
250,2017,500,4/7/2017,1375
251,2017,74,5/8/2017,364
252,1993,161,19/10/1993,331
252,1994,120,19/10/1993,275
252,1995,989,19/10/1993,1467
252,1996,563,19/10/1993,2430
252,1997,933,19/10/1993,3374
252,1998,786,19/10/1993,3461
252,1999,1883,19/10/1993,4423
252,2000,495,19/10/1993,2104
252,2001,1731,19/10/1993,4522
252,2002,1331,19/10/1993,4754
252,2003,1212,19/10/1993,2121
252,2004,1432,19/10/1993,1918
252,2005,1648,19/10/1993,2682
252,2006,258,19/10/1993,346
252,2007,1148,19/10/1993,1342
252,2008,121,19/10/1993,501
252,2009,1851,19/10/1993,4103
252,2010,607,19/10/1993,2428
252,2011,1508,19/10/1993,6348
252,2012,1250,19/10/1993,2919
252,2013,827,19/10/1993,1687
252,2014,346,19/10/1993,724
252,2015,456,19/10/1993,812
252,2016,1246,19/10/1993,1315
252,2017,1210,19/10/1993,2237
253,2017,776,25/8/2017,1488
254,2000,1188,18/5/2000,5123
254,2001,1331,18/5/2000,1509
254,2002,128,18/5/2000,267
254,2003,479,18/5/2000,1869
254,2004,1914,18/5/2000,2034
254,2005,1311,18/5/2000,5427
254,2006,533,18/5/2000,2559
254,2007,256,18/5/2000,1069
254,2008,1382,18/5/2000,5379
254,2009,618,18/5/2000,2470
254,2010,1585,18/5/2000,2751
254,2011,407,18/5/2000,1385
254,2012,139,18/5/2000,364
254,2013,1182,18/5/2000,3453
254,2014,364,18/5/2000,991
254,2015,1039,18/5/2000,4976
254,2016,909,18/5/2000,1319
254,2017,1675,18/5/2000,2922
255,2014,491,3/8/2014,908
255,2015,1437,3/8/2014,5850
255,2016,1499,3/8/2014,2182
255,2017,1366,3/8/2014,5842
256,1990,1615,24/2/1990,8014
256,1991,1199,24/2/1990,3827
256,1992,1742,24/2/1990,3613
256,1993,994,24/2/1990,1010
256,1994,735,24/2/1990,785
256,1995,669,24/2/1990,3288
256,1996,1331,24/2/1990,2310
256,1997,279,24/2/1990,298
256,1998,1116,24/2/1990,2138
256,1999,440,24/2/1990,1385
256,2000,507,24/2/1990,1378
256,2001,1726,24/2/1990,4874
256,2002,602,24/2/1990,1744
256,2003,1733,24/2/1990,4229
256,2004,244,24/2/1990,486
256,2005,1493,24/2/1990,6042
256,2006,749,24/2/1990,1571
256,2007,252,24/2/1990,991
256,2008,513,24/2/1990,1474
256,2009,1277,24/2/1990,4149
256,2010,1161,24/2/1990,3427
256,2011,874,24/2/1990,3658
256,2012,1890,24/2/1990,3936
256,2013,998,24/2/1990,2440
256,2014,400,24/2/1990,1514
256,2015,241,24/2/1990,270
256,2016,1439,24/2/1990,7164
256,2017,600,24/2/1990,688
257,1995,894,21/6/1995,2585
257,1996,794,21/6/1995,1806
257,1997,388,21/6/1995,556
257,1998,1464,21/6/1995,5657
257,1999,424,21/6/1995,1947
257,2000,1243,21/6/1995,5792
257,2001,1434,21/6/1995,3406
257,2002,1284,21/6/1995,3222
257,2003,1856,21/6/1995,5587
257,2004,733,21/6/1995,2109
257,2005,1111,21/6/1995,5041
257,2006,412,21/6/1995,1314
257,2007,1483,21/6/1995,6535
257,2008,483,21/6/1995,1850
257,2009,1267,21/6/1995,3057
257,2010,1544,21/6/1995,3351
257,2011,1642,21/6/1995,4377
257,2012,164,21/6/1995,455
257,2013,1101,21/6/1995,2927
257,2014,1229,21/6/1995,3265
257,2015,1851,21/6/1995,7636
257,2016,1848,21/6/1995,3952
257,2017,1643,21/6/1995,3794
258,2010,77,27/7/2010,261
258,2011,569,27/7/2010,2734
258,2012,808,27/7/2010,1444
258,2013,1555,27/7/2010,6396
258,2014,512,27/7/2010,1713
258,2015,762,27/7/2010,2447
258,2016,869,27/7/2010,3120
258,2017,205,27/7/2010,856
259,2007,154,15/8/2007,627
259,2008,1572,15/8/2007,6095
259,2009,1187,15/8/2007,2290
259,2010,538,15/8/2007,2316
259,2011,267,15/8/2007,543
259,2012,766,15/8/2007,3210
259,2013,439,15/8/2007,1308
259,2014,1108,15/8/2007,2616
259,2015,1767,15/8/2007,5480
259,2016,594,15/8/2007,1711
259,2017,1681,15/8/2007,6338
260,2011,146,5/9/2011,697
260,2012,1322,5/9/2011,1946
260,2013,431,5/9/2011,2016
260,2014,359,5/9/2011,1216
260,2015,1255,5/9/2011,3603
260,2016,863,5/9/2011,2457
260,2017,408,5/9/2011,535
261,2005,179,11/9/2005,790
261,2006,524,11/9/2005,2546
261,2007,1535,11/9/2005,1907
261,2008,1246,11/9/2005,1814
261,2009,367,11/9/2005,825
261,2010,675,11/9/2005,2986
261,2011,1503,11/9/2005,5983
261,2012,1585,11/9/2005,3404
261,2013,1915,11/9/2005,7368
261,2014,361,11/9/2005,502
261,2015,1634,11/9/2005,3736
261,2016,1893,11/9/2005,7274
261,2017,1895,11/9/2005,6232
262,2009,307,21/1/2009,529
262,2010,907,21/1/2009,3246
262,2011,1889,21/1/2009,5809
262,2012,507,21/1/2009,692
262,2013,979,21/1/2009,4340
262,2014,920,21/1/2009,4547
262,2015,1637,21/1/2009,6600
262,2016,500,21/1/2009,1556
262,2017,138,21/1/2009,221
263,2011,448,5/7/2011,714
263,2012,1170,5/7/2011,4566
263,2013,359,5/7/2011,1477
263,2014,212,5/7/2011,457
263,2015,490,5/7/2011,1335
263,2016,1508,5/7/2011,2077
263,2017,281,5/7/2011,1165
264,1999,59,24/12/1999,168
264,2000,1282,24/12/1999,3929
264,2001,895,24/12/1999,3646
264,2002,299,24/12/1999,863
264,2003,1618,24/12/1999,2661
264,2004,690,24/12/1999,2668
264,2005,1690,24/12/1999,3553
264,2006,767,24/12/1999,1968
264,2007,1694,24/12/1999,4624
264,2008,1814,24/12/1999,9029
264,2009,1159,24/12/1999,5335
264,2010,1127,24/12/1999,5417
264,2011,178,24/12/1999,629
264,2012,494,24/12/1999,503
264,2013,245,24/12/1999,650
264,2014,1686,24/12/1999,7511
264,2015,1386,24/12/1999,2955
264,2016,210,24/12/1999,423
264,2017,1899,24/12/1999,3464
265,2007,317,22/11/2007,995
265,2008,382,22/11/2007,1305
265,2009,826,22/11/2007,3740
265,2010,1243,22/11/2007,2907
265,2011,332,22/11/2007,684
265,2012,910,22/11/2007,2167
265,2013,570,22/11/2007,1139
265,2014,1896,22/11/2007,7701
265,2015,1218,22/11/2007,4510
265,2016,1501,22/11/2007,3507
265,2017,1788,22/11/2007,8598
266,2008,276,12/2/2008,1152
266,2009,890,12/2/2008,3612
266,2010,1470,12/2/2008,4564
266,2011,823,12/2/2008,1039
266,2012,1370,12/2/2008,1790
266,2013,346,12/2/2008,905
266,2014,591,12/2/2008,2843
266,2015,1465,12/2/2008,3416
266,2016,1020,12/2/2008,4609
266,2017,1719,12/2/2008,7358
267,2015,413,12/5/2015,1949
267,2016,1758,12/5/2015,2433
267,2017,893,12/5/2015,2212
268,2000,124,21/12/2000,435
268,2001,249,21/12/2000,868
268,2002,793,21/12/2000,2314
268,2003,440,21/12/2000,1182
268,2004,1758,21/12/2000,4796
268,2005,1229,21/12/2000,5375
268,2006,787,21/12/2000,1111
268,2007,1084,21/12/2000,4391
268,2008,1495,21/12/2000,1714
268,2009,887,21/12/2000,4386
268,2010,1695,21/12/2000,4915
268,2011,462,21/12/2000,753
268,2012,1104,21/12/2000,1718
268,2013,1194,21/12/2000,2673
268,2014,1893,21/12/2000,6090
268,2015,1315,21/12/2000,4070
268,2016,1692,21/12/2000,7743
268,2017,1611,21/12/2000,6542
269,1993,220,2/8/1993,566
269,1994,1880,2/8/1993,4349
269,1995,1453,2/8/1993,2906
269,1996,621,2/8/1993,799
269,1997,1448,2/8/1993,5253
269,1998,313,2/8/1993,323
269,1999,958,2/8/1993,1320
269,2000,1713,2/8/1993,4582
269,2001,1123,2/8/1993,4671
269,2002,1767,2/8/1993,8432
269,2003,1202,2/8/1993,3927
269,2004,1330,2/8/1993,6338
269,2005,875,2/8/1993,2941
269,2006,381,2/8/1993,1010
269,2007,284,2/8/1993,315
269,2008,828,2/8/1993,3755
269,2009,739,2/8/1993,2714
269,2010,1505,2/8/1993,6418
269,2011,112,2/8/1993,207
269,2012,1324,2/8/1993,4835
269,2013,1879,2/8/1993,7429
269,2014,883,2/8/1993,4364
269,2015,1610,2/8/1993,7172
269,2016,176,2/8/1993,317
269,2017,504,2/8/1993,1095
270,1994,875,13/5/1994,1015
270,1995,1440,13/5/1994,3183
270,1996,829,13/5/1994,1578
270,1997,306,13/5/1994,1127
270,1998,1229,13/5/1994,5589
270,1999,1901,13/5/1994,6326
270,2000,535,13/5/1994,2647
270,2001,236,13/5/1994,875
270,2002,998,13/5/1994,1255
270,2003,753,13/5/1994,3494
270,2004,1640,13/5/1994,6110
270,2005,1407,13/5/1994,6235
270,2006,902,13/5/1994,2259
270,2007,1690,13/5/1994,8325
270,2008,831,13/5/1994,3176
270,2009,700,13/5/1994,2311
270,2010,429,13/5/1994,1626
270,2011,1132,13/5/1994,1370
270,2012,1771,13/5/1994,4976
270,2013,1778,13/5/1994,5805
270,2014,397,13/5/1994,1433
270,2015,933,13/5/1994,3815
270,2016,1097,13/5/1994,4532
270,2017,203,13/5/1994,512
271,2013,305,21/10/2013,1030
271,2014,860,21/10/2013,4130
271,2015,1612,21/10/2013,2957
271,2016,640,21/10/2013,2033
271,2017,282,21/10/2013,677
272,1992,26,15/12/1992,101
272,1993,1489,15/12/1992,2122
272,1994,817,15/12/1992,3649
272,1995,1172,15/12/1992,5144
272,1996,939,15/12/1992,1267
272,1997,1846,15/12/1992,2552
272,1998,1694,15/12/1992,6317
272,1999,1271,15/12/1992,3455
272,2000,1238,15/12/1992,5041
272,2001,643,15/12/1992,2395
272,2002,623,15/12/1992,1272
272,2003,1560,15/12/1992,4991
272,2004,1835,15/12/1992,7815
272,2005,115,15/12/1992,306
272,2006,312,15/12/1992,836
272,2007,1294,15/12/1992,2358
272,2008,1554,15/12/1992,1979
272,2009,1086,15/12/1992,3764
272,2010,1098,15/12/1992,4504
272,2011,1265,15/12/1992,2245
272,2012,1360,15/12/1992,4732
272,2013,866,15/12/1992,3335
272,2014,614,15/12/1992,1984
272,2015,1873,15/12/1992,8853
272,2016,1894,15/12/1992,7302
272,2017,1859,15/12/1992,4641
273,2009,958,22/6/2009,3450
273,2010,376,22/6/2009,531
273,2011,981,22/6/2009,3929
273,2012,1606,22/6/2009,2242
273,2013,800,22/6/2009,2259
273,2014,1242,22/6/2009,5619
273,2015,468,22/6/2009,538
273,2016,1644,22/6/2009,2365
273,2017,136,22/6/2009,433
274,1993,280,18/10/1993,719
274,1994,1088,18/10/1993,2610
274,1995,235,18/10/1993,1130
274,1996,1669,18/10/1993,7100
274,1997,1237,18/10/1993,5313
274,1998,1006,18/10/1993,4005
274,1999,1877,18/10/1993,4890
274,2000,1695,18/10/1993,2971
274,2001,1835,18/10/1993,8080
274,2002,118,18/10/1993,456
274,2003,1043,18/10/1993,2900
274,2004,907,18/10/1993,1022
274,2005,518,18/10/1993,2256
274,2006,1873,18/10/1993,8300
274,2007,843,18/10/1993,3370
274,2008,857,18/10/1993,4057
274,2009,898,18/10/1993,1967
274,2010,1266,18/10/1993,1267
274,2011,1462,18/10/1993,2003
274,2012,884,18/10/1993,2904
274,2013,791,18/10/1993,2440
274,2014,247,18/10/1993,911
274,2015,1321,18/10/1993,1323
274,2016,328,18/10/1993,624
274,2017,504,18/10/1993,1628
275,1993,1508,20/1/1993,2607
275,1994,1151,20/1/1993,3417
275,1995,214,20/1/1993,686
275,1996,368,20/1/1993,402
275,1997,540,20/1/1993,1534
275,1998,140,20/1/1993,209
275,1999,1439,20/1/1993,5885
275,2000,667,20/1/1993,2908
275,2001,1429,20/1/1993,3824
275,2002,282,20/1/1993,1409
275,2003,931,20/1/1993,3246
275,2004,153,20/1/1993,307
275,2005,176,20/1/1993,721
275,2006,1472,20/1/1993,5548
275,2007,1576,20/1/1993,6637
275,2008,1673,20/1/1993,6754
275,2009,183,20/1/1993,659
275,2010,957,20/1/1993,4320
275,2011,1446,20/1/1993,1902
275,2012,413,20/1/1993,1368
275,2013,788,20/1/1993,2551
275,2014,1654,20/1/1993,4195
275,2015,996,20/1/1993,2510
275,2016,467,20/1/1993,1757
275,2017,1157,20/1/1993,3997
276,2005,60,7/12/2005,154
276,2006,1756,7/12/2005,8711
276,2007,905,7/12/2005,2372
276,2008,1919,7/12/2005,4775
276,2009,1101,7/12/2005,1612
276,2010,1703,7/12/2005,3435
276,2011,1187,7/12/2005,3137
276,2012,142,7/12/2005,371
276,2013,1631,7/12/2005,4814
276,2014,1900,7/12/2005,6997
276,2015,1075,7/12/2005,2214
276,2016,525,7/12/2005,1392
276,2017,919,7/12/2005,2099
277,2013,1060,14/2/2013,4052
277,2014,1581,14/2/2013,2144
277,2015,964,14/2/2013,1978
277,2016,1775,14/2/2013,2913
277,2017,451,14/2/2013,1356
278,1993,183,4/1/1993,480
278,1994,945,4/1/1993,1914
278,1995,1427,4/1/1993,2540
278,1996,876,4/1/1993,2076
278,1997,1538,4/1/1993,4127
278,1998,1462,4/1/1993,4715
278,1999,698,4/1/1993,3308
278,2000,1496,4/1/1993,6876
278,2001,1709,4/1/1993,2930
278,2002,1845,4/1/1993,6338
278,2003,1583,4/1/1993,4463
278,2004,542,4/1/1993,2692
278,2005,933,4/1/1993,1856
278,2006,1805,4/1/1993,6947
278,2007,1183,4/1/1993,2616
278,2008,1375,4/1/1993,2638
278,2009,1319,4/1/1993,5604
278,2010,1157,4/1/1993,4239
278,2011,1593,4/1/1993,2960
278,2012,1478,4/1/1993,3444
278,2013,97,4/1/1993,408
278,2014,1324,4/1/1993,5535
278,2015,1769,4/1/1993,4632
278,2016,1462,4/1/1993,4988
278,2017,1872,4/1/1993,2605
279,2002,768,7/8/2002,2042
279,2003,819,7/8/2002,1708
279,2004,960,7/8/2002,1899
279,2005,1749,7/8/2002,5318
279,2006,1345,7/8/2002,2844
279,2007,658,7/8/2002,681
279,2008,1458,7/8/2002,3403
279,2009,1179,7/8/2002,4693
279,2010,1283,7/8/2002,1365
279,2011,1378,7/8/2002,5828
279,2012,1257,7/8/2002,5634
279,2013,145,7/8/2002,433
279,2014,1147,7/8/2002,2746
279,2015,213,7/8/2002,1035
279,2016,647,7/8/2002,3199
279,2017,417,7/8/2002,555
280,2000,1856,23/1/2000,4212
280,2001,1355,23/1/2000,3704
280,2002,1836,23/1/2000,2134
280,2003,348,23/1/2000,355
280,2004,950,23/1/2000,2289
280,2005,480,23/1/2000,1371
280,2006,1071,23/1/2000,3074
280,2007,1361,23/1/2000,5020
280,2008,1762,23/1/2000,3785
280,2009,929,23/1/2000,4121
280,2010,492,23/1/2000,1428
280,2011,1069,23/1/2000,4432
280,2012,632,23/1/2000,2828
280,2013,204,23/1/2000,925
280,2014,1880,23/1/2000,9212
280,2015,1165,23/1/2000,4503
280,2016,174,23/1/2000,349
280,2017,602,23/1/2000,1821
281,1997,855,26/5/1997,2699
281,1998,1705,26/5/1997,2523
281,1999,545,26/5/1997,2123
281,2000,806,26/5/1997,1207
281,2001,1240,26/5/1997,2768
281,2002,1309,26/5/1997,2897
281,2003,1543,26/5/1997,5871
281,2004,730,26/5/1997,2460
281,2005,1243,26/5/1997,5380
281,2006,1291,26/5/1997,4608
281,2007,919,26/5/1997,2207
281,2008,1684,26/5/1997,5693
281,2009,1182,26/5/1997,4923
281,2010,172,26/5/1997,299
281,2011,1535,26/5/1997,1987
281,2012,776,26/5/1997,2674
281,2013,546,26/5/1997,2581
281,2014,1656,26/5/1997,2123
281,2015,567,26/5/1997,1321
281,2016,841,26/5/1997,3339
281,2017,1116,26/5/1997,4067
282,1990,926,23/3/1990,4137
282,1991,1132,23/3/1990,2233
282,1992,1302,23/3/1990,1543
282,1993,613,23/3/1990,819
282,1994,967,23/3/1990,1156
282,1995,319,23/3/1990,1539
282,1996,676,23/3/1990,876
282,1997,326,23/3/1990,1234
282,1998,766,23/3/1990,2426
282,1999,1786,23/3/1990,5862
282,2000,1227,23/3/1990,1673
282,2001,1254,23/3/1990,6176
282,2002,240,23/3/1990,1117
282,2003,453,23/3/1990,2231
282,2004,537,23/3/1990,1290
282,2005,1089,23/3/1990,4485
282,2006,1771,23/3/1990,8204
282,2007,762,23/3/1990,2763
282,2008,1072,23/3/1990,1752
282,2009,1857,23/3/1990,6162
282,2010,1170,23/3/1990,4195
282,2011,198,23/3/1990,589
282,2012,1441,23/3/1990,6979
282,2013,99,23/3/1990,350
282,2014,462,23/3/1990,2143
282,2015,611,23/3/1990,1939
282,2016,1130,23/3/1990,2444
282,2017,1259,23/3/1990,2909
283,2015,657,10/1/2015,685
283,2016,1858,10/1/2015,1963
283,2017,1368,10/1/2015,3713
284,2007,93,21/8/2007,115
284,2008,1645,21/8/2007,3897
284,2009,568,21/8/2007,1575
284,2010,1650,21/8/2007,7154
284,2011,1614,21/8/2007,4797
284,2012,1632,21/8/2007,7022
284,2013,552,21/8/2007,1264
284,2014,1438,21/8/2007,4805
284,2015,229,21/8/2007,1068
284,2016,501,21/8/2007,2097
284,2017,1915,21/8/2007,2733
285,2005,711,26/8/2005,1656
285,2006,1471,26/8/2005,1482
285,2007,1220,26/8/2005,3427
285,2008,1276,26/8/2005,6140
285,2009,1553,26/8/2005,3922
285,2010,350,26/8/2005,469
285,2011,1685,26/8/2005,6329
285,2012,749,26/8/2005,1195
285,2013,1855,26/8/2005,8768
285,2014,1102,26/8/2005,2095
285,2015,252,26/8/2005,280
285,2016,1650,26/8/2005,4533
285,2017,510,26/8/2005,1795
286,2017,575,19/4/2017,1429
287,2007,153,11/9/2007,413
287,2008,1127,11/9/2007,3851
287,2009,1520,11/9/2007,6414
287,2010,215,11/9/2007,679
287,2011,656,11/9/2007,1450
287,2012,1442,11/9/2007,6695
287,2013,1294,11/9/2007,5260
287,2014,1454,11/9/2007,2427
287,2015,194,11/9/2007,394
287,2016,184,11/9/2007,426
287,2017,541,11/9/2007,2398
288,2014,266,15/2/2014,1211
288,2015,1569,15/2/2014,2882
288,2016,1236,15/2/2014,2210
288,2017,1881,15/2/2014,2824
289,2016,451,28/7/2016,666
289,2017,441,28/7/2016,1204
290,2017,445,26/2/2017,1268
291,1990,569,5/7/1990,1560
291,1991,338,5/7/1990,1336
291,1992,1798,5/7/1990,8301
291,1993,1765,5/7/1990,2628
291,1994,1809,5/7/1990,3398
291,1995,1293,5/7/1990,1460
291,1996,1344,5/7/1990,4248
291,1997,502,5/7/1990,1639
291,1998,454,5/7/1990,926
291,1999,173,5/7/1990,645
291,2000,272,5/7/1990,875
291,2001,1777,5/7/1990,5347
291,2002,1500,5/7/1990,2911
291,2003,928,5/7/1990,3750
291,2004,704,5/7/1990,2845
291,2005,1069,5/7/1990,3247
291,2006,577,5/7/1990,1943
291,2007,1770,5/7/1990,1824
291,2008,1663,5/7/1990,7376
291,2009,665,5/7/1990,2426
291,2010,260,5/7/1990,973
291,2011,1572,5/7/1990,2594
291,2012,452,5/7/1990,627
291,2013,1836,5/7/1990,3989
291,2014,125,5/7/1990,155
291,2015,1743,5/7/1990,4550
291,2016,1670,5/7/1990,5311
291,2017,1690,5/7/1990,7574
292,2017,883,21/1/2017,3988
293,1990,345,21/5/1990,591
293,1991,1800,21/5/1990,3145
293,1992,216,21/5/1990,464
293,1993,1866,21/5/1990,6035
293,1994,1524,21/5/1990,6329
293,1995,1018,21/5/1990,2467
293,1996,503,21/5/1990,1201
293,1997,1835,21/5/1990,3301
293,1998,151,21/5/1990,340
293,1999,850,21/5/1990,2049
293,2000,1205,21/5/1990,2555
293,2001,296,21/5/1990,789
293,2002,416,21/5/1990,908
293,2003,1154,21/5/1990,2633
293,2004,1564,21/5/1990,4028
293,2005,1295,21/5/1990,3079
293,2006,1477,21/5/1990,3358
293,2007,1523,21/5/1990,4781
293,2008,979,21/5/1990,4147
293,2009,1325,21/5/1990,6054
293,2010,1132,21/5/1990,3119
293,2011,1660,21/5/1990,8062
293,2012,1231,21/5/1990,5161
293,2013,1639,21/5/1990,5481
293,2014,695,21/5/1990,886
293,2015,914,21/5/1990,3793
293,2016,720,21/5/1990,2679
293,2017,419,21/5/1990,945
294,2002,131,20/9/2002,525
294,2003,572,20/9/2002,632
294,2004,532,20/9/2002,1536
294,2005,854,20/9/2002,1270
294,2006,1546,20/9/2002,2612
294,2007,1056,20/9/2002,2644
294,2008,124,20/9/2002,184
294,2009,1430,20/9/2002,3515
294,2010,1630,20/9/2002,8139
294,2011,522,20/9/2002,1752
294,2012,1331,20/9/2002,3437
294,2013,1534,20/9/2002,6230
294,2014,1374,20/9/2002,1878
294,2015,741,20/9/2002,2515
294,2016,575,20/9/2002,829
294,2017,1171,20/9/2002,3772
295,2007,537,10/5/2007,2011
295,2008,1449,10/5/2007,5590
295,2009,804,10/5/2007,3818
295,2010,1818,10/5/2007,5803
295,2011,1537,10/5/2007,3497
295,2012,207,10/5/2007,654
295,2013,572,10/5/2007,2664
295,2014,851,10/5/2007,2669
295,2015,1107,10/5/2007,5268
295,2016,166,10/5/2007,720
295,2017,1254,10/5/2007,4025
296,1991,147,9/12/1991,706
296,1992,1098,9/12/1991,4069
296,1993,1616,9/12/1991,7669
296,1994,985,9/12/1991,1491
296,1995,1238,9/12/1991,1813
296,1996,836,9/12/1991,3042
296,1997,199,9/12/1991,292
296,1998,1080,9/12/1991,3576
296,1999,610,9/12/1991,1516
296,2000,505,9/12/1991,736
296,2001,1182,9/12/1991,3811
296,2002,1389,9/12/1991,2984
296,2003,1139,9/12/1991,1480
296,2004,289,9/12/1991,1173
296,2005,542,9/12/1991,2558
296,2006,546,9/12/1991,2299
296,2007,1804,9/12/1991,3765
296,2008,1764,9/12/1991,7086
296,2009,313,9/12/1991,1234
296,2010,480,9/12/1991,1302
296,2011,296,9/12/1991,667
296,2012,1736,9/12/1991,3991
296,2013,972,9/12/1991,2146
296,2014,1333,9/12/1991,3277
296,2015,574,9/12/1991,2532
296,2016,1863,9/12/1991,2984
296,2017,1040,9/12/1991,4136
297,2012,286,28/10/2012,461
297,2013,631,28/10/2012,1605
297,2014,115,28/10/2012,552
297,2015,285,28/10/2012,431
297,2016,212,28/10/2012,645
297,2017,246,28/10/2012,299
298,1993,1402,16/3/1993,5498
298,1994,1429,16/3/1993,5155
298,1995,770,16/3/1993,966
298,1996,1246,16/3/1993,2332
298,1997,184,16/3/1993,679
298,1998,1736,16/3/1993,6068
298,1999,686,16/3/1993,1353
298,2000,599,16/3/1993,2653
298,2001,781,16/3/1993,1237
298,2002,1681,16/3/1993,4495
298,2003,1903,16/3/1993,5633
298,2004,290,16/3/1993,1154
298,2005,947,16/3/1993,3804
298,2006,672,16/3/1993,2392
298,2007,181,16/3/1993,716
298,2008,687,16/3/1993,802
298,2009,1456,16/3/1993,5158
298,2010,1786,16/3/1993,7655
298,2011,1633,16/3/1993,7760
298,2012,1796,16/3/1993,4298
298,2013,1170,16/3/1993,2258
298,2014,858,16/3/1993,4279
298,2015,600,16/3/1993,2612
298,2016,766,16/3/1993,1361
298,2017,954,16/3/1993,2389
299,2002,61,9/11/2002,106
299,2003,269,9/11/2002,836
299,2004,1399,9/11/2002,6741
299,2005,1555,9/11/2002,7669
299,2006,817,9/11/2002,1188
299,2007,683,9/11/2002,3252
299,2008,1801,9/11/2002,6420
299,2009,1791,9/11/2002,3719
299,2010,943,9/11/2002,2363
299,2011,169,9/11/2002,335
299,2012,280,9/11/2002,1332
299,2013,1699,9/11/2002,3369
299,2014,548,9/11/2002,1624
299,2015,1474,9/11/2002,6852
299,2016,679,9/11/2002,2258
299,2017,1179,9/11/2002,3030
300,2008,187,11/5/2008,356
300,2009,649,11/5/2008,1063
300,2010,1017,11/5/2008,4772
300,2011,1032,11/5/2008,3368
300,2012,579,11/5/2008,2331
300,2013,1441,11/5/2008,5479
300,2014,1061,11/5/2008,2056
300,2015,1233,11/5/2008,4164
300,2016,1483,11/5/2008,5939
300,2017,729,11/5/2008,1339
301,2006,528,9/3/2006,1331
301,2007,268,9/3/2006,1055
301,2008,1342,9/3/2006,3304
301,2009,1208,9/3/2006,1326
301,2010,1613,9/3/2006,7523
301,2011,1391,9/3/2006,4370
301,2012,1483,9/3/2006,7226
301,2013,287,9/3/2006,967
301,2014,1279,9/3/2006,2900
301,2015,1085,9/3/2006,4723
301,2016,386,9/3/2006,1419
301,2017,980,9/3/2006,3276
302,1990,460,25/8/1990,1485
302,1991,283,25/8/1990,744
302,1992,1261,25/8/1990,2644
302,1993,287,25/8/1990,670
302,1994,263,25/8/1990,283
302,1995,1308,25/8/1990,3399
302,1996,108,25/8/1990,337
302,1997,1257,25/8/1990,5987
302,1998,851,25/8/1990,4099
302,1999,811,25/8/1990,3952
302,2000,917,25/8/1990,1789
302,2001,1176,25/8/1990,1602
302,2002,112,25/8/1990,150
302,2003,969,25/8/1990,4110
302,2004,427,25/8/1990,1139
302,2005,1773,25/8/1990,3940
302,2006,642,25/8/1990,2312
302,2007,469,25/8/1990,2232
302,2008,1131,25/8/1990,3380
302,2009,1733,25/8/1990,2968
302,2010,1272,25/8/1990,3505
302,2011,408,25/8/1990,1939
302,2012,1357,25/8/1990,2653
302,2013,1108,25/8/1990,1377
302,2014,1137,25/8/1990,4939
302,2015,1428,25/8/1990,3512
302,2016,606,25/8/1990,1716
302,2017,1667,25/8/1990,6589
303,2000,1407,22/3/2000,4771
303,2001,348,22/3/2000,853
303,2002,1901,22/3/2000,4143
303,2003,1652,22/3/2000,3878
303,2004,1127,22/3/2000,1428
303,2005,497,22/3/2000,1995
303,2006,1822,22/3/2000,5928
303,2007,1581,22/3/2000,1646
303,2008,945,22/3/2000,3318
303,2009,1178,22/3/2000,4335
303,2010,1704,22/3/2000,6499
303,2011,1740,22/3/2000,2346
303,2012,271,22/3/2000,686
303,2013,1476,22/3/2000,1551
303,2014,1600,22/3/2000,3974
303,2015,420,22/3/2000,859
303,2016,1046,22/3/2000,1328
303,2017,557,22/3/2000,670
304,1997,142,25/9/1997,378
304,1998,1093,25/9/1997,2142
304,1999,1785,25/9/1997,7105
304,2000,1377,25/9/1997,3621
304,2001,1821,25/9/1997,8077
304,2002,1346,25/9/1997,2223
304,2003,629,25/9/1997,1232
304,2004,1203,25/9/1997,5091
304,2005,896,25/9/1997,2850
304,2006,1769,25/9/1997,6824
304,2007,1687,25/9/1997,6159
304,2008,752,25/9/1997,2998
304,2009,1536,25/9/1997,7482
304,2010,1326,25/9/1997,2758
304,2011,197,25/9/1997,766
304,2012,937,25/9/1997,1162
304,2013,517,25/9/1997,1162
304,2014,855,25/9/1997,4169
304,2015,460,25/9/1997,1225
304,2016,1829,25/9/1997,4304
304,2017,111,25/9/1997,231
305,2015,502,4/5/2015,2242
305,2016,1422,4/5/2015,3245
305,2017,759,4/5/2015,2277
306,2016,903,21/2/2016,1469
306,2017,614,21/2/2016,681
307,2007,540,1/4/2007,1523
307,2008,580,1/4/2007,1194
307,2009,198,1/4/2007,739
307,2010,552,1/4/2007,669
307,2011,252,1/4/2007,908
307,2012,1446,1/4/2007,1903
307,2013,605,1/4/2007,2105
307,2014,1686,1/4/2007,4254
307,2015,587,1/4/2007,2102
307,2016,252,1/4/2007,665
307,2017,1058,1/4/2007,3574
308,2001,152,25/12/2001,433
308,2002,670,25/12/2001,3159
308,2003,230,25/12/2001,244
308,2004,213,25/12/2001,612
308,2005,872,25/12/2001,1116
308,2006,447,25/12/2001,1638
308,2007,706,25/12/2001,2769
308,2008,965,25/12/2001,1307
308,2009,1830,25/12/2001,7208
308,2010,869,25/12/2001,1819
308,2011,328,25/12/2001,412
308,2012,1790,25/12/2001,8509
308,2013,1378,25/12/2001,6863
308,2014,503,25/12/2001,2253
308,2015,1027,25/12/2001,3256
308,2016,1258,25/12/2001,5685
308,2017,113,25/12/2001,270
309,1993,565,6/9/1993,2280
309,1994,317,6/9/1993,1113
309,1995,1745,6/9/1993,3907
309,1996,658,6/9/1993,2922
309,1997,1438,6/9/1993,5431
309,1998,1755,6/9/1993,2524
309,1999,665,6/9/1993,1677
309,2000,167,6/9/1993,570
309,2001,208,6/9/1993,257
309,2002,297,6/9/1993,483
309,2003,747,6/9/1993,3177
309,2004,1471,6/9/1993,5349
309,2005,1614,6/9/1993,7679
309,2006,390,6/9/1993,1358
309,2007,1193,6/9/1993,3521
309,2008,1884,6/9/1993,6106
309,2009,833,6/9/1993,1765
309,2010,292,6/9/1993,472
309,2011,1274,6/9/1993,5340
309,2012,1389,6/9/1993,4342
309,2013,1580,6/9/1993,1945
309,2014,1231,6/9/1993,2325
309,2015,1157,6/9/1993,2960
309,2016,1092,6/9/1993,2588
309,2017,1413,6/9/1993,2698
310,1992,449,2/8/1992,2157
310,1993,360,2/8/1992,1119
310,1994,198,2/8/1992,358
310,1995,1821,2/8/1992,3088
310,1996,157,2/8/1992,521
310,1997,331,2/8/1992,1364
310,1998,418,2/8/1992,1210
310,1999,1139,2/8/1992,3110
310,2000,630,2/8/1992,1501
310,2001,1300,2/8/1992,5102
310,2002,1651,2/8/1992,5142
310,2003,1151,2/8/1992,4855
310,2004,1597,2/8/1992,1606
310,2005,1458,2/8/1992,2190
310,2006,113,2/8/1992,411
310,2007,1873,2/8/1992,4509
310,2008,557,2/8/1992,2360
310,2009,217,2/8/1992,511
310,2010,656,2/8/1992,1051
310,2011,945,2/8/1992,2416
310,2012,1042,2/8/1992,5174
310,2013,1880,2/8/1992,7345
310,2014,632,2/8/1992,1584
310,2015,126,2/8/1992,199
310,2016,1302,2/8/1992,5592
310,2017,444,2/8/1992,847
311,2012,132,18/4/2012,398
311,2013,272,18/4/2012,1328
311,2014,129,18/4/2012,312
311,2015,887,18/4/2012,1174
311,2016,1272,18/4/2012,5055
311,2017,1575,18/4/2012,5404
312,2007,411,15/9/2007,558
312,2008,1133,15/9/2007,4230
312,2009,1551,15/9/2007,2915
312,2010,193,15/9/2007,288
312,2011,1443,15/9/2007,4487
312,2012,813,15/9/2007,4040
312,2013,1256,15/9/2007,1821
312,2014,503,15/9/2007,2300
312,2015,174,15/9/2007,394
312,2016,1420,15/9/2007,6075
312,2017,1027,15/9/2007,4815
313,2009,704,24/8/2009,1117
313,2010,360,24/8/2009,1202
313,2011,492,24/8/2009,1599
313,2012,1006,24/8/2009,2174
313,2013,215,24/8/2009,365
313,2014,777,24/8/2009,3752
313,2015,583,24/8/2009,1219
313,2016,1820,24/8/2009,8251
313,2017,976,24/8/2009,1162
314,2005,443,4/8/2005,1582
314,2006,452,4/8/2005,1627
314,2007,1763,4/8/2005,1884
314,2008,1554,4/8/2005,7419
314,2009,1143,4/8/2005,3293
314,2010,1908,4/8/2005,7374
314,2011,1256,4/8/2005,1851
314,2012,283,4/8/2005,1264
314,2013,316,4/8/2005,1239
314,2014,1601,4/8/2005,6140
314,2015,1690,4/8/2005,3378
314,2016,634,4/8/2005,1016
314,2017,1074,4/8/2005,1624
315,1998,481,26/9/1998,998
315,1999,437,26/9/1998,623
315,2000,709,26/9/1998,2967
315,2001,206,26/9/1998,227
315,2002,1643,26/9/1998,3578
315,2003,1626,26/9/1998,3463
315,2004,967,26/9/1998,1509
315,2005,260,26/9/1998,527
315,2006,317,26/9/1998,423
315,2007,919,26/9/1998,2925
315,2008,1585,26/9/1998,5718
315,2009,1857,26/9/1998,8064
315,2010,1085,26/9/1998,3074
315,2011,1307,26/9/1998,2887
315,2012,1208,26/9/1998,1914
315,2013,460,26/9/1998,1781
315,2014,1578,26/9/1998,3364
315,2015,1643,26/9/1998,5541
315,2016,1708,26/9/1998,2077
315,2017,882,26/9/1998,934
316,2010,1099,26/5/2010,1794
316,2011,1138,26/5/2010,1378
316,2012,1341,26/5/2010,4444
316,2013,147,26/5/2010,168
316,2014,1618,26/5/2010,6267
316,2015,1571,26/5/2010,2366
316,2016,723,26/5/2010,2290
316,2017,1258,26/5/2010,5587
317,2017,562,28/3/2017,2301
318,2005,124,26/12/2005,447
318,2006,306,26/12/2005,381
318,2007,663,26/12/2005,3275
318,2008,973,26/12/2005,1356
318,2009,344,26/12/2005,1000
318,2010,708,26/12/2005,1755
318,2011,1853,26/12/2005,2826
318,2012,672,26/12/2005,1240
318,2013,1773,26/12/2005,3843
318,2014,1112,26/12/2005,4568
318,2015,755,26/12/2005,1332
318,2016,154,26/12/2005,321
318,2017,337,26/12/2005,1367
319,2011,848,15/3/2011,1428
319,2012,753,15/3/2011,2881
319,2013,1548,15/3/2011,4608
319,2014,909,15/3/2011,3084
319,2015,1766,15/3/2011,4683
319,2016,465,15/3/2011,1143
319,2017,483,15/3/2011,2058
320,1994,70,20/11/1994,191
320,1995,1491,20/11/1994,2004
320,1996,1822,20/11/1994,7488
320,1997,370,20/11/1994,1260
320,1998,753,20/11/1994,3065
320,1999,1642,20/11/1994,5823
320,2000,1732,20/11/1994,2713
320,2001,1038,20/11/1994,1993
320,2002,288,20/11/1994,1319
320,2003,776,20/11/1994,1665
320,2004,1438,20/11/1994,1502
320,2005,114,20/11/1994,340
320,2006,416,20/11/1994,1268
320,2007,1150,20/11/1994,2692
320,2008,1326,20/11/1994,4091
320,2009,110,20/11/1994,193
320,2010,1063,20/11/1994,4814
320,2011,1707,20/11/1994,5920
320,2012,593,20/11/1994,2164
320,2013,1107,20/11/1994,3355
320,2014,1627,20/11/1994,2127
320,2015,867,20/11/1994,3328
320,2016,891,20/11/1994,1565
320,2017,680,20/11/1994,2823
321,2010,1152,10/3/2010,4520
321,2011,320,10/3/2010,713
321,2012,1754,10/3/2010,6390
321,2013,1278,10/3/2010,5862
321,2014,1853,10/3/2010,6209
321,2015,492,10/3/2010,1553
321,2016,404,10/3/2010,637
321,2017,151,10/3/2010,321
322,1992,915,1/2/1992,1780
322,1993,656,1/2/1992,2272
322,1994,811,1/2/1992,2464
322,1995,1083,1/2/1992,1718
322,1996,1042,1/2/1992,4825
322,1997,1084,1/2/1992,4371
322,1998,605,1/2/1992,2383
322,1999,1674,1/2/1992,7066
322,2000,730,1/2/1992,2258
322,2001,1359,1/2/1992,4916
322,2002,1094,1/2/1992,3017
322,2003,710,1/2/1992,1799
322,2004,552,1/2/1992,1571
322,2005,663,1/2/1992,1797
322,2006,950,1/2/1992,1190
322,2007,1217,1/2/1992,2533
322,2008,1000,1/2/1992,4919
322,2009,1187,1/2/1992,5515
322,2010,185,1/2/1992,589
322,2011,550,1/2/1992,581
322,2012,1168,1/2/1992,3159
322,2013,1722,1/2/1992,4230
322,2014,1164,1/2/1992,2930
322,2015,112,1/2/1992,369
322,2016,345,1/2/1992,390
322,2017,1625,1/2/1992,6603
323,2010,1429,26/4/2010,1865
323,2011,193,26/4/2010,578
323,2012,857,26/4/2010,4135
323,2013,1433,26/4/2010,3363
323,2014,426,26/4/2010,1865
323,2015,251,26/4/2010,1083
323,2016,1868,26/4/2010,6544
323,2017,294,26/4/2010,1207
324,1991,763,3/2/1991,1905
324,1992,882,3/2/1991,1294
324,1993,469,3/2/1991,1092
324,1994,588,3/2/1991,1969
324,1995,844,3/2/1991,1920
324,1996,773,3/2/1991,1298
324,1997,838,3/2/1991,2232
324,1998,1228,3/2/1991,2623
324,1999,1421,3/2/1991,7063
324,2000,1066,3/2/1991,1299
324,2001,1346,3/2/1991,6539
324,2002,1634,3/2/1991,3057
324,2003,595,3/2/1991,907
324,2004,1439,3/2/1991,6072
324,2005,1693,3/2/1991,7794
324,2006,1370,3/2/1991,6331
324,2007,1875,3/2/1991,2560
324,2008,1665,3/2/1991,3704
324,2009,1020,3/2/1991,3566
324,2010,1038,3/2/1991,2109
324,2011,1843,3/2/1991,5712
324,2012,1009,3/2/1991,3152
324,2013,1819,3/2/1991,4997
324,2014,304,3/2/1991,669
324,2015,1514,3/2/1991,6220
324,2016,1763,3/2/1991,1768
324,2017,473,3/2/1991,487
325,2014,51,23/12/2014,173
325,2015,255,23/12/2014,424
325,2016,1880,23/12/2014,8887
325,2017,1499,23/12/2014,2046
326,1991,40,18/12/1991,158
326,1992,267,18/12/1991,1024
326,1993,432,18/12/1991,790
326,1994,1707,18/12/1991,7374
326,1995,737,18/12/1991,1487
326,1996,1791,18/12/1991,6623
326,1997,1282,18/12/1991,4401
326,1998,486,18/12/1991,2289
326,1999,302,18/12/1991,769
326,2000,1740,18/12/1991,1939
326,2001,724,18/12/1991,3099
326,2002,1467,18/12/1991,4804
326,2003,1408,18/12/1991,4679
326,2004,1134,18/12/1991,2537
326,2005,309,18/12/1991,1522
326,2006,977,18/12/1991,4785
326,2007,400,18/12/1991,923
326,2008,813,18/12/1991,2454
326,2009,1705,18/12/1991,5196
326,2010,316,18/12/1991,1257
326,2011,1404,18/12/1991,3097
326,2012,880,18/12/1991,3212
326,2013,1644,18/12/1991,7855
326,2014,126,18/12/1991,163
326,2015,992,18/12/1991,1661
326,2016,480,18/12/1991,924
326,2017,1468,18/12/1991,6437
327,2017,121,19/12/2017,300
328,2017,269,15/11/2017,1158
329,1999,1287,7/3/1999,2679
329,2000,339,7/3/1999,439
329,2001,1369,7/3/1999,4084
329,2002,930,7/3/1999,3466
329,2003,381,7/3/1999,1813
329,2004,635,7/3/1999,820
329,2005,1094,7/3/1999,1688
329,2006,639,7/3/1999,3127
329,2007,1562,7/3/1999,7496
329,2008,966,7/3/1999,4060
329,2009,1763,7/3/1999,6283
329,2010,964,7/3/1999,1809
329,2011,1383,7/3/1999,4521
329,2012,114,7/3/1999,283
329,2013,1055,7/3/1999,3142
329,2014,1839,7/3/1999,7323
329,2015,234,7/3/1999,393
329,2016,737,7/3/1999,1182
329,2017,1109,7/3/1999,1567
330,2012,44,22/12/2012,85
330,2013,473,22/12/2012,2348
330,2014,778,22/12/2012,3774
330,2015,1458,22/12/2012,6583
330,2016,1536,22/12/2012,3266
330,2017,1203,22/12/2012,1404
331,2006,656,24/8/2006,1369
331,2007,186,24/8/2006,350
331,2008,520,24/8/2006,643
331,2009,1085,24/8/2006,4431
331,2010,859,24/8/2006,3653
331,2011,659,24/8/2006,2363
331,2012,1231,24/8/2006,1862
331,2013,1246,24/8/2006,2012
331,2014,1361,24/8/2006,3995
331,2015,979,24/8/2006,1965
331,2016,1749,24/8/2006,3331
331,2017,1729,24/8/2006,5970
332,2000,873,15/6/2000,3966
332,2001,1506,15/6/2000,3090
332,2002,979,15/6/2000,1568
332,2003,1489,15/6/2000,4397
332,2004,550,15/6/2000,1405
332,2005,1115,15/6/2000,1656
332,2006,1779,15/6/2000,6490
332,2007,940,15/6/2000,2241
332,2008,1148,15/6/2000,5137
332,2009,831,15/6/2000,1538
332,2010,1573,15/6/2000,5481
332,2011,1425,15/6/2000,4819
332,2012,234,15/6/2000,378
332,2013,608,15/6/2000,1311
332,2014,472,15/6/2000,2311
332,2015,438,15/6/2000,1348
332,2016,1454,15/6/2000,6106
332,2017,1551,15/6/2000,5519
333,1991,195,4/8/1991,624
333,1992,1694,4/8/1991,3569
333,1993,1350,4/8/1991,2154
333,1994,789,4/8/1991,3434
333,1995,1747,4/8/1991,3080
333,1996,707,4/8/1991,1926
333,1997,381,4/8/1991,1405
333,1998,693,4/8/1991,2430
333,1999,1502,4/8/1991,5023
333,2000,425,4/8/1991,791
333,2001,805,4/8/1991,2307
333,2002,1122,4/8/1991,4982
333,2003,1245,4/8/1991,2033
333,2004,1833,4/8/1991,7730
333,2005,106,4/8/1991,243
333,2006,141,4/8/1991,405
333,2007,327,4/8/1991,1227
333,2008,1193,4/8/1991,3059
333,2009,1576,4/8/1991,5080
333,2010,1533,4/8/1991,4395
333,2011,472,4/8/1991,1093
333,2012,298,4/8/1991,1356
333,2013,1521,4/8/1991,5738
333,2014,305,4/8/1991,499
333,2015,585,4/8/1991,1420
333,2016,720,4/8/1991,3097
333,2017,157,4/8/1991,779
334,2004,100,3/12/2004,252
334,2005,1004,3/12/2004,2571
334,2006,1814,3/12/2004,5171
334,2007,292,3/12/2004,940
334,2008,766,3/12/2004,3152
334,2009,166,3/12/2004,811
334,2010,681,3/12/2004,1539
334,2011,522,3/12/2004,1786
334,2012,97,3/12/2004,402
334,2013,1767,3/12/2004,8108
334,2014,1333,3/12/2004,5703
334,2015,442,3/12/2004,1051
334,2016,1332,3/12/2004,3066
334,2017,249,3/12/2004,533
335,2007,995,4/5/2007,3756
335,2008,1572,4/5/2007,2751
335,2009,1318,4/5/2007,5926
335,2010,1018,4/5/2007,4000
335,2011,1106,4/5/2007,2858
335,2012,631,4/5/2007,882
335,2013,631,4/5/2007,1206
335,2014,293,4/5/2007,667
335,2015,1442,4/5/2007,3673
335,2016,1544,4/5/2007,5615
335,2017,140,4/5/2007,448
336,1995,165,7/8/1995,433
336,1996,529,7/8/1995,1813
336,1997,788,7/8/1995,3008
336,1998,407,7/8/1995,1848
336,1999,1073,7/8/1995,3364
336,2000,473,7/8/1995,571
336,2001,1455,7/8/1995,4824
336,2002,137,7/8/1995,389
336,2003,1212,7/8/1995,3570
336,2004,1218,7/8/1995,5039
336,2005,687,7/8/1995,2526
336,2006,1571,7/8/1995,5317
336,2007,431,7/8/1995,846
336,2008,1560,7/8/1995,7549
336,2009,131,7/8/1995,361
336,2010,1840,7/8/1995,7990
336,2011,1885,7/8/1995,8047
336,2012,235,7/8/1995,539
336,2013,1907,7/8/1995,4761
336,2014,1338,7/8/1995,3098
336,2015,727,7/8/1995,2297
336,2016,1772,7/8/1995,5720
336,2017,884,7/8/1995,4171
337,1991,587,12/7/1991,1026
337,1992,911,12/7/1991,1962
337,1993,1175,12/7/1991,3387
337,1994,406,12/7/1991,685
337,1995,224,12/7/1991,348
337,1996,676,12/7/1991,2818
337,1997,1150,12/7/1991,3685
337,1998,1746,12/7/1991,5743
337,1999,1481,12/7/1991,5284
337,2000,1101,12/7/1991,2171
337,2001,1158,12/7/1991,2275
337,2002,1314,12/7/1991,5600
337,2003,522,12/7/1991,820
337,2004,991,12/7/1991,1006
337,2005,951,12/7/1991,969
337,2006,525,12/7/1991,1185
337,2007,212,12/7/1991,642
337,2008,1557,12/7/1991,6407
337,2009,1449,12/7/1991,5906
337,2010,1396,12/7/1991,5865
337,2011,286,12/7/1991,672
337,2012,436,12/7/1991,1415
337,2013,606,12/7/1991,2497
337,2014,721,12/7/1991,2843
337,2015,1688,12/7/1991,5197
337,2016,269,12/7/1991,761
337,2017,1593,12/7/1991,7762
338,2004,1812,8/1/2004,7099
338,2005,1401,8/1/2004,6611
338,2006,1889,8/1/2004,2334
338,2007,1382,8/1/2004,1426
338,2008,172,8/1/2004,712
338,2009,1417,8/1/2004,3131
338,2010,1249,8/1/2004,2044
338,2011,1746,8/1/2004,2408
338,2012,199,8/1/2004,309
338,2013,1126,8/1/2004,1605
338,2014,1298,8/1/2004,2457
338,2015,1753,8/1/2004,3373
338,2016,622,8/1/2004,2984
338,2017,438,8/1/2004,801
339,2000,77,23/11/2000,213
339,2001,1643,23/11/2000,6537
339,2002,1468,23/11/2000,3014
339,2003,167,23/11/2000,755
339,2004,1397,23/11/2000,6214
339,2005,658,23/11/2000,3260
339,2006,1661,23/11/2000,5397
339,2007,1643,23/11/2000,7579
339,2008,1609,23/11/2000,3714
339,2009,546,23/11/2000,1438
339,2010,676,23/11/2000,2661
339,2011,835,23/11/2000,1332
339,2012,112,23/11/2000,402
339,2013,219,23/11/2000,254
339,2014,944,23/11/2000,4103
339,2015,147,23/11/2000,251
339,2016,1157,23/11/2000,2017
339,2017,721,23/11/2000,1903
340,1994,149,23/11/1994,497
340,1995,807,23/11/1994,1303
340,1996,1747,23/11/1994,6411
340,1997,229,23/11/1994,682
340,1998,920,23/11/1994,3004
340,1999,418,23/11/1994,516
340,2000,489,23/11/1994,2318
340,2001,1309,23/11/1994,6240
340,2002,1293,23/11/1994,4520
340,2003,939,23/11/1994,3107
340,2004,1430,23/11/1994,6974
340,2005,136,23/11/1994,640
340,2006,686,23/11/1994,1842
340,2007,199,23/11/1994,681
340,2008,902,23/11/1994,3999
340,2009,1702,23/11/1994,5769
340,2010,998,23/11/1994,1180
340,2011,1667,23/11/1994,4801
340,2012,1061,23/11/1994,1550
340,2013,119,23/11/1994,403
340,2014,130,23/11/1994,281
340,2015,1840,23/11/1994,2326
340,2016,928,23/11/1994,2976
340,2017,1389,23/11/1994,4632
341,1997,606,1/2/1997,1560
341,1998,1574,1/2/1997,7692
341,1999,197,1/2/1997,353
341,2000,1493,1/2/1997,4364
341,2001,1324,1/2/1997,3647
341,2002,1052,1/2/1997,2627
341,2003,261,1/2/1997,290
341,2004,1116,1/2/1997,4737
341,2005,500,1/2/1997,1934
341,2006,891,1/2/1997,2002
341,2007,517,1/2/1997,653
341,2008,1347,1/2/1997,2216
341,2009,810,1/2/1997,2325
341,2010,1027,1/2/1997,4019
341,2011,1360,1/2/1997,2185
341,2012,1916,1/2/1997,7731
341,2013,735,1/2/1997,1230
341,2014,1570,1/2/1997,1758
341,2015,1230,1/2/1997,2480
341,2016,843,1/2/1997,870
341,2017,174,1/2/1997,300
342,2017,56,10/8/2017,218
343,2009,1546,9/3/2009,5218
343,2010,1143,9/3/2009,2134
343,2011,1152,9/3/2009,4306
343,2012,1315,9/3/2009,4538
343,2013,1598,9/3/2009,5172
343,2014,1079,9/3/2009,3026
343,2015,527,9/3/2009,1402
343,2016,641,9/3/2009,1638
343,2017,777,9/3/2009,3069
344,1995,703,2/4/1995,1441
344,1996,242,2/4/1995,494
344,1997,1597,2/4/1995,4737
344,1998,967,2/4/1995,2233
344,1999,583,2/4/1995,2162
344,2000,1343,2/4/1995,4318
344,2001,1257,2/4/1995,4012
344,2002,627,2/4/1995,1440
344,2003,944,2/4/1995,1590
344,2004,1606,2/4/1995,6308
344,2005,1209,2/4/1995,4396
344,2006,1076,2/4/1995,1373
344,2007,668,2/4/1995,1575
344,2008,1107,2/4/1995,5313
344,2009,792,2/4/1995,1374
344,2010,926,2/4/1995,2747
344,2011,1890,2/4/1995,6208
344,2012,1437,2/4/1995,3414
344,2013,182,2/4/1995,764
344,2014,1544,2/4/1995,4905
344,2015,277,2/4/1995,793
344,2016,166,2/4/1995,414
344,2017,930,2/4/1995,2799
345,2010,1333,24/3/2010,3705
345,2011,1126,24/3/2010,3703
345,2012,1187,24/3/2010,3543
345,2013,121,24/3/2010,379
345,2014,454,24/3/2010,740
345,2015,342,24/3/2010,1533
345,2016,1745,24/3/2010,2365
345,2017,1915,24/3/2010,7125
346,2005,168,14/10/2005,262
346,2006,591,14/10/2005,2923
346,2007,474,14/10/2005,2243
346,2008,571,14/10/2005,2719
346,2009,1558,14/10/2005,1644
346,2010,1030,14/10/2005,1094
346,2011,1072,14/10/2005,2891
346,2012,1180,14/10/2005,2640
346,2013,1498,14/10/2005,1820
346,2014,243,14/10/2005,622
346,2015,1398,14/10/2005,2965
346,2016,1517,14/10/2005,1565
346,2017,121,14/10/2005,130
347,1993,492,20/6/1993,2041
347,1994,935,20/6/1993,1197
347,1995,215,20/6/1993,307
347,1996,738,20/6/1993,2531
347,1997,866,20/6/1993,1031
347,1998,1857,20/6/1993,8358
347,1999,1769,20/6/1993,3456
347,2000,1847,20/6/1993,7433
347,2001,118,20/6/1993,438
347,2002,336,20/6/1993,1450
347,2003,1145,20/6/1993,3004
347,2004,557,20/6/1993,1805
347,2005,1375,20/6/1993,5750
347,2006,1195,20/6/1993,3924
347,2007,1261,20/6/1993,3598
347,2008,794,20/6/1993,1692
347,2009,443,20/6/1993,1649
347,2010,1451,20/6/1993,5141
347,2011,926,20/6/1993,939
347,2012,664,20/6/1993,2525
347,2013,402,20/6/1993,648
347,2014,366,20/6/1993,1072
347,2015,1535,20/6/1993,7033
347,2016,109,20/6/1993,530
347,2017,1192,20/6/1993,3815
348,2013,230,11/9/2013,690
348,2014,1725,11/9/2013,7449
348,2015,1230,11/9/2013,1353
348,2016,1520,11/9/2013,4963
348,2017,1836,11/9/2013,7709
349,2010,457,2/7/2010,1072
349,2011,1551,2/7/2010,7222
349,2012,1616,2/7/2010,2242
349,2013,479,2/7/2010,647
349,2014,840,2/7/2010,1660
349,2015,1793,2/7/2010,2994
349,2016,437,2/7/2010,1792
349,2017,1129,2/7/2010,3673
350,2005,1599,1/1/2005,4811
350,2006,464,1/1/2005,792
350,2007,371,1/1/2005,1603
350,2008,462,1/1/2005,1373
350,2009,1014,1/1/2005,1251
350,2010,410,1/1/2005,2029
350,2011,1863,1/1/2005,8038
350,2012,1674,1/1/2005,5119
350,2013,1427,1/1/2005,3628
350,2014,1809,1/1/2005,2136
350,2015,865,1/1/2005,2474
350,2016,1480,1/1/2005,7174
350,2017,588,1/1/2005,2838
351,2000,1258,15/5/2000,3324
351,2001,584,15/5/2000,1514
351,2002,187,15/5/2000,238
351,2003,1641,15/5/2000,3745
351,2004,673,15/5/2000,1166
351,2005,330,15/5/2000,635
351,2006,1696,15/5/2000,2351
351,2007,158,15/5/2000,241
351,2008,227,15/5/2000,884
351,2009,1238,15/5/2000,1638
351,2010,1571,15/5/2000,5746
351,2011,1389,15/5/2000,4113
351,2012,121,15/5/2000,437
351,2013,1172,15/5/2000,3149
351,2014,181,15/5/2000,256
351,2015,1090,15/5/2000,3440
351,2016,429,15/5/2000,1243
351,2017,1735,15/5/2000,2052
352,1998,350,19/3/1998,1369
352,1999,935,19/3/1998,2583
352,2000,1510,19/3/1998,2311
352,2001,759,19/3/1998,2424
352,2002,670,19/3/1998,1944
352,2003,437,19/3/1998,799
352,2004,757,19/3/1998,2599
352,2005,1211,19/3/1998,5018
352,2006,1605,19/3/1998,6312
352,2007,1647,19/3/1998,1725
352,2008,127,19/3/1998,480
352,2009,1788,19/3/1998,7547
352,2010,1512,19/3/1998,4104
352,2011,1233,19/3/1998,3669
352,2012,1681,19/3/1998,5382
352,2013,263,19/3/1998,1255
352,2014,337,19/3/1998,1096
352,2015,686,19/3/1998,3255
352,2016,1637,19/3/1998,5540
352,2017,1083,19/3/1998,2970
353,2003,149,14/10/2003,166
353,2004,765,14/10/2003,1891
353,2005,415,14/10/2003,1586
353,2006,1140,14/10/2003,1566
353,2007,792,14/10/2003,3435
353,2008,806,14/10/2003,2894
353,2009,740,14/10/2003,1044
353,2010,1674,14/10/2003,4447
353,2011,1233,14/10/2003,2344
353,2012,888,14/10/2003,3376
353,2013,1151,14/10/2003,4967
353,2014,1915,14/10/2003,3720
353,2015,1775,14/10/2003,3259
353,2016,616,14/10/2003,2440
353,2017,959,14/10/2003,1335
354,2007,724,8/5/2007,2773
354,2008,1495,8/5/2007,2252
354,2009,1617,8/5/2007,6338
354,2010,1325,8/5/2007,4392
354,2011,1545,8/5/2007,4155
354,2012,561,8/5/2007,651
354,2013,483,8/5/2007,1212
354,2014,588,8/5/2007,1116
354,2015,1886,8/5/2007,7763
354,2016,1399,8/5/2007,2134
354,2017,372,8/5/2007,1167
355,1991,105,22/12/1991,513
355,1992,1900,22/12/1991,1950
355,1993,1272,22/12/1991,5054
355,1994,591,22/12/1991,2058
355,1995,328,22/12/1991,1055
355,1996,1865,22/12/1991,5922
355,1997,1263,22/12/1991,2286
355,1998,641,22/12/1991,1394
355,1999,133,22/12/1991,340
355,2000,1522,22/12/1991,3399
355,2001,1019,22/12/1991,1065
355,2002,482,22/12/1991,1425
355,2003,353,22/12/1991,553
355,2004,168,22/12/1991,381
355,2005,1256,22/12/1991,3185
355,2006,958,22/12/1991,2160
355,2007,678,22/12/1991,3096
355,2008,1039,22/12/1991,1867
355,2009,1340,22/12/1991,6054
355,2010,333,22/12/1991,896
355,2011,316,22/12/1991,474
355,2012,1175,22/12/1991,2422
355,2013,521,22/12/1991,1596
355,2014,737,22/12/1991,2450
355,2015,1745,22/12/1991,7746
355,2016,1331,22/12/1991,2870
355,2017,1489,22/12/1991,4289
356,1999,920,2/4/1999,1171
356,2000,1214,2/4/1999,4651
356,2001,641,2/4/1999,2543
356,2002,208,2/4/1999,783
356,2003,1913,2/4/1999,4737
356,2004,1611,2/4/1999,3382
356,2005,1888,2/4/1999,6891
356,2006,1215,2/4/1999,5349
356,2007,718,2/4/1999,1051
356,2008,1838,2/4/1999,2863
356,2009,1528,2/4/1999,5076
356,2010,1400,2/4/1999,3001
356,2011,220,2/4/1999,592
356,2012,1201,2/4/1999,5880
356,2013,1173,2/4/1999,3604
356,2014,1599,2/4/1999,2405
356,2015,1512,2/4/1999,4845
356,2016,729,2/4/1999,2623
356,2017,611,2/4/1999,2141
357,2008,742,1/6/2008,2232
357,2009,1443,1/6/2008,5258
357,2010,1852,1/6/2008,8700
357,2011,956,1/6/2008,4326
357,2012,654,1/6/2008,2344
357,2013,1341,1/6/2008,6193
357,2014,1659,1/6/2008,5939
357,2015,1077,1/6/2008,4729
357,2016,1009,1/6/2008,3526
357,2017,1584,1/6/2008,7905
358,2008,1129,4/5/2008,4047
358,2009,651,4/5/2008,2291
358,2010,1597,4/5/2008,6853
358,2011,1357,4/5/2008,3809
358,2012,1481,4/5/2008,3119
358,2013,1153,4/5/2008,3509
358,2014,453,4/5/2008,567
358,2015,1887,4/5/2008,3107
358,2016,1083,4/5/2008,2598
358,2017,1824,4/5/2008,3885
359,2011,322,10/10/2011,964
359,2012,97,10/10/2011,268
359,2013,1522,10/10/2011,3481
359,2014,300,10/10/2011,1486
359,2015,360,10/10/2011,696
359,2016,1100,10/10/2011,3037
359,2017,526,10/10/2011,1436
360,2011,28,11/10/2011,140
360,2012,1622,11/10/2011,7896
360,2013,289,11/10/2011,1128
360,2014,1659,11/10/2011,5158
360,2015,1068,11/10/2011,2212
360,2016,1420,11/10/2011,4362
360,2017,983,11/10/2011,2614
361,2009,312,4/6/2009,625
361,2010,1578,4/6/2009,6958
361,2011,727,4/6/2009,2358
361,2012,1182,4/6/2009,4727
361,2013,1828,4/6/2009,7952
361,2014,1357,4/6/2009,5710
361,2015,1027,4/6/2009,2581
361,2016,823,4/6/2009,4111
361,2017,1585,4/6/2009,6073
362,2011,759,13/7/2011,3489
362,2012,635,13/7/2011,1892
362,2013,1574,13/7/2011,4037
362,2014,1566,13/7/2011,4553
362,2015,977,13/7/2011,1831
362,2016,1120,13/7/2011,3113
362,2017,888,13/7/2011,2820
363,1993,1548,21/2/1993,3280
363,1994,204,21/2/1993,618
363,1995,246,21/2/1993,258
363,1996,949,21/2/1993,1018
363,1997,232,21/2/1993,500
363,1998,747,21/2/1993,2513
363,1999,655,21/2/1993,715
363,2000,389,21/2/1993,919
363,2001,454,21/2/1993,1271
363,2002,697,21/2/1993,2490
363,2003,1029,21/2/1993,1250
363,2004,1656,21/2/1993,6563
363,2005,1633,21/2/1993,3691
363,2006,1342,21/2/1993,4475
363,2007,910,21/2/1993,3319
363,2008,179,21/2/1993,639
363,2009,372,21/2/1993,558
363,2010,374,21/2/1993,1492
363,2011,1651,21/2/1993,3571
363,2012,1020,21/2/1993,1108
363,2013,1894,21/2/1993,6585
363,2014,739,21/2/1993,1758
363,2015,661,21/2/1993,1883
363,2016,1170,21/2/1993,3799
363,2017,1777,21/2/1993,2582
364,2004,798,1/4/2004,2131
364,2005,1789,1/4/2004,5942
364,2006,400,1/4/2004,1730
364,2007,526,1/4/2004,2421
364,2008,446,1/4/2004,1745
364,2009,371,1/4/2004,625
364,2010,1244,1/4/2004,4259
364,2011,1755,1/4/2004,4646
364,2012,1760,1/4/2004,1912
364,2013,1404,1/4/2004,5334
364,2014,761,1/4/2004,1126
364,2015,1249,1/4/2004,4709
364,2016,1347,1/4/2004,4435
364,2017,842,1/4/2004,2162
365,2008,189,6/9/2008,835
365,2009,1889,6/9/2008,7367
365,2010,356,6/9/2008,567
365,2011,1231,6/9/2008,3331
365,2012,756,6/9/2008,2707
365,2013,1592,6/9/2008,4759
365,2014,1105,6/9/2008,1626
365,2015,1323,6/9/2008,5321
365,2016,146,6/9/2008,502
365,2017,1562,6/9/2008,6331
366,2005,316,25/10/2005,1542
366,2006,1328,25/10/2005,4022
366,2007,480,25/10/2005,856
366,2008,1543,25/10/2005,7582
366,2009,1073,25/10/2005,2809
366,2010,1346,25/10/2005,2960
366,2011,1468,25/10/2005,2393
366,2012,515,25/10/2005,1698
366,2013,256,25/10/2005,939
366,2014,261,25/10/2005,1014
366,2015,1554,25/10/2005,6338
366,2016,1343,25/10/2005,2682
366,2017,1630,25/10/2005,4306
367,2009,212,28/4/2009,1003
367,2010,767,28/4/2009,813
367,2011,1389,28/4/2009,4150
367,2012,549,28/4/2009,2713
367,2013,506,28/4/2009,2051
367,2014,812,28/4/2009,2558
367,2015,512,28/4/2009,1378
367,2016,1122,28/4/2009,2285
367,2017,602,28/4/2009,1147
368,1997,1323,4/1/1997,2644
368,1998,401,4/1/1997,833
368,1999,690,4/1/1997,3202
368,2000,1140,4/1/1997,2887
368,2001,767,4/1/1997,959
368,2002,1140,4/1/1997,1845
368,2003,444,4/1/1997,699
368,2004,1775,4/1/1997,5532
368,2005,1005,4/1/1997,3932
368,2006,1689,4/1/1997,3485
368,2007,1114,4/1/1997,2404
368,2008,640,4/1/1997,2434
368,2009,1418,4/1/1997,1985
368,2010,285,4/1/1997,1363
368,2011,1210,4/1/1997,3364
368,2012,1573,4/1/1997,7536
368,2013,775,4/1/1997,1526
368,2014,1849,4/1/1997,5673
368,2015,790,4/1/1997,1590
368,2016,1717,4/1/1997,5774
368,2017,1605,4/1/1997,5965
369,1997,146,8/10/1997,590
369,1998,926,8/10/1997,4121
369,1999,1454,8/10/1997,1523
369,2000,1088,8/10/1997,4796
369,2001,1541,8/10/1997,2278
369,2002,1560,8/10/1997,2552
369,2003,1426,8/10/1997,1476
369,2004,201,8/10/1997,238
369,2005,1890,8/10/1997,4327
369,2006,609,8/10/1997,1671
369,2007,990,8/10/1997,2185
369,2008,758,8/10/1997,1666
369,2009,1454,8/10/1997,4398
369,2010,1013,8/10/1997,2216
369,2011,1179,8/10/1997,3125
369,2012,472,8/10/1997,1841
369,2013,1428,8/10/1997,4559
369,2014,390,8/10/1997,1922
369,2015,1238,8/10/1997,4363
369,2016,370,8/10/1997,655
369,2017,1649,8/10/1997,4597
370,2002,253,21/11/2002,318
370,2003,1428,21/11/2002,5963
370,2004,151,21/11/2002,445
370,2005,757,21/11/2002,1631
370,2006,1184,21/11/2002,2752
370,2007,1237,21/11/2002,1450
370,2008,1409,21/11/2002,6269
370,2009,1416,21/11/2002,3281
370,2010,452,21/11/2002,1171
370,2011,1189,21/11/2002,3226
370,2012,1193,21/11/2002,3625
370,2013,560,21/11/2002,2611
370,2014,341,21/11/2002,385
370,2015,279,21/11/2002,990
370,2016,1029,21/11/2002,5127
370,2017,945,21/11/2002,2354
371,2003,751,21/2/2003,2295
371,2004,403,21/2/2003,1457
371,2005,1269,21/2/2003,5842
371,2006,516,21/2/2003,2444
371,2007,268,21/2/2003,1251
371,2008,1879,21/2/2003,2333
371,2009,635,21/2/2003,2801
371,2010,1541,21/2/2003,3661
371,2011,378,21/2/2003,1022
371,2012,1642,21/2/2003,4275
371,2013,795,21/2/2003,1160
371,2014,1728,21/2/2003,3678
371,2015,1743,21/2/2003,5514
371,2016,1748,21/2/2003,6761
371,2017,1748,21/2/2003,4586
372,2008,1353,23/3/2008,3696
372,2009,1025,23/3/2008,2151
372,2010,1485,23/3/2008,5043
372,2011,1837,23/3/2008,4760
372,2012,232,23/3/2008,345
372,2013,472,23/3/2008,2060
372,2014,1082,23/3/2008,2873
372,2015,1659,23/3/2008,5538
372,2016,917,23/3/2008,1363
372,2017,318,23/3/2008,596
373,2002,52,2/11/2002,216
373,2003,1095,2/11/2002,4699
373,2004,1628,2/11/2002,5940
373,2005,888,2/11/2002,2716
373,2006,1758,2/11/2002,3416
373,2007,748,2/11/2002,3286
373,2008,365,2/11/2002,1601
373,2009,325,2/11/2002,955
373,2010,1747,2/11/2002,5022
373,2011,1041,2/11/2002,4913
373,2012,896,2/11/2002,1824
373,2013,187,2/11/2002,495
373,2014,1486,2/11/2002,4138
373,2015,971,2/11/2002,4408
373,2016,1499,2/11/2002,4120
373,2017,122,2/11/2002,289
374,2004,283,3/8/2004,911
374,2005,140,3/8/2004,371
374,2006,347,3/8/2004,1082
374,2007,1327,3/8/2004,5035
374,2008,1493,3/8/2004,5736
374,2009,932,3/8/2004,1962
374,2010,581,3/8/2004,1607
374,2011,1604,3/8/2004,2841
374,2012,904,3/8/2004,3824
374,2013,199,3/8/2004,473
374,2014,559,3/8/2004,2465
374,2015,829,3/8/2004,968
374,2016,1418,3/8/2004,6322
374,2017,545,3/8/2004,1318
375,2001,109,3/9/2001,424
375,2002,1404,3/9/2001,6860
375,2003,1070,3/9/2001,2449
375,2004,227,3/9/2001,604
375,2005,1834,3/9/2001,4141
375,2006,932,3/9/2001,3652
375,2007,1037,3/9/2001,1109
375,2008,1862,3/9/2001,7356
375,2009,1616,3/9/2001,7810
375,2010,1143,3/9/2001,2365
375,2011,1753,3/9/2001,8521
375,2012,1895,3/9/2001,2301
375,2013,774,3/9/2001,1166
375,2014,1063,3/9/2001,1584
375,2015,651,3/9/2001,2008
375,2016,673,3/9/2001,1687
375,2017,1384,3/9/2001,5915
376,1994,754,28/3/1994,2091
376,1995,1149,28/3/1994,1565
376,1996,1482,28/3/1994,7175
376,1997,146,28/3/1994,636
376,1998,917,28/3/1994,2036
376,1999,1557,28/3/1994,5790
376,2000,1257,28/3/1994,3757
376,2001,1536,28/3/1994,2653
376,2002,854,28/3/1994,1966
376,2003,1029,28/3/1994,3567
376,2004,386,28/3/1994,1848
376,2005,1342,28/3/1994,3302
376,2006,1574,28/3/1994,6071
376,2007,381,28/3/1994,1067
376,2008,1068,28/3/1994,5061
376,2009,1403,28/3/1994,5657
376,2010,1130,28/3/1994,3034
376,2011,1871,28/3/1994,7413
376,2012,661,28/3/1994,931
376,2013,1187,28/3/1994,3112
376,2014,1723,28/3/1994,5361
376,2015,1527,28/3/1994,6631
376,2016,1232,28/3/1994,1323
376,2017,1050,28/3/1994,2218
377,2009,45,17/9/2009,218
377,2010,1123,17/9/2009,4245
377,2011,592,17/9/2009,1789
377,2012,1558,17/9/2009,1573
377,2013,409,17/9/2009,981
377,2014,1283,17/9/2009,1533
377,2015,981,17/9/2009,4229
377,2016,782,17/9/2009,2025
377,2017,966,17/9/2009,1289
378,1993,287,22/5/1993,1320
378,1994,775,22/5/1993,1932
378,1995,1429,22/5/1993,3680
378,1996,144,22/5/1993,493
378,1997,1663,22/5/1993,5848
378,1998,1392,22/5/1993,3305
378,1999,1801,22/5/1993,4286
378,2000,760,22/5/1993,3628
378,2001,970,22/5/1993,2212
378,2002,947,22/5/1993,1875
378,2003,182,22/5/1993,357
378,2004,669,22/5/1993,2862
378,2005,504,22/5/1993,1924
378,2006,130,22/5/1993,413
378,2007,285,22/5/1993,830
378,2008,454,22/5/1993,1929
378,2009,853,22/5/1993,2602
378,2010,1654,22/5/1993,4965
378,2011,1176,22/5/1993,3240
378,2012,1901,22/5/1993,4730
378,2013,978,22/5/1993,2287
378,2014,1227,22/5/1993,4942
378,2015,328,22/5/1993,1327
378,2016,1678,22/5/1993,6398
378,2017,522,22/5/1993,949
379,2001,766,7/2/2001,3258
379,2002,1164,7/2/2001,5446
379,2003,1412,7/2/2001,2571
379,2004,751,7/2/2001,2290
379,2005,1088,7/2/2001,2287
379,2006,150,7/2/2001,382
379,2007,1862,7/2/2001,5417
379,2008,630,7/2/2001,950
379,2009,1080,7/2/2001,2076
379,2010,278,7/2/2001,647
379,2011,1434,7/2/2001,6478
379,2012,142,7/2/2001,532
379,2013,1508,7/2/2001,7161
379,2014,1372,7/2/2001,4735
379,2015,591,7/2/2001,2207
379,2016,617,7/2/2001,1760
379,2017,1691,7/2/2001,7016
380,2005,79,18/8/2005,237
380,2006,554,18/8/2005,972
380,2007,419,18/8/2005,1460
380,2008,338,18/8/2005,1027
380,2009,963,18/8/2005,1320
380,2010,1031,18/8/2005,4821
380,2011,979,18/8/2005,1580
380,2012,1856,18/8/2005,6577
380,2013,1845,18/8/2005,6553
380,2014,1348,18/8/2005,4787
380,2015,718,18/8/2005,3334
380,2016,1296,18/8/2005,3000
380,2017,433,18/8/2005,839
381,1993,405,7/9/1993,1230
381,1994,268,7/9/1993,361
381,1995,763,7/9/1993,1200
381,1996,427,7/9/1993,1181
381,1997,1231,7/9/1993,3029
381,1998,584,7/9/1993,990
381,1999,794,7/9/1993,3301
381,2000,1044,7/9/1993,4233
381,2001,1228,7/9/1993,2396
381,2002,1770,7/9/1993,2992
381,2003,1861,7/9/1993,2666
381,2004,1776,7/9/1993,1896
381,2005,1627,7/9/1993,7660
381,2006,925,7/9/1993,1028
381,2007,1603,7/9/1993,6916
381,2008,1575,7/9/1993,3774
381,2009,1166,7/9/1993,2333
381,2010,1810,7/9/1993,6369
381,2011,856,7/9/1993,4217
381,2012,1313,7/9/1993,2983
381,2013,234,7/9/1993,444
381,2014,1785,7/9/1993,2377
381,2015,1773,7/9/1993,5199
381,2016,1809,7/9/1993,3143
381,2017,1623,7/9/1993,2492
382,2005,233,2/9/2005,530
382,2006,97,2/9/2005,253
382,2007,944,2/9/2005,1955
382,2008,791,2/9/2005,3590
382,2009,1898,2/9/2005,8617
382,2010,1491,2/9/2005,2771
382,2011,1694,2/9/2005,6987
382,2012,1000,2/9/2005,3501
382,2013,1751,2/9/2005,2491
382,2014,1195,2/9/2005,5373
382,2015,1603,2/9/2005,7592
382,2016,1877,2/9/2005,8785
382,2017,484,2/9/2005,1195
383,2011,941,23/6/2011,3024
383,2012,1531,23/6/2011,5277
383,2013,1300,23/6/2011,3463
383,2014,1695,23/6/2011,7110
383,2015,1587,23/6/2011,6756
383,2016,1776,23/6/2011,8009
383,2017,1613,23/6/2011,7934
384,2014,222,19/6/2014,537
384,2015,1134,19/6/2014,5084
384,2016,1189,19/6/2014,1703
384,2017,479,19/6/2014,1617
385,2006,21,4/11/2006,24
385,2007,1469,4/11/2006,3768
385,2008,1119,4/11/2006,2662
385,2009,468,4/11/2006,643
385,2010,258,4/11/2006,994
385,2011,1788,4/11/2006,2701
385,2012,289,4/11/2006,736
385,2013,1389,4/11/2006,2062
385,2014,1498,4/11/2006,6243
385,2015,1296,4/11/2006,2206
385,2016,1176,4/11/2006,1724
385,2017,1428,4/11/2006,3643
386,1993,101,2/9/1993,196
386,1994,112,2/9/1993,531
386,1995,1241,2/9/1993,2747
386,1996,116,2/9/1993,504
386,1997,854,2/9/1993,3888
386,1998,220,2/9/1993,401
386,1999,830,2/9/1993,2510
386,2000,773,2/9/1993,928
386,2001,640,2/9/1993,1933
386,2002,105,2/9/1993,450
386,2003,1799,2/9/1993,2914
386,2004,427,2/9/1993,1665
386,2005,959,2/9/1993,4671
386,2006,174,2/9/1993,636
386,2007,1314,2/9/1993,1993
386,2008,1847,2/9/1993,2777
386,2009,1690,2/9/1993,1699
386,2010,802,2/9/1993,2851
386,2011,558,2/9/1993,760
386,2012,1224,2/9/1993,1478
386,2013,1289,2/9/1993,3775
386,2014,1763,2/9/1993,5424
386,2015,1692,2/9/1993,8038
386,2016,1481,2/9/1993,4144
386,2017,1059,2/9/1993,3178
387,2003,936,1/6/2003,2678
387,2004,1732,1/6/2003,8046
387,2005,621,1/6/2003,1224
387,2006,268,1/6/2003,532
387,2007,1059,1/6/2003,5152
387,2008,1082,1/6/2003,4516
387,2009,1045,1/6/2003,4504
387,2010,1411,1/6/2003,3872
387,2011,809,1/6/2003,1101
387,2012,1632,1/6/2003,6521
387,2013,806,1/6/2003,1668
387,2014,1013,1/6/2003,2011
387,2015,853,1/6/2003,1254
387,2016,927,1/6/2003,1234
387,2017,801,1/6/2003,2903
388,2017,52,19/7/2017,63
389,2003,1656,24/1/2003,2554
389,2004,1125,24/1/2003,4608
389,2005,1552,24/1/2003,6498
389,2006,1261,24/1/2003,3408
389,2007,1342,24/1/2003,2271
389,2008,973,24/1/2003,2494
389,2009,1727,24/1/2003,2023
389,2010,708,24/1/2003,1155
389,2011,1708,24/1/2003,5887
389,2012,968,24/1/2003,4643
389,2013,1078,24/1/2003,4412
389,2014,1420,24/1/2003,1973
389,2015,1163,24/1/2003,2477
389,2016,1019,24/1/2003,3460
389,2017,330,24/1/2003,620
390,2005,237,21/10/2005,797
390,2006,1871,21/10/2005,3047
390,2007,1050,21/10/2005,2369
390,2008,304,21/10/2005,1368
390,2009,1123,21/10/2005,2420
390,2010,1721,21/10/2005,4254
390,2011,1607,21/10/2005,5129
390,2012,806,21/10/2005,3050
390,2013,933,21/10/2005,956
390,2014,784,21/10/2005,2986
390,2015,378,21/10/2005,593
390,2016,1089,21/10/2005,4296
390,2017,1706,21/10/2005,3984
391,1994,630,19/1/1994,932
391,1995,1441,19/1/1994,3345
391,1996,1906,19/1/1994,2390
391,1997,283,19/1/1994,849
391,1998,704,19/1/1994,2735
391,1999,1403,19/1/1994,3744
391,2000,1603,19/1/1994,7454
391,2001,1717,19/1/1994,2760
391,2002,669,19/1/1994,1856
391,2003,748,19/1/1994,2224
391,2004,177,19/1/1994,750
391,2005,1406,19/1/1994,6070
391,2006,178,19/1/1994,461
391,2007,244,19/1/1994,1003
391,2008,295,19/1/1994,1186
391,2009,1209,19/1/1994,4749
391,2010,883,19/1/1994,4248
391,2011,882,19/1/1994,3510
391,2012,964,19/1/1994,1723
391,2013,423,19/1/1994,2028
391,2014,326,19/1/1994,879
391,2015,472,19/1/1994,2014
391,2016,425,19/1/1994,476
391,2017,1060,19/1/1994,1545
392,2017,11,8/12/2017,18
393,2004,772,20/8/2004,3067
393,2005,1531,20/8/2004,1663
393,2006,396,20/8/2004,509
393,2007,1874,20/8/2004,6512
393,2008,1569,20/8/2004,7832
393,2009,1493,20/8/2004,3482
393,2010,116,20/8/2004,118
393,2011,881,20/8/2004,3840
393,2012,281,20/8/2004,459
393,2013,125,20/8/2004,494
393,2014,1804,20/8/2004,4306
393,2015,1610,20/8/2004,4676
393,2016,1618,20/8/2004,6006
393,2017,1279,20/8/2004,1936
394,2003,795,1/7/2003,3900
394,2004,1368,1/7/2003,3563
394,2005,219,1/7/2003,384
394,2006,647,1/7/2003,2824
394,2007,829,1/7/2003,3181
394,2008,289,1/7/2003,685
394,2009,1412,1/7/2003,6882
394,2010,290,1/7/2003,1428
394,2011,939,1/7/2003,1627
394,2012,808,1/7/2003,2042
394,2013,329,1/7/2003,677
394,2014,496,1/7/2003,1625
394,2015,1057,1/7/2003,1854
394,2016,1858,1/7/2003,6735
394,2017,1604,1/7/2003,2666
395,1990,515,10/5/1990,762
395,1991,394,10/5/1990,1543
395,1992,224,10/5/1990,1040
395,1993,265,10/5/1990,1228
395,1994,1581,10/5/1990,4625
395,1995,1712,10/5/1990,2987
395,1996,1836,10/5/1990,4670
395,1997,1467,10/5/1990,2257
395,1998,1026,10/5/1990,1441
395,1999,1887,10/5/1990,2373
395,2000,628,10/5/1990,1229
395,2001,1857,10/5/1990,7109
395,2002,636,10/5/1990,3156
395,2003,1061,10/5/1990,5290
395,2004,837,10/5/1990,2304
395,2005,620,10/5/1990,2474
395,2006,1532,10/5/1990,5661
395,2007,1477,10/5/1990,1867
395,2008,1377,10/5/1990,3050
395,2009,699,10/5/1990,995
395,2010,1492,10/5/1990,5606
395,2011,1636,10/5/1990,1994
395,2012,954,10/5/1990,1837
395,2013,174,10/5/1990,402
395,2014,1711,10/5/1990,2050
395,2015,1331,10/5/1990,4786
395,2016,902,10/5/1990,3651
395,2017,1040,10/5/1990,3707
396,2016,438,2/10/2016,1611
396,2017,190,2/10/2016,884
397,2002,217,8/11/2002,879
397,2003,311,8/11/2002,343
397,2004,213,8/11/2002,242
397,2005,1879,8/11/2002,7002
397,2006,143,8/11/2002,334
397,2007,745,8/11/2002,2550
397,2008,770,8/11/2002,3661
397,2009,439,8/11/2002,1004
397,2010,536,8/11/2002,905
397,2011,160,8/11/2002,790
397,2012,557,8/11/2002,1716
397,2013,878,8/11/2002,1230
397,2014,232,8/11/2002,482
397,2015,1173,8/11/2002,3284
397,2016,370,8/11/2002,1715
397,2017,165,8/11/2002,463
398,1999,108,19/11/1999,198
398,2000,1462,19/11/1999,6428
398,2001,705,19/11/1999,3086
398,2002,1780,19/11/1999,6005
398,2003,1795,19/11/1999,1840
398,2004,1678,19/11/1999,6366
398,2005,186,19/11/1999,377
398,2006,1326,19/11/1999,5877
398,2007,1596,19/11/1999,2587
398,2008,1315,19/11/1999,2350
398,2009,657,19/11/1999,2147
398,2010,911,19/11/1999,2466
398,2011,1036,19/11/1999,3130
398,2012,1140,19/11/1999,1152
398,2013,1510,19/11/1999,4086
398,2014,1917,19/11/1999,7384
398,2015,1192,19/11/1999,2764
398,2016,520,19/11/1999,2390
398,2017,1293,19/11/1999,6053
399,1993,924,1/4/1993,3413
399,1994,1820,1/4/1993,5325
399,1995,753,1/4/1993,2613
399,1996,918,1/4/1993,1432
399,1997,543,1/4/1993,808
399,1998,496,1/4/1993,515
399,1999,499,1/4/1993,1155
399,2000,737,1/4/1993,1797
399,2001,559,1/4/1993,902
399,2002,729,1/4/1993,2633
399,2003,1272,1/4/1993,4569
399,2004,1554,1/4/1993,7259
399,2005,1011,1/4/1993,3229
399,2006,150,1/4/1993,169
399,2007,1067,1/4/1993,2571
399,2008,406,1/4/1993,506
399,2009,494,1/4/1993,1086
399,2010,741,1/4/1993,2729
399,2011,116,1/4/1993,506
399,2012,1392,1/4/1993,5863
399,2013,1367,1/4/1993,6232
399,2014,1563,1/4/1993,5563
399,2015,632,1/4/1993,1429
399,2016,652,1/4/1993,1298
399,2017,1412,1/4/1993,6119
400,2006,985,22/5/2006,4317
400,2007,870,22/5/2006,1544
400,2008,1731,22/5/2006,2151
400,2009,1049,22/5/2006,2850
400,2010,282,22/5/2006,304
400,2011,1621,22/5/2006,3180
400,2012,1435,22/5/2006,2760
400,2013,1535,22/5/2006,3928
400,2014,1698,22/5/2006,6543
400,2015,1499,22/5/2006,5947
400,2016,1055,22/5/2006,5135
400,2017,370,22/5/2006,1426
401,2016,752,26/1/2016,2332
401,2017,1257,26/1/2016,3805
402,2012,1461,18/2/2012,2900
402,2013,167,18/2/2012,534
402,2014,940,18/2/2012,3156
402,2015,1513,18/2/2012,6461
402,2016,1129,18/2/2012,3814
402,2017,636,18/2/2012,2138
403,2005,399,1/5/2005,457
403,2006,860,1/5/2005,1261
403,2007,941,1/5/2005,3800
403,2008,1105,1/5/2005,2615
403,2009,1624,1/5/2005,7409
403,2010,685,1/5/2005,1355
403,2011,1325,1/5/2005,2794
403,2012,305,1/5/2005,1044
403,2013,1245,1/5/2005,1671
403,2014,1875,1/5/2005,8632
403,2015,1175,1/5/2005,3049
403,2016,1492,1/5/2005,2759
403,2017,117,1/5/2005,504
404,1996,1538,19/1/1996,5371
404,1997,726,19/1/1996,2644
404,1998,114,19/1/1996,249
404,1999,993,19/1/1996,4921
404,2000,1843,19/1/1996,8706
404,2001,926,19/1/1996,1940
404,2002,789,19/1/1996,2504
404,2003,1581,19/1/1996,2094
404,2004,442,19/1/1996,1947
404,2005,616,19/1/1996,1256
404,2006,1557,19/1/1996,2341
404,2007,735,19/1/1996,2214
404,2008,1351,19/1/1996,3137
404,2009,1636,19/1/1996,2517
404,2010,1383,19/1/1996,6510
404,2011,317,19/1/1996,729
404,2012,969,19/1/1996,1369
404,2013,629,19/1/1996,1737
404,2014,385,19/1/1996,588
404,2015,250,19/1/1996,1101
404,2016,112,19/1/1996,466
404,2017,1442,19/1/1996,7045
405,1995,80,8/12/1995,169
405,1996,1733,8/12/1995,7588
405,1997,158,8/12/1995,583
405,1998,1444,8/12/1995,4283
405,1999,1021,8/12/1995,3510
405,2000,408,8/12/1995,1448
405,2001,1358,8/12/1995,3213
405,2002,382,8/12/1995,836
405,2003,1085,8/12/1995,3644
405,2004,1867,8/12/1995,1872
405,2005,833,8/12/1995,2372
405,2006,1833,8/12/1995,4031
405,2007,825,8/12/1995,2071
405,2008,1717,8/12/1995,2003
405,2009,944,8/12/1995,4548
405,2010,268,8/12/1995,1180
405,2011,1084,8/12/1995,1398
405,2012,566,8/12/1995,1589
405,2013,969,8/12/1995,2872
405,2014,283,8/12/1995,746
405,2015,122,8/12/1995,286
405,2016,1238,8/12/1995,2460
405,2017,1426,8/12/1995,5717
406,2005,75,26/10/2005,235
406,2006,909,26/10/2005,1910
406,2007,798,26/10/2005,3803
406,2008,1252,26/10/2005,1630
406,2009,148,26/10/2005,377
406,2010,128,26/10/2005,426
406,2011,1338,26/10/2005,6077
406,2012,1442,26/10/2005,3879
406,2013,727,26/10/2005,1574
406,2014,561,26/10/2005,903
406,2015,861,26/10/2005,3800
406,2016,1171,26/10/2005,2260
406,2017,1546,26/10/2005,4891
407,1991,70,9/12/1991,100
407,1992,1061,9/12/1991,5073
407,1993,791,9/12/1991,1772
407,1994,266,9/12/1991,826
407,1995,694,9/12/1991,2348
407,1996,780,9/12/1991,3679
407,1997,513,9/12/1991,940
407,1998,554,9/12/1991,754
407,1999,1891,9/12/1991,3319
407,2000,1213,9/12/1991,5270
407,2001,997,9/12/1991,1318
407,2002,1713,9/12/1991,2910
407,2003,1430,9/12/1991,2364
407,2004,837,9/12/1991,2935
407,2005,1791,9/12/1991,4743
407,2006,256,9/12/1991,618
407,2007,1740,9/12/1991,7083
407,2008,1277,9/12/1991,6377
407,2009,1292,9/12/1991,3736
407,2010,360,9/12/1991,1544
407,2011,1613,9/12/1991,2794
407,2012,1365,9/12/1991,2772
407,2013,865,9/12/1991,1261
407,2014,1527,9/12/1991,4013
407,2015,426,9/12/1991,518
407,2016,1398,9/12/1991,6902
407,2017,564,9/12/1991,1855
408,2008,1112,23/6/2008,3732
408,2009,956,23/6/2008,3091
408,2010,176,23/6/2008,257
408,2011,1398,23/6/2008,6503
408,2012,1325,23/6/2008,5887
408,2013,1086,23/6/2008,2512
408,2014,551,23/6/2008,768
408,2015,1626,23/6/2008,6682
408,2016,113,23/6/2008,370
408,2017,455,23/6/2008,1869
409,2007,527,11/8/2007,1957
409,2008,1151,11/8/2007,1575
409,2009,1444,11/8/2007,6491
409,2010,1850,11/8/2007,8729
409,2011,1559,11/8/2007,3759
409,2012,826,11/8/2007,1391
409,2013,1310,11/8/2007,5372
409,2014,433,11/8/2007,1598
409,2015,1616,11/8/2007,5677
409,2016,1370,11/8/2007,3093
409,2017,1048,11/8/2007,2425
410,2002,1915,1/1/2002,4184
410,2003,1212,1/1/2002,4445
410,2004,140,1/1/2002,182
410,2005,308,1/1/2002,1179
410,2006,1022,1/1/2002,2317
410,2007,1025,1/1/2002,4275
410,2008,192,1/1/2002,838
410,2009,1105,1/1/2002,3441
410,2010,1594,1/1/2002,5320
410,2011,311,1/1/2002,364
410,2012,511,1/1/2002,1767
410,2013,1593,1/1/2002,3676
410,2014,311,1/1/2002,1126
410,2015,339,1/1/2002,1314
410,2016,352,1/1/2002,1387
410,2017,1115,1/1/2002,3010
411,1995,712,9/7/1995,936
411,1996,1837,9/7/1995,2196
411,1997,1037,9/7/1995,4598
411,1998,1345,9/7/1995,6373
411,1999,1464,9/7/1995,5976
411,2000,318,9/7/1995,1463
411,2001,592,9/7/1995,2850
411,2002,154,9/7/1995,415
411,2003,465,9/7/1995,2069
411,2004,1515,9/7/1995,7333
411,2005,734,9/7/1995,1517
411,2006,1179,9/7/1995,4550
411,2007,1294,9/7/1995,3819
411,2008,181,9/7/1995,770
411,2009,1266,9/7/1995,4702
411,2010,1505,9/7/1995,3519
411,2011,302,9/7/1995,1389
411,2012,775,9/7/1995,2655
411,2013,1398,9/7/1995,2123
411,2014,1176,9/7/1995,2397
411,2015,1715,9/7/1995,5731
411,2016,1063,9/7/1995,3136
411,2017,126,9/7/1995,435
412,2014,811,27/2/2014,1998
412,2015,186,27/2/2014,650
412,2016,688,27/2/2014,3000
412,2017,419,27/2/2014,2040
413,1998,574,17/7/1998,1645
413,1999,1661,17/7/1998,3667
413,2000,381,17/7/1998,1222
413,2001,531,17/7/1998,1338
413,2002,1828,17/7/1998,7744
413,2003,546,17/7/1998,912
413,2004,1282,17/7/1998,5786
413,2005,1357,17/7/1998,5824
413,2006,140,17/7/1998,635
413,2007,246,17/7/1998,372
413,2008,307,17/7/1998,934
413,2009,768,17/7/1998,1291
413,2010,643,17/7/1998,661
413,2011,879,17/7/1998,3418
413,2012,1591,17/7/1998,6614
413,2013,1450,17/7/1998,2336
413,2014,783,17/7/1998,1281
413,2015,825,17/7/1998,3358
413,2016,1568,17/7/1998,3631
413,2017,470,17/7/1998,2103
414,1998,1685,4/1/1998,7879
414,1999,1245,4/1/1998,3585
414,2000,1367,4/1/1998,2823
414,2001,1735,4/1/1998,4024
414,2002,1451,4/1/1998,4254
414,2003,535,4/1/1998,2197
414,2004,686,4/1/1998,3256
414,2005,1911,4/1/1998,3086
414,2006,139,4/1/1998,417
414,2007,1605,4/1/1998,7176
414,2008,1551,4/1/1998,5219
414,2009,1283,4/1/1998,4300
414,2010,863,4/1/1998,1042
414,2011,231,4/1/1998,871
414,2012,525,4/1/1998,2514
414,2013,633,4/1/1998,2629
414,2014,1282,4/1/1998,1450
414,2015,1484,4/1/1998,5038
414,2016,1537,4/1/1998,2301
414,2017,1106,4/1/1998,3062
415,1992,187,1/1/1992,889
415,1993,1261,1/1/1992,5228
415,1994,201,1/1/1992,277
415,1995,1761,1/1/1992,6180
415,1996,1229,1/1/1992,3144
415,1997,1187,1/1/1992,5512
415,1998,247,1/1/1992,726
415,1999,1703,1/1/1992,5239
415,2000,961,1/1/1992,1288
415,2001,1038,1/1/1992,4754
415,2002,1915,1/1/1992,6504
415,2003,1754,1/1/1992,5513
415,2004,1185,1/1/1992,4565
415,2005,1085,1/1/1992,2139
415,2006,788,1/1/1992,3718
415,2007,979,1/1/1992,1679
415,2008,313,1/1/1992,1254
415,2009,593,1/1/1992,1892
415,2010,1511,1/1/1992,7365
415,2011,270,1/1/1992,1036
415,2012,1047,1/1/1992,4582
415,2013,1081,1/1/1992,2313
415,2014,951,1/1/1992,3492
415,2015,1823,1/1/1992,2672
415,2016,1654,1/1/1992,1747
415,2017,1502,1/1/1992,5127
416,2010,139,4/9/2010,385
416,2011,399,4/9/2010,1285
416,2012,913,4/9/2010,4482
416,2013,689,4/9/2010,1971
416,2014,544,4/9/2010,2329
416,2015,186,4/9/2010,348
416,2016,733,4/9/2010,3418
416,2017,1789,4/9/2010,4580
417,1992,648,25/8/1992,703
417,1993,206,25/8/1992,627
417,1994,1348,25/8/1992,1636
417,1995,140,25/8/1992,321
417,1996,1632,25/8/1992,7784
417,1997,538,25/8/1992,1335
417,1998,302,25/8/1992,368
417,1999,121,25/8/1992,285
417,2000,800,25/8/1992,1367
417,2001,1424,25/8/1992,3067
417,2002,1455,25/8/1992,4673
417,2003,1335,25/8/1992,2872
417,2004,310,25/8/1992,1512
417,2005,225,25/8/1992,1122
417,2006,419,25/8/1992,1923
417,2007,877,25/8/1992,1897
417,2008,195,25/8/1992,518
417,2009,1455,25/8/1992,4183
417,2010,414,25/8/1992,610
417,2011,529,25/8/1992,1101
417,2012,1507,25/8/1992,6804
417,2013,1291,25/8/1992,4818
417,2014,305,25/8/1992,739
417,2015,566,25/8/1992,1067
417,2016,648,25/8/1992,2281
417,2017,1784,25/8/1992,7808
418,2013,588,23/5/2013,1469
418,2014,1192,23/5/2013,4678
418,2015,277,23/5/2013,381
418,2016,546,23/5/2013,1758
418,2017,1177,23/5/2013,1207
419,2008,613,15/5/2008,2088
419,2009,1169,15/5/2008,4908
419,2010,1011,15/5/2008,1537
419,2011,890,15/5/2008,906
419,2012,1042,15/5/2008,4403
419,2013,1126,15/5/2008,3647
419,2014,1206,15/5/2008,4249
419,2015,849,15/5/2008,2513
419,2016,386,15/5/2008,1261
419,2017,813,15/5/2008,2152
420,2017,142,28/12/2017,626
421,2017,235,19/1/2017,535
422,2011,1469,6/3/2011,6362
422,2012,1491,6/3/2011,6870
422,2013,174,6/3/2011,537
422,2014,1454,6/3/2011,3491
422,2015,1825,6/3/2011,4035
422,2016,1031,6/3/2011,1235
422,2017,1281,6/3/2011,5266
423,2012,352,8/6/2012,1489
423,2013,300,8/6/2012,358
423,2014,1124,8/6/2012,3265
423,2015,1885,8/6/2012,5640
423,2016,1083,8/6/2012,1848
423,2017,736,8/6/2012,2471
424,1990,169,2/3/1990,270
424,1991,1113,2/3/1990,3196
424,1992,1188,2/3/1990,1462
424,1993,1380,2/3/1990,5280
424,1994,1646,2/3/1990,6160
424,1995,1439,2/3/1990,6206
424,1996,1882,2/3/1990,3733
424,1997,1744,2/3/1990,8595
424,1998,1352,2/3/1990,5156
424,1999,1687,2/3/1990,5574
424,2000,559,2/3/1990,962
424,2001,139,2/3/1990,261
424,2002,798,2/3/1990,1440
424,2003,627,2/3/1990,1561
424,2004,356,2/3/1990,585
424,2005,1657,2/3/1990,2845
424,2006,1285,2/3/1990,3493
424,2007,1407,2/3/1990,5130
424,2008,1231,2/3/1990,3794
424,2009,698,2/3/1990,2137
424,2010,979,2/3/1990,3831
424,2011,531,2/3/1990,1312
424,2012,1829,2/3/1990,6238
424,2013,763,2/3/1990,3504
424,2014,700,2/3/1990,2881
424,2015,1783,2/3/1990,5938
424,2016,1505,2/3/1990,4619
424,2017,1254,2/3/1990,5499
425,1993,1310,3/2/1993,4182
425,1994,1308,3/2/1993,5187
425,1995,653,3/2/1993,1775
425,1996,536,3/2/1993,1993
425,1997,1346,3/2/1993,6552
425,1998,609,3/2/1993,2172
425,1999,702,3/2/1993,2123
425,2000,1391,3/2/1993,2013
425,2001,1155,3/2/1993,4885
425,2002,1825,3/2/1993,6439
425,2003,171,3/2/1993,290
425,2004,772,3/2/1993,2480
425,2005,511,3/2/1993,1132
425,2006,1745,3/2/1993,1833
425,2007,429,3/2/1993,486
425,2008,702,3/2/1993,1636
425,2009,1817,3/2/1993,6905
425,2010,1646,3/2/1993,3085
425,2011,152,3/2/1993,261
425,2012,122,3/2/1993,552
425,2013,1759,3/2/1993,6787
425,2014,1034,3/2/1993,4049
425,2015,1841,3/2/1993,4513
425,2016,718,3/2/1993,1805
425,2017,901,3/2/1993,2327
426,1997,70,28/12/1997,140
426,1998,1147,28/12/1997,4580
426,1999,1610,28/12/1997,2143
426,2000,345,28/12/1997,1000
426,2001,1685,28/12/1997,2944
426,2002,1556,28/12/1997,3533
426,2003,169,28/12/1997,745
426,2004,729,28/12/1997,3624
426,2005,420,28/12/1997,1137
426,2006,1910,28/12/1997,4903
426,2007,498,28/12/1997,964
426,2008,101,28/12/1997,272
426,2009,417,28/12/1997,485
426,2010,321,28/12/1997,1482
426,2011,1817,28/12/1997,8342
426,2012,190,28/12/1997,620
426,2013,692,28/12/1997,2927
426,2014,1037,28/12/1997,1549
426,2015,488,28/12/1997,1124
426,2016,255,28/12/1997,960
426,2017,954,28/12/1997,3217
427,2008,679,12/3/2008,1829
427,2009,699,12/3/2008,3162
427,2010,883,12/3/2008,1965
427,2011,1703,12/3/2008,4051
427,2012,1504,12/3/2008,3723
427,2013,1179,12/3/2008,1379
427,2014,1541,12/3/2008,5902
427,2015,1626,12/3/2008,4479
427,2016,1077,12/3/2008,2287
427,2017,1760,12/3/2008,3001
428,2011,34,24/12/2011,164
428,2012,1349,24/12/2011,3419
428,2013,217,24/12/2011,370
428,2014,878,24/12/2011,1524
428,2015,1659,24/12/2011,2720
428,2016,1266,24/12/2011,6259
428,2017,1505,24/12/2011,3974
429,2005,1226,6/3/2005,3814
429,2006,579,6/3/2005,2579
429,2007,572,6/3/2005,2457
429,2008,1511,6/3/2005,4120
429,2009,358,6/3/2005,1150
429,2010,1475,6/3/2005,2163
429,2011,1300,6/3/2005,4962
429,2012,497,6/3/2005,1884
429,2013,1291,6/3/2005,3372
429,2014,1310,6/3/2005,4469
429,2015,1910,6/3/2005,6170
429,2016,1164,6/3/2005,4234
429,2017,1198,6/3/2005,1406
430,1996,1368,25/2/1996,4756
430,1997,460,25/2/1996,1089
430,1998,1315,25/2/1996,4813
430,1999,1857,25/2/1996,5983
430,2000,1292,25/2/1996,5817
430,2001,487,25/2/1996,1061
430,2002,1531,25/2/1996,6639
430,2003,614,25/2/1996,1477
430,2004,1230,25/2/1996,5692
430,2005,155,25/2/1996,269
430,2006,1593,25/2/1996,2117
430,2007,1290,25/2/1996,5110
430,2008,152,25/2/1996,553
430,2009,1544,25/2/1996,4466
430,2010,133,25/2/1996,241
430,2011,1442,25/2/1996,5697
430,2012,1916,25/2/1996,3337
430,2013,552,25/2/1996,2064
430,2014,393,25/2/1996,1028
430,2015,973,25/2/1996,2012
430,2016,1193,25/2/1996,5205
430,2017,944,25/2/1996,2348
431,2004,246,16/2/2004,1108
431,2005,724,16/2/2004,3564
431,2006,1361,16/2/2004,2606
431,2007,1502,16/2/2004,6145
431,2008,1379,16/2/2004,3474
431,2009,1329,16/2/2004,4316
431,2010,864,16/2/2004,3014
431,2011,1736,16/2/2004,2818
431,2012,841,16/2/2004,2467
431,2013,625,16/2/2004,1730
431,2014,491,16/2/2004,1619
431,2015,800,16/2/2004,1897
431,2016,1383,16/2/2004,3152
431,2017,1775,16/2/2004,5474
432,2008,717,11/8/2008,3310
432,2009,1221,11/8/2008,1609
432,2010,1705,11/8/2008,2056
432,2011,652,11/8/2008,2305
432,2012,515,11/8/2008,1815
432,2013,1630,11/8/2008,2185
432,2014,1192,11/8/2008,1732
432,2015,588,11/8/2008,882
432,2016,255,11/8/2008,531
432,2017,1499,11/8/2008,5024
433,1998,330,13/10/1998,917
433,1999,909,13/10/1998,2850
433,2000,459,13/10/1998,1552
433,2001,1749,13/10/1998,6277
433,2002,1290,13/10/1998,1599
433,2003,1257,13/10/1998,5791
433,2004,1304,13/10/1998,4693
433,2005,986,13/10/1998,4062
433,2006,1345,13/10/1998,2056
433,2007,1376,13/10/1998,2555
433,2008,1848,13/10/1998,9224
433,2009,904,13/10/1998,911
433,2010,1408,13/10/1998,3651
433,2011,576,13/10/1998,2466
433,2012,828,13/10/1998,2141
433,2013,664,13/10/1998,1205
433,2014,347,13/10/1998,1597
433,2015,1158,13/10/1998,5118
433,2016,748,13/10/1998,1248
433,2017,1586,13/10/1998,2707
434,2017,674,10/5/2017,3301
435,2005,748,28/8/2005,1182
435,2006,822,28/8/2005,1697
435,2007,371,28/8/2005,711
435,2008,581,28/8/2005,1688
435,2009,331,28/8/2005,1323
435,2010,845,28/8/2005,3571
435,2011,1246,28/8/2005,1788
435,2012,134,28/8/2005,572
435,2013,962,28/8/2005,2591
435,2014,1679,28/8/2005,6850
435,2015,1318,28/8/2005,5040
435,2016,1232,28/8/2005,5045
435,2017,939,28/8/2005,4405
436,2016,797,18/1/2016,3257
436,2017,370,18/1/2016,800
437,2010,18,27/12/2010,51
437,2011,832,27/12/2010,1299
437,2012,113,27/12/2010,285
437,2013,1312,27/12/2010,5198
437,2014,399,27/12/2010,428
437,2015,607,27/12/2010,2110
437,2016,344,27/12/2010,368
437,2017,215,27/12/2010,876
438,1990,1252,9/4/1990,2056
438,1991,656,9/4/1990,2591
438,1992,1327,9/4/1990,4735
438,1993,1413,9/4/1990,6336
438,1994,1637,9/4/1990,3355
438,1995,1672,9/4/1990,1818
438,1996,1612,9/4/1990,7850
438,1997,174,9/4/1990,419
438,1998,1319,9/4/1990,3141
438,1999,278,9/4/1990,902
438,2000,1779,9/4/1990,5630
438,2001,640,9/4/1990,1058
438,2002,753,9/4/1990,2621
438,2003,1035,9/4/1990,3992
438,2004,1023,9/4/1990,3509
438,2005,900,9/4/1990,2182
438,2006,1398,9/4/1990,2285
438,2007,438,9/4/1990,1409
438,2008,1795,9/4/1990,5481
438,2009,1541,9/4/1990,2855
438,2010,129,9/4/1990,370
438,2011,1060,9/4/1990,1788
438,2012,1505,9/4/1990,1867
438,2013,547,9/4/1990,1771
438,2014,368,9/4/1990,1466
438,2015,1258,9/4/1990,5371
438,2016,1512,9/4/1990,5712
438,2017,423,9/4/1990,2021
439,2017,24,19/12/2017,117
440,1995,1416,25/1/1995,3263
440,1996,1193,25/1/1995,3914
440,1997,641,25/1/1995,2023
440,1998,536,25/1/1995,1660
440,1999,202,25/1/1995,684
440,2000,113,25/1/1995,472
440,2001,1461,25/1/1995,5364
440,2002,1570,25/1/1995,7444
440,2003,621,25/1/1995,1704
440,2004,479,25/1/1995,1160
440,2005,716,25/1/1995,1210
440,2006,1743,25/1/1995,8469
440,2007,1151,25/1/1995,3281
440,2008,119,25/1/1995,198
440,2009,1639,25/1/1995,6277
440,2010,665,25/1/1995,3156
440,2011,282,25/1/1995,1048
440,2012,579,25/1/1995,1830
440,2013,690,25/1/1995,1063
440,2014,353,25/1/1995,1692
440,2015,1472,25/1/1995,7198
440,2016,1297,25/1/1995,3721
440,2017,1594,25/1/1995,4937
441,1997,214,13/6/1997,361
441,1998,1037,13/6/1997,2664
441,1999,1550,13/6/1997,6956
441,2000,630,13/6/1997,2455
441,2001,1076,13/6/1997,2391
441,2002,1352,13/6/1997,1674
441,2003,1534,13/6/1997,2518
441,2004,1081,13/6/1997,1221
441,2005,1479,13/6/1997,3374
441,2006,944,13/6/1997,3701
441,2007,1333,13/6/1997,5729
441,2008,226,13/6/1997,1104
441,2009,1216,13/6/1997,4815
441,2010,1715,13/6/1997,6221
441,2011,1338,13/6/1997,6046
441,2012,1480,13/6/1997,3098
441,2013,1881,13/6/1997,8357
441,2014,787,13/6/1997,1746
441,2015,1751,13/6/1997,8253
441,2016,1806,13/6/1997,6978
441,2017,1819,13/6/1997,3179
442,1993,278,20/7/1993,1150
442,1994,958,20/7/1993,4165
442,1995,1333,20/7/1993,3717
442,1996,1746,20/7/1993,3955
442,1997,847,20/7/1993,1703
442,1998,931,20/7/1993,3024
442,1999,1434,20/7/1993,2955
442,2000,579,20/7/1993,2857
442,2001,967,20/7/1993,3112
442,2002,384,20/7/1993,1439
442,2003,1604,20/7/1993,7670
442,2004,1606,20/7/1993,1776
442,2005,308,20/7/1993,938
442,2006,1516,20/7/1993,4563
442,2007,1230,20/7/1993,4684
442,2008,192,20/7/1993,801
442,2009,1666,20/7/1993,7467
442,2010,1151,20/7/1993,2425
442,2011,1442,20/7/1993,2582
442,2012,201,20/7/1993,695
442,2013,133,20/7/1993,355
442,2014,1036,20/7/1993,1124
442,2015,1683,20/7/1993,4566
442,2016,611,20/7/1993,704
442,2017,968,20/7/1993,1273
443,2011,135,19/10/2011,641
443,2012,646,19/10/2011,1608
443,2013,1224,19/10/2011,2357
443,2014,235,19/10/2011,286
443,2015,1333,19/10/2011,5900
443,2016,537,19/10/2011,1011
443,2017,774,19/10/2011,1174
444,2008,266,28/4/2008,535
444,2009,925,28/4/2008,3017
444,2010,981,28/4/2008,4369
444,2011,941,28/4/2008,1397
444,2012,479,28/4/2008,697
444,2013,694,28/4/2008,2616
444,2014,134,28/4/2008,200
444,2015,1433,28/4/2008,3389
444,2016,1242,28/4/2008,4426
444,2017,933,28/4/2008,3312
445,1993,703,1/5/1993,1133
445,1994,1532,1/5/1993,3269
445,1995,1074,1/5/1993,4915
445,1996,878,1/5/1993,2447
445,1997,1902,1/5/1993,3534
445,1998,1910,1/5/1993,5963
445,1999,354,1/5/1993,689
445,2000,1106,1/5/1993,4635
445,2001,1591,1/5/1993,2520
445,2002,523,1/5/1993,1620
445,2003,507,1/5/1993,1719
445,2004,1820,1/5/1993,2925
445,2005,1710,1/5/1993,3289
445,2006,1091,1/5/1993,2927
445,2007,1687,1/5/1993,2966
445,2008,1495,1/5/1993,7216
445,2009,1426,1/5/1993,4898
445,2010,1442,1/5/1993,2420
445,2011,1844,1/5/1993,5830
445,2012,1431,1/5/1993,3055
445,2013,263,1/5/1993,1247
445,2014,421,1/5/1993,2098
445,2015,292,1/5/1993,1212
445,2016,1433,1/5/1993,4871
445,2017,316,1/5/1993,1077
446,2015,651,2/5/2015,1888
446,2016,656,2/5/2015,934
446,2017,351,2/5/2015,644
447,2008,1482,2/1/2008,2756
447,2009,238,2/1/2008,809
447,2010,1449,2/1/2008,2944
447,2011,615,2/1/2008,2420
447,2012,1739,2/1/2008,3511
447,2013,831,2/1/2008,1845
447,2014,478,2/1/2008,1428
447,2015,618,2/1/2008,2056
447,2016,1628,2/1/2008,2369
447,2017,517,2/1/2008,2097
448,1994,882,13/4/1994,4176
448,1995,1141,13/4/1994,4582
448,1996,1191,13/4/1994,5778
448,1997,933,13/4/1994,1711
448,1998,1732,13/4/1994,5926
448,1999,690,13/4/1994,1249
448,2000,1273,13/4/1994,1735
448,2001,362,13/4/1994,780
448,2002,1590,13/4/1994,4171
448,2003,1193,13/4/1994,2632
448,2004,1545,13/4/1994,6435
448,2005,1116,13/4/1994,2685
448,2006,765,13/4/1994,3745
448,2007,834,13/4/1994,2463
448,2008,1585,13/4/1994,2554
448,2009,1717,13/4/1994,2575
448,2010,966,13/4/1994,2596
448,2011,1675,13/4/1994,2655
448,2012,485,13/4/1994,1217
448,2013,1623,13/4/1994,6969
448,2014,513,13/4/1994,2364
448,2015,284,13/4/1994,1243
448,2016,990,13/4/1994,4322
448,2017,1525,13/4/1994,6815
449,2002,680,5/5/2002,1612
449,2003,463,5/5/2002,1966
449,2004,997,5/5/2002,1559
449,2005,1801,5/5/2002,5940
449,2006,1338,5/5/2002,3158
449,2007,1621,5/5/2002,3165
449,2008,1462,5/5/2002,6347
449,2009,174,5/5/2002,627
449,2010,208,5/5/2002,747
449,2011,1712,5/5/2002,1823
449,2012,561,5/5/2002,1417
449,2013,1306,5/5/2002,3346
449,2014,516,5/5/2002,1808
449,2015,302,5/5/2002,778
449,2016,325,5/5/2002,728
449,2017,1159,5/5/2002,4487
450,2005,1780,24/1/2005,5371
450,2006,979,24/1/2005,3071
450,2007,600,24/1/2005,2540
450,2008,981,24/1/2005,2960
450,2009,509,24/1/2005,1855
450,2010,449,24/1/2005,2156
450,2011,1540,24/1/2005,5630
450,2012,1530,24/1/2005,6618
450,2013,1355,24/1/2005,3290
450,2014,1281,24/1/2005,5139
450,2015,1557,24/1/2005,7731
450,2016,310,24/1/2005,873
450,2017,913,24/1/2005,2026
451,2007,1474,27/1/2007,3309
451,2008,1189,27/1/2007,2802
451,2009,1493,27/1/2007,1893
451,2010,579,27/1/2007,2465
451,2011,1456,27/1/2007,5510
451,2012,239,27/1/2007,327
451,2013,1527,27/1/2007,4471
451,2014,839,27/1/2007,2975
451,2015,969,27/1/2007,2099
451,2016,1397,27/1/2007,4233
451,2017,1437,27/1/2007,4770
452,1991,340,5/3/1991,489
452,1992,1313,5/3/1991,2867
452,1993,972,5/3/1991,3780
452,1994,158,5/3/1991,238
452,1995,1577,5/3/1991,7127
452,1996,384,5/3/1991,1495
452,1997,1871,5/3/1991,3564
452,1998,1827,5/3/1991,1947
452,1999,139,5/3/1991,372
452,2000,714,5/3/1991,3540
452,2001,230,5/3/1991,266
452,2002,1530,5/3/1991,7567
452,2003,834,5/3/1991,2584
452,2004,944,5/3/1991,1009
452,2005,361,5/3/1991,1464
452,2006,734,5/3/1991,1451
452,2007,1426,5/3/1991,1795
452,2008,1172,5/3/1991,4542
452,2009,1688,5/3/1991,5581
452,2010,1263,5/3/1991,2378
452,2011,1904,5/3/1991,8075
452,2012,514,5/3/1991,2023
452,2013,358,5/3/1991,510
452,2014,1317,5/3/1991,2754
452,2015,1522,5/3/1991,4536
452,2016,1319,5/3/1991,6336
452,2017,656,5/3/1991,863
453,1999,959,17/7/1999,2213
453,2000,1172,17/7/1999,2775
453,2001,1034,17/7/1999,2356
453,2002,1259,17/7/1999,2626
453,2003,640,17/7/1999,1485
453,2004,1773,17/7/1999,2451
453,2005,1726,17/7/1999,7369
453,2006,1383,17/7/1999,1559
453,2007,1561,17/7/1999,3327
453,2008,379,17/7/1999,758
453,2009,749,17/7/1999,771
453,2010,1267,17/7/1999,3207
453,2011,1438,17/7/1999,1622
453,2012,752,17/7/1999,1334
453,2013,599,17/7/1999,1415
453,2014,801,17/7/1999,1569
453,2015,1705,17/7/1999,1766
453,2016,106,17/7/1999,269
453,2017,1096,17/7/1999,2558
454,2001,188,11/11/2001,660
454,2002,307,11/11/2001,1440
454,2003,1864,11/11/2001,4809
454,2004,659,11/11/2001,2505
454,2005,1848,11/11/2001,4658
454,2006,244,11/11/2001,506
454,2007,158,11/11/2001,776
454,2008,908,11/11/2001,1218
454,2009,1081,11/11/2001,5117
454,2010,1622,11/11/2001,2620
454,2011,1229,11/11/2001,4633
454,2012,506,11/11/2001,2385
454,2013,1351,11/11/2001,6244
454,2014,1916,11/11/2001,4095
454,2015,422,11/11/2001,1424
454,2016,1785,11/11/2001,4919
454,2017,866,11/11/2001,2669
455,1997,182,20/11/1997,289
455,1998,1747,20/11/1997,4939
455,1999,456,20/11/1997,490
455,2000,1684,20/11/1997,3474
455,2001,1191,20/11/1997,5660
455,2002,1402,20/11/1997,2668
455,2003,1169,20/11/1997,3698
455,2004,902,20/11/1997,3074
455,2005,1676,20/11/1997,5428
455,2006,703,20/11/1997,2661
455,2007,1911,20/11/1997,6526
455,2008,1036,20/11/1997,2420
455,2009,487,20/11/1997,2399
455,2010,1326,20/11/1997,5538
455,2011,1362,20/11/1997,3383
455,2012,1034,20/11/1997,1255
455,2013,1487,20/11/1997,6255
455,2014,1454,20/11/1997,1883
455,2015,1147,20/11/1997,4912
455,2016,607,20/11/1997,2792
455,2017,608,20/11/1997,2304
456,1998,1102,11/3/1998,2284
456,1999,1721,11/3/1998,8035
456,2000,1841,11/3/1998,1935
456,2001,1284,11/3/1998,1309
456,2002,1142,11/3/1998,4594
456,2003,1504,11/3/1998,3682
456,2004,396,11/3/1998,481
456,2005,586,11/3/1998,1175
456,2006,1355,11/3/1998,6592
456,2007,1914,11/3/1998,4900
456,2008,126,11/3/1998,574
456,2009,338,11/3/1998,364
456,2010,736,11/3/1998,2263
456,2011,1387,11/3/1998,4794
456,2012,697,11/3/1998,2651
456,2013,1840,11/3/1998,2967
456,2014,944,11/3/1998,1523
456,2015,1288,11/3/1998,5695
456,2016,1910,11/3/1998,8297
456,2017,529,11/3/1998,1898
457,2015,1035,1/3/2015,1074
457,2016,1130,1/3/2015,4561
457,2017,555,1/3/2015,2670
458,2015,1343,24/1/2015,3555
458,2016,1277,24/1/2015,3958
458,2017,1606,24/1/2015,1958
459,2002,473,26/8/2002,1726
459,2003,1446,26/8/2002,4996
459,2004,843,26/8/2002,2713
459,2005,239,26/8/2002,1059
459,2006,362,26/8/2002,1104
459,2007,1161,26/8/2002,1289
459,2008,276,26/8/2002,1005
459,2009,156,26/8/2002,535
459,2010,881,26/8/2002,3076
459,2011,1440,26/8/2002,4184
459,2012,860,26/8/2002,4026
459,2013,1511,26/8/2002,1526
459,2014,320,26/8/2002,1059
459,2015,1739,26/8/2002,5114
459,2016,655,26/8/2002,2612
459,2017,299,26/8/2002,1193
460,2005,196,18/10/2005,461
460,2006,1475,18/10/2005,3765
460,2007,372,18/10/2005,536
460,2008,390,18/10/2005,1829
460,2009,200,18/10/2005,517
460,2010,770,18/10/2005,3363
460,2011,1333,18/10/2005,3718
460,2012,885,18/10/2005,4378
460,2013,1583,18/10/2005,6647
460,2014,329,18/10/2005,1618
460,2015,1905,18/10/2005,3572
460,2016,1070,18/10/2005,3797
460,2017,808,18/10/2005,1600
461,2001,99,3/6/2001,173
461,2002,1198,3/6/2001,5537
461,2003,352,3/6/2001,1366
461,2004,1715,3/6/2001,5291
461,2005,1772,3/6/2001,5241
461,2006,1452,3/6/2001,3235
461,2007,1363,3/6/2001,5831
461,2008,1389,3/6/2001,2783
461,2009,1716,3/6/2001,5318
461,2010,1123,3/6/2001,3334
461,2011,1476,3/6/2001,2447
461,2012,378,3/6/2001,1602
461,2013,106,3/6/2001,255
461,2014,1122,3/6/2001,4924
461,2015,227,3/6/2001,393
461,2016,928,3/6/2001,2474
461,2017,179,3/6/2001,412
462,2013,1227,27/2/2013,5985
462,2014,1509,27/2/2013,1525
462,2015,940,27/2/2013,4043
462,2016,803,27/2/2013,3103
462,2017,1635,27/2/2013,6036
463,2005,262,10/1/2005,367
463,2006,1263,10/1/2005,2568
463,2007,1910,10/1/2005,7403
463,2008,330,10/1/2005,384
463,2009,137,10/1/2005,217
463,2010,701,10/1/2005,1019
463,2011,884,10/1/2005,1022
463,2012,1397,10/1/2005,2403
463,2013,1736,10/1/2005,7160
463,2014,1471,10/1/2005,6805
463,2015,348,10/1/2005,1186
463,2016,1068,10/1/2005,2164
463,2017,1892,10/1/2005,6660
464,2009,739,27/8/2009,3219
464,2010,549,27/8/2009,2313
464,2011,682,27/8/2009,1595
464,2012,1371,27/8/2009,1598
464,2013,940,27/8/2009,3152
464,2014,937,27/8/2009,3541
464,2015,1191,27/8/2009,2910
464,2016,1613,27/8/2009,5573
464,2017,800,27/8/2009,1485
465,2017,527,2/9/2017,1255
466,2007,466,18/2/2007,565
466,2008,1245,18/2/2007,2304
466,2009,265,18/2/2007,800
466,2010,542,18/2/2007,2093
466,2011,210,18/2/2007,325
466,2012,1621,18/2/2007,2917
466,2013,97,18/2/2007,346
466,2014,1875,18/2/2007,8814
466,2015,1143,18/2/2007,2840
466,2016,1616,18/2/2007,2101
466,2017,1564,18/2/2007,4989
467,2013,1514,12/1/2013,3453
467,2014,470,12/1/2013,902
467,2015,1594,12/1/2013,3513
467,2016,1708,12/1/2013,3213
467,2017,108,12/1/2013,349
468,2012,724,14/5/2012,1249
468,2013,990,14/5/2012,4935
468,2014,736,14/5/2012,1247
468,2015,1635,14/5/2012,3071
468,2016,669,14/5/2012,2630
468,2017,855,14/5/2012,2793
469,1996,325,12/7/1996,1479
469,1997,206,12/7/1996,589
469,1998,390,12/7/1996,922
469,1999,528,12/7/1996,1281
469,2000,1419,12/7/1996,3769
469,2001,1571,12/7/1996,6432
469,2002,125,12/7/1996,578
469,2003,968,12/7/1996,3968
469,2004,1695,12/7/1996,6591
469,2005,160,12/7/1996,227
469,2006,1798,12/7/1996,4226
469,2007,838,12/7/1996,1026
469,2008,1352,12/7/1996,4123
469,2009,682,12/7/1996,1584
469,2010,412,12/7/1996,2007
469,2011,1727,12/7/1996,8336
469,2012,608,12/7/1996,2758
469,2013,700,12/7/1996,2772
469,2014,1264,12/7/1996,5458
469,2015,894,12/7/1996,3672
469,2016,402,12/7/1996,1780
469,2017,1665,12/7/1996,4620
470,1990,186,8/4/1990,678
470,1991,1661,8/4/1990,6255
470,1992,1241,8/4/1990,5483
470,1993,271,8/4/1990,989
470,1994,292,8/4/1990,920
470,1995,1142,8/4/1990,2823
470,1996,340,8/4/1990,1629
470,1997,155,8/4/1990,763
470,1998,1645,8/4/1990,5499
470,1999,889,8/4/1990,1081
470,2000,433,8/4/1990,2074
470,2001,1609,8/4/1990,7403
470,2002,1446,8/4/1990,1762
470,2003,1245,8/4/1990,1358
470,2004,1126,8/4/1990,1628
470,2005,158,8/4/1990,169
470,2006,390,8/4/1990,779
470,2007,1618,8/4/1990,6856
470,2008,1273,8/4/1990,5081
470,2009,391,8/4/1990,674
470,2010,1464,8/4/1990,1878
470,2011,975,8/4/1990,1475
470,2012,562,8/4/1990,2301
470,2013,767,8/4/1990,2668
470,2014,1791,8/4/1990,7272
470,2015,459,8/4/1990,1213
470,2016,507,8/4/1990,648
470,2017,1314,8/4/1990,2843
471,1990,1536,20/3/1990,7502
471,1991,200,20/3/1990,683
471,1992,715,20/3/1990,1660
471,1993,790,20/3/1990,3921
471,1994,111,20/3/1990,428
471,1995,449,20/3/1990,855
471,1996,647,20/3/1990,2870
471,1997,1650,20/3/1990,2969
471,1998,1068,20/3/1990,4256
471,1999,1099,20/3/1990,3770
471,2000,1327,20/3/1990,6552
471,2001,1448,20/3/1990,6203
471,2002,1907,20/3/1990,7844
471,2003,787,20/3/1990,2401
471,2004,707,20/3/1990,1852
471,2005,1818,20/3/1990,8431
471,2006,582,20/3/1990,1720
471,2007,442,20/3/1990,2158
471,2008,1584,20/3/1990,5818
471,2009,901,20/3/1990,2361
471,2010,1140,20/3/1990,3249
471,2011,895,20/3/1990,1219
471,2012,1803,20/3/1990,7100
471,2013,1399,20/3/1990,1670
471,2014,1793,20/3/1990,8260
471,2015,1472,20/3/1990,3024
471,2016,430,20/3/1990,487
471,2017,1564,20/3/1990,3502
472,1995,458,8/2/1995,2231
472,1996,690,8/2/1995,2559
472,1997,1447,8/2/1995,3020
472,1998,1484,8/2/1995,3662
472,1999,1592,8/2/1995,7010
472,2000,1619,8/2/1995,2213
472,2001,264,8/2/1995,855
472,2002,1162,8/2/1995,4136
472,2003,1487,8/2/1995,6717
472,2004,1706,8/2/1995,7720
472,2005,601,8/2/1995,2738
472,2006,712,8/2/1995,2402
472,2007,538,8/2/1995,2438
472,2008,1277,8/2/1995,1446
472,2009,1709,8/2/1995,8544
472,2010,1014,8/2/1995,4714
472,2011,1181,8/2/1995,4482
472,2012,1452,8/2/1995,1800
472,2013,1607,8/2/1995,5496
472,2014,1222,8/2/1995,1711
472,2015,474,8/2/1995,1858
472,2016,1761,8/2/1995,5480
472,2017,906,8/2/1995,4257
473,2003,123,22/8/2003,322
473,2004,1315,22/8/2003,1354
473,2005,616,22/8/2003,1601
473,2006,617,22/8/2003,994
473,2007,767,22/8/2003,3324
473,2008,703,22/8/2003,2186
473,2009,443,22/8/2003,539
473,2010,312,22/8/2003,1152
473,2011,148,22/8/2003,208
473,2012,408,22/8/2003,1428
473,2013,1329,22/8/2003,2877
473,2014,372,22/8/2003,648
473,2015,1357,22/8/2003,6712
473,2016,1774,22/8/2003,8645
473,2017,125,22/8/2003,490
474,2001,589,10/2/2001,2486
474,2002,491,10/2/2001,1598
474,2003,840,10/2/2001,906
474,2004,863,10/2/2001,3610
474,2005,240,10/2/2001,761
474,2006,1674,10/2/2001,7440
474,2007,1050,10/2/2001,2902
474,2008,1542,10/2/2001,5209
474,2009,163,10/2/2001,778
474,2010,1663,10/2/2001,4013
474,2011,507,10/2/2001,2127
474,2012,1105,10/2/2001,2930
474,2013,1139,10/2/2001,2301
474,2014,356,10/2/2001,1419
474,2015,1385,10/2/2001,4672
474,2016,541,10/2/2001,2325
474,2017,1240,10/2/2001,4270
475,1996,298,2/11/1996,1215
475,1997,1436,2/11/1996,7123
475,1998,184,2/11/1996,279
475,1999,1229,2/11/1996,3245
475,2000,1212,2/11/1996,5089
475,2001,471,2/11/1996,2048
475,2002,1521,2/11/1996,3803
475,2003,1253,2/11/1996,6005
475,2004,688,2/11/1996,742
475,2005,298,2/11/1996,646
475,2006,1658,2/11/1996,4966
475,2007,272,2/11/1996,588
475,2008,1571,2/11/1996,6825
475,2009,461,2/11/1996,2015
475,2010,577,2/11/1996,1893
475,2011,908,2/11/1996,1675
475,2012,238,2/11/1996,246
475,2013,652,2/11/1996,3054
475,2014,1613,2/11/1996,2449
475,2015,660,2/11/1996,2040
475,2016,697,2/11/1996,2018
475,2017,1506,2/11/1996,4717
476,1993,1583,7/2/1993,2558
476,1994,1565,7/2/1993,3538
476,1995,1175,7/2/1993,2666
476,1996,179,7/2/1993,458
476,1997,696,7/2/1993,3291
476,1998,256,7/2/1993,487
476,1999,1609,7/2/1993,5652
476,2000,447,7/2/1993,707
476,2001,526,7/2/1993,1063
476,2002,441,7/2/1993,1361
476,2003,451,7/2/1993,1468
476,2004,1774,7/2/1993,6004
476,2005,321,7/2/1993,382
476,2006,1348,7/2/1993,4801
476,2007,361,7/2/1993,1096
476,2008,103,7/2/1993,160
476,2009,578,7/2/1993,1757
476,2010,1780,7/2/1993,3412
476,2011,570,7/2/1993,622
476,2012,903,7/2/1993,2714
476,2013,1107,7/2/1993,3931
476,2014,1622,7/2/1993,6845
476,2015,504,7/2/1993,2206
476,2016,1380,7/2/1993,4319
476,2017,1518,7/2/1993,3301
477,1997,711,6/3/1997,1744
477,1998,907,6/3/1997,3576
477,1999,1432,6/3/1997,3799
477,2000,827,6/3/1997,971
477,2001,1114,6/3/1997,4497
477,2002,757,6/3/1997,3598
477,2003,1882,6/3/1997,3520
477,2004,1318,6/3/1997,5214
477,2005,1498,6/3/1997,2028
477,2006,1058,6/3/1997,1518
477,2007,306,6/3/1997,1294
477,2008,727,6/3/1997,1162
477,2009,355,6/3/1997,710
477,2010,361,6/3/1997,1773
477,2011,668,6/3/1997,1263
477,2012,1172,6/3/1997,5264
477,2013,412,6/3/1997,1313
477,2014,599,6/3/1997,2726
477,2015,971,6/3/1997,3982
477,2016,740,6/3/1997,3003
477,2017,828,6/3/1997,2595
478,2000,724,9/6/2000,2721
478,2001,718,9/6/2000,928
478,2002,1263,9/6/2000,3022
478,2003,499,9/6/2000,1875
478,2004,739,9/6/2000,3084
478,2005,617,9/6/2000,1166
478,2006,1849,9/6/2000,8829
478,2007,294,9/6/2000,556
478,2008,496,9/6/2000,825
478,2009,1421,9/6/2000,5206
478,2010,657,9/6/2000,944
478,2011,451,9/6/2000,1647
478,2012,961,9/6/2000,1274
478,2013,1223,9/6/2000,4167
478,2014,1599,9/6/2000,6227
478,2015,738,9/6/2000,1357
478,2016,303,9/6/2000,807
478,2017,858,9/6/2000,3901
479,2010,758,20/7/2010,3782
479,2011,818,20/7/2010,2043
479,2012,1767,20/7/2010,8054
479,2013,1323,20/7/2010,5948
479,2014,538,20/7/2010,2152
479,2015,1534,20/7/2010,4981
479,2016,783,20/7/2010,3097
479,2017,1915,20/7/2010,8771
480,2009,341,18/7/2009,1594
480,2010,1245,18/7/2009,2732
480,2011,1657,18/7/2009,4799
480,2012,1696,18/7/2009,6831
480,2013,508,18/7/2009,1434
480,2014,1723,18/7/2009,5090
480,2015,1697,18/7/2009,3924
480,2016,1369,18/7/2009,2412
480,2017,126,18/7/2009,297
481,1990,1218,18/1/1990,3134
481,1991,228,18/1/1990,401
481,1992,1724,18/1/1990,2521
481,1993,1496,18/1/1990,4897
481,1994,531,18/1/1990,1790
481,1995,156,18/1/1990,252
481,1996,1050,18/1/1990,4590
481,1997,1773,18/1/1990,8710
481,1998,1189,18/1/1990,3703
481,1999,823,18/1/1990,2983
481,2000,283,18/1/1990,1022
481,2001,957,18/1/1990,3968
481,2002,634,18/1/1990,2080
481,2003,1343,18/1/1990,5840
481,2004,1309,18/1/1990,2729
481,2005,546,18/1/1990,1916
481,2006,1718,18/1/1990,6001
481,2007,1162,18/1/1990,2055
481,2008,1704,18/1/1990,2174
481,2009,1275,18/1/1990,3476
481,2010,1173,18/1/1990,2471
481,2011,827,18/1/1990,3292
481,2012,1328,18/1/1990,1438
481,2013,1195,18/1/1990,5074
481,2014,341,18/1/1990,1432
481,2015,695,18/1/1990,3187
481,2016,259,18/1/1990,1056
481,2017,1690,18/1/1990,6561
482,1998,258,14/8/1998,764
482,1999,1370,14/8/1998,3896
482,2000,1668,14/8/1998,2834
482,2001,165,14/8/1998,350
482,2002,835,14/8/1998,846
482,2003,1264,14/8/1998,5726
482,2004,1049,14/8/1998,2830
482,2005,764,14/8/1998,3507
482,2006,147,14/8/1998,492
482,2007,1003,14/8/1998,3708
482,2008,1823,14/8/1998,5667
482,2009,1759,14/8/1998,4142
482,2010,1615,14/8/1998,4340
482,2011,1749,14/8/1998,4123
482,2012,987,14/8/1998,4588
482,2013,450,14/8/1998,1241
482,2014,1674,14/8/1998,8246
482,2015,109,14/8/1998,332
482,2016,589,14/8/1998,1064
482,2017,819,14/8/1998,1328
483,2004,145,12/12/2004,541
483,2005,1772,12/12/2004,3390
483,2006,759,12/12/2004,2450
483,2007,933,12/12/2004,4437
483,2008,560,12/12/2004,2123
483,2009,264,12/12/2004,979
483,2010,1634,12/12/2004,2075
483,2011,1395,12/12/2004,3640
483,2012,343,12/12/2004,789
483,2013,1880,12/12/2004,4816
483,2014,1337,12/12/2004,1632
483,2015,879,12/12/2004,1131
483,2016,243,12/12/2004,337
483,2017,319,12/12/2004,845
484,1994,901,24/2/1994,2476
484,1995,1760,24/2/1994,7223
484,1996,1865,24/2/1994,6139
484,1997,615,24/2/1994,629
484,1998,1865,24/2/1994,3651
484,1999,577,24/2/1994,1594
484,2000,245,24/2/1994,660
484,2001,663,24/2/1994,2399
484,2002,1767,24/2/1994,6611
484,2003,716,24/2/1994,3087
484,2004,632,24/2/1994,3123
484,2005,1784,24/2/1994,4231
484,2006,1796,24/2/1994,8278
484,2007,901,24/2/1994,4411
484,2008,1044,24/2/1994,3094
484,2009,335,24/2/1994,1056
484,2010,1242,24/2/1994,3167
484,2011,1533,24/2/1994,5614
484,2012,402,24/2/1994,743
484,2013,681,24/2/1994,728
484,2014,1336,24/2/1994,5763
484,2015,1161,24/2/1994,4484
484,2016,1112,24/2/1994,4202
484,2017,1705,24/2/1994,4996
485,1997,457,8/9/1997,805
485,1998,926,8/9/1997,2091
485,1999,1225,8/9/1997,3288
485,2000,1285,8/9/1997,5706
485,2001,1395,8/9/1997,4159
485,2002,240,8/9/1997,770
485,2003,281,8/9/1997,1087
485,2004,1415,8/9/1997,1841
485,2005,1886,8/9/1997,6018
485,2006,960,8/9/1997,2190
485,2007,954,8/9/1997,3382
485,2008,1238,8/9/1997,1471
485,2009,421,8/9/1997,581
485,2010,674,8/9/1997,2614
485,2011,1878,8/9/1997,8950
485,2012,1418,8/9/1997,4273
485,2013,1305,8/9/1997,3906
485,2014,1111,8/9/1997,2822
485,2015,221,8/9/1997,836
485,2016,1675,8/9/1997,7516
485,2017,1121,8/9/1997,1482
486,2008,612,4/1/2008,1627
486,2009,1288,4/1/2008,2555
486,2010,1131,4/1/2008,5514
486,2011,490,4/1/2008,882
486,2012,606,4/1/2008,1737
486,2013,1018,4/1/2008,2342
486,2014,750,4/1/2008,1455
486,2015,1670,4/1/2008,2209
486,2016,640,4/1/2008,1419
486,2017,1055,4/1/2008,2403
487,2015,88,10/11/2015,197
487,2016,245,10/11/2015,1195
487,2017,1321,10/11/2015,4695
488,1990,194,19/10/1990,475
488,1991,1839,19/10/1990,2927
488,1992,216,19/10/1990,300
488,1993,497,19/10/1990,2188
488,1994,179,19/10/1990,331
488,1995,674,19/10/1990,1885
488,1996,1049,19/10/1990,1792
488,1997,1000,19/10/1990,3485
488,1998,1848,19/10/1990,6466
488,1999,1722,19/10/1990,4406
488,2000,902,19/10/1990,1085
488,2001,764,19/10/1990,1410
488,2002,1653,19/10/1990,6651
488,2003,358,19/10/1990,1114
488,2004,1882,19/10/1990,5948
488,2005,165,19/10/1990,554
488,2006,281,19/10/1990,309
488,2007,1337,19/10/1990,4081
488,2008,525,19/10/1990,1145
488,2009,1398,19/10/1990,2178
488,2010,1209,19/10/1990,2306
488,2011,1773,19/10/1990,3501
488,2012,163,19/10/1990,553
488,2013,1042,19/10/1990,2124
488,2014,368,19/10/1990,1432
488,2015,132,19/10/1990,342
488,2016,1302,19/10/1990,6166
488,2017,749,19/10/1990,3737
489,1995,807,11/4/1995,3902
489,1996,1271,11/4/1995,4837
489,1997,1144,11/4/1995,1242
489,1998,1308,11/4/1995,2922
489,1999,1417,11/4/1995,6578
489,2000,1448,11/4/1995,2034
489,2001,943,11/4/1995,986
489,2002,924,11/4/1995,3841
489,2003,578,11/4/1995,1280
489,2004,1856,11/4/1995,3291
489,2005,1458,11/4/1995,2704
489,2006,1310,11/4/1995,2153
489,2007,1503,11/4/1995,4706
489,2008,832,11/4/1995,3302
489,2009,549,11/4/1995,957
489,2010,1589,11/4/1995,5919
489,2011,420,11/4/1995,651
489,2012,138,11/4/1995,233
489,2013,1513,11/4/1995,6797
489,2014,755,11/4/1995,2261
489,2015,695,11/4/1995,709
489,2016,1537,11/4/1995,4912
489,2017,1871,11/4/1995,4874
490,2012,157,10/7/2012,700
490,2013,1798,10/7/2012,5695
490,2014,1748,10/7/2012,3517
490,2015,136,10/7/2012,156
490,2016,1537,10/7/2012,6790
490,2017,1486,10/7/2012,5044
491,2003,1487,15/3/2003,3835
491,2004,1697,15/3/2003,4974
491,2005,834,15/3/2003,2140
491,2006,720,15/3/2003,1763
491,2007,1560,15/3/2003,2993
491,2008,399,15/3/2003,1124
491,2009,1402,15/3/2003,3861
491,2010,944,15/3/2003,3070
491,2011,1564,15/3/2003,5481
491,2012,1662,15/3/2003,6845
491,2013,1089,15/3/2003,2455
491,2014,357,15/3/2003,410
491,2015,992,15/3/2003,4463
491,2016,1740,15/3/2003,4200
491,2017,108,15/3/2003,289
492,2003,122,7/10/2003,469
492,2004,688,7/10/2003,3386
492,2005,1638,7/10/2003,4171
492,2006,948,7/10/2003,2748
492,2007,160,7/10/2003,582
492,2008,836,7/10/2003,2018
492,2009,703,7/10/2003,3045
492,2010,1230,7/10/2003,3788
492,2011,1316,7/10/2003,6313
492,2012,810,7/10/2003,2052
492,2013,1111,7/10/2003,2031
492,2014,762,7/10/2003,1878
492,2015,114,7/10/2003,459
492,2016,876,7/10/2003,2196
492,2017,1623,7/10/2003,7410
493,2007,354,21/2/2007,453
493,2008,896,21/2/2007,1265
493,2009,382,21/2/2007,1427
493,2010,705,21/2/2007,2576
493,2011,1233,21/2/2007,4961
493,2012,865,21/2/2007,2966
493,2013,1839,21/2/2007,5816
493,2014,369,21/2/2007,1374
493,2015,753,21/2/2007,3491
493,2016,250,21/2/2007,1219
493,2017,1853,21/2/2007,3629
494,1991,175,11/10/1991,388
494,1992,1591,11/10/1991,1776
494,1993,292,11/10/1991,437
494,1994,710,11/10/1991,3361
494,1995,1259,11/10/1991,4624
494,1996,959,11/10/1991,2376
494,1997,390,11/10/1991,669
494,1998,1874,11/10/1991,4422
494,1999,830,11/10/1991,1972
494,2000,218,11/10/1991,706
494,2001,1285,11/10/1991,3149
494,2002,982,11/10/1991,2635
494,2003,1364,11/10/1991,3579
494,2004,1183,11/10/1991,5731
494,2005,1771,11/10/1991,3615
494,2006,136,11/10/1991,598
494,2007,1388,11/10/1991,3021
494,2008,265,11/10/1991,536
494,2009,1866,11/10/1991,6550
494,2010,1472,11/10/1991,3509
494,2011,1394,11/10/1991,2145
494,2012,1230,11/10/1991,6068
494,2013,1499,11/10/1991,7432
494,2014,1133,11/10/1991,3589
494,2015,1902,11/10/1991,9033
494,2016,1543,11/10/1991,2957
494,2017,926,11/10/1991,4237
495,2012,176,12/5/2012,745
495,2013,443,12/5/2012,1997
495,2014,760,12/5/2012,3464
495,2015,327,12/5/2012,1242
495,2016,1347,12/5/2012,3123
495,2017,1916,12/5/2012,2796
496,2003,517,16/9/2003,1320
496,2004,854,16/9/2003,2603
496,2005,824,16/9/2003,1542
496,2006,1474,16/9/2003,7108
496,2007,1203,16/9/2003,2426
496,2008,1574,16/9/2003,4167
496,2009,610,16/9/2003,3034
496,2010,1604,16/9/2003,4258
496,2011,337,16/9/2003,1519
496,2012,962,16/9/2003,3207
496,2013,253,16/9/2003,318
496,2014,1493,16/9/2003,3403
496,2015,1876,16/9/2003,6805
496,2016,153,16/9/2003,577
496,2017,1867,16/9/2003,8366
497,2003,922,20/6/2003,3504
497,2004,1536,20/6/2003,3995
497,2005,799,20/6/2003,2627
497,2006,924,20/6/2003,3422
497,2007,359,20/6/2003,866
497,2008,1466,20/6/2003,2974
497,2009,1008,20/6/2003,1263
497,2010,594,20/6/2003,1452
497,2011,1597,20/6/2003,5247
497,2012,1309,20/6/2003,4676
497,2013,1036,20/6/2003,1216
497,2014,261,20/6/2003,378
497,2015,1116,20/6/2003,3453
497,2016,323,20/6/2003,513
497,2017,1370,20/6/2003,2959
498,2009,436,5/10/2009,1797
498,2010,440,5/10/2009,1059
498,2011,856,5/10/2009,1505
498,2012,554,5/10/2009,1974
498,2013,681,5/10/2009,2684
498,2014,1613,5/10/2009,6354
498,2015,1699,5/10/2009,2276
498,2016,214,5/10/2009,217
498,2017,1520,5/10/2009,3573
499,1995,624,1/3/1995,960
499,1996,627,1/3/1995,2389
499,1997,1502,1/3/1995,3722
499,1998,1871,1/3/1995,7886
499,1999,1772,1/3/1995,4861
499,2000,353,1/3/1995,1685
499,2001,1650,1/3/1995,3138
499,2002,979,1/3/1995,3803
499,2003,598,1/3/1995,2128
499,2004,977,1/3/1995,1531
499,2005,572,1/3/1995,1121
499,2006,1187,1/3/1995,5122
499,2007,1291,1/3/1995,6374
499,2008,1764,1/3/1995,7407
499,2009,584,1/3/1995,2783
499,2010,1685,1/3/1995,2525
499,2011,1847,1/3/1995,7238
499,2012,343,1/3/1995,525
499,2013,1222,1/3/1995,1413
499,2014,1060,1/3/1995,1857
499,2015,362,1/3/1995,842
499,2016,535,1/3/1995,723
499,2017,1263,1/3/1995,3098
500,2000,357,18/10/2000,480
500,2001,741,18/10/2000,3373
500,2002,653,18/10/2000,712
500,2003,1296,18/10/2000,6381
500,2004,1546,18/10/2000,2104
500,2005,114,18/10/2000,309
500,2006,354,18/10/2000,853
500,2007,946,18/10/2000,2878
500,2008,1319,18/10/2000,4037
500,2009,579,18/10/2000,1073
500,2010,1279,18/10/2000,1849
500,2011,145,18/10/2000,256
500,2012,1705,18/10/2000,5504
500,2013,131,18/10/2000,579
500,2014,538,18/10/2000,1019
500,2015,572,18/10/2000,1238
500,2016,966,18/10/2000,3155
500,2017,1416,18/10/2000,3815
501,1998,851,15/3/1998,2103
501,1999,1708,15/3/1998,2323
501,2000,479,15/3/1998,2218
501,2001,1002,15/3/1998,2440
501,2002,1245,15/3/1998,4357
501,2003,1097,15/3/1998,1874
501,2004,118,15/3/1998,317
501,2005,643,15/3/1998,2471
501,2006,1264,15/3/1998,4588
501,2007,1545,15/3/1998,7106
501,2008,1128,15/3/1998,2568
501,2009,451,15/3/1998,478
501,2010,1014,15/3/1998,3998
501,2011,1278,15/3/1998,6166
501,2012,1008,15/3/1998,3021
501,2013,866,15/3/1998,2094
501,2014,1525,15/3/1998,4783
501,2015,1205,15/3/1998,1585
501,2016,1283,15/3/1998,5150
501,2017,1436,15/3/1998,3052
502,2013,463,28/7/2013,621
502,2014,454,28/7/2013,2266
502,2015,1602,28/7/2013,5678
502,2016,1119,28/7/2013,4464
502,2017,989,28/7/2013,2437
503,2012,617,27/9/2012,1890
503,2013,380,27/9/2012,613
503,2014,1323,27/9/2012,4840
503,2015,151,27/9/2012,190
503,2016,1588,27/9/2012,4246
503,2017,1824,27/9/2012,2584
504,2007,1291,26/4/2007,5022
504,2008,1041,26/4/2007,4045
504,2009,936,26/4/2007,2874
504,2010,1587,26/4/2007,3146
504,2011,1484,26/4/2007,3352
504,2012,686,26/4/2007,782
504,2013,695,26/4/2007,1065
504,2014,1495,26/4/2007,3376
504,2015,571,26/4/2007,578
504,2016,620,26/4/2007,1319
504,2017,106,26/4/2007,148
505,2000,260,17/8/2000,333
505,2001,1210,17/8/2000,3995
505,2002,1070,17/8/2000,3371
505,2003,1782,17/8/2000,4662
505,2004,779,17/8/2000,2499
505,2005,1790,17/8/2000,2808
505,2006,1550,17/8/2000,5835
505,2007,1078,17/8/2000,3830
505,2008,1621,17/8/2000,2211
505,2009,1717,17/8/2000,2618
505,2010,1358,17/8/2000,5144
505,2011,1522,17/8/2000,5739
505,2012,1241,17/8/2000,5018
505,2013,1273,17/8/2000,3914
505,2014,1555,17/8/2000,2280
505,2015,594,17/8/2000,926
505,2016,166,17/8/2000,239
505,2017,732,17/8/2000,1534
506,2015,378,13/10/2015,1160
506,2016,955,13/10/2015,2307
506,2017,1200,13/10/2015,1854
507,2001,581,16/4/2001,2007
507,2002,1834,16/4/2001,2983
507,2003,1249,16/4/2001,2824
507,2004,1768,16/4/2001,3906
507,2005,1789,16/4/2001,2891
507,2006,1455,16/4/2001,2265
507,2007,633,16/4/2001,1157
507,2008,1506,16/4/2001,1610
507,2009,1499,16/4/2001,5480
507,2010,1460,16/4/2001,7282
507,2011,1213,16/4/2001,3277
507,2012,449,16/4/2001,1275
507,2013,834,16/4/2001,2493
507,2014,1564,16/4/2001,5717
507,2015,640,16/4/2001,3133
507,2016,1205,16/4/2001,4159
507,2017,1906,16/4/2001,8790
508,2009,1123,11/1/2009,2291
508,2010,1308,11/1/2009,3415
508,2011,558,11/1/2009,1017
508,2012,1138,11/1/2009,4622
508,2013,1546,11/1/2009,6292
508,2014,719,11/1/2009,2386
508,2015,606,11/1/2009,3007
508,2016,112,11/1/2009,264
508,2017,572,11/1/2009,1968
509,1995,978,16/5/1995,3058
509,1996,1902,16/5/1995,9245
509,1997,564,16/5/1995,1309
509,1998,862,16/5/1995,2807
509,1999,1250,16/5/1995,6094
509,2000,445,16/5/1995,1088
509,2001,958,16/5/1995,2199
509,2002,109,16/5/1995,155
509,2003,311,16/5/1995,1071
509,2004,1430,16/5/1995,6378
509,2005,729,16/5/1995,1607
509,2006,1662,16/5/1995,2776
509,2007,445,16/5/1995,1816
509,2008,1590,16/5/1995,6783
509,2009,699,16/5/1995,2913
509,2010,973,16/5/1995,2998
509,2011,1655,16/5/1995,5649
509,2012,1883,16/5/1995,3882
509,2013,256,16/5/1995,994
509,2014,1314,16/5/1995,2543
509,2015,609,16/5/1995,2026
509,2016,758,16/5/1995,1458
509,2017,944,16/5/1995,3587
510,1999,255,24/11/1999,394
510,2000,1238,24/11/1999,5677
510,2001,215,24/11/1999,222
510,2002,688,24/11/1999,2381
510,2003,1583,24/11/1999,2518
510,2004,820,24/11/1999,2039
510,2005,883,24/11/1999,2020
510,2006,1083,24/11/1999,4631
510,2007,517,24/11/1999,1316
510,2008,1858,24/11/1999,9249
510,2009,757,24/11/1999,3050
510,2010,1105,24/11/1999,5325
510,2011,390,24/11/1999,449
510,2012,1709,24/11/1999,6162
510,2013,1223,24/11/1999,4164
510,2014,270,24/11/1999,1281
510,2015,791,24/11/1999,2051
510,2016,1272,24/11/1999,3198
510,2017,265,24/11/1999,451
511,2015,552,12/7/2015,2011
511,2016,1364,12/7/2015,5158
511,2017,158,12/7/2015,158
512,1991,153,16/7/1991,207
512,1992,419,16/7/1991,1788
512,1993,784,16/7/1991,3338
512,1994,1625,16/7/1991,5963
512,1995,415,16/7/1991,641
512,1996,886,16/7/1991,4268
512,1997,1122,16/7/1991,3249
512,1998,1074,16/7/1991,3378
512,1999,687,16/7/1991,1112
512,2000,1282,16/7/1991,4345
512,2001,1027,16/7/1991,2908
512,2002,726,16/7/1991,2016
512,2003,791,16/7/1991,1303
512,2004,937,16/7/1991,1741
512,2005,1658,16/7/1991,4589
512,2006,442,16/7/1991,964
512,2007,1340,16/7/1991,6228
512,2008,1006,16/7/1991,1091
512,2009,1276,16/7/1991,4553
512,2010,408,16/7/1991,493
512,2011,118,16/7/1991,505
512,2012,1531,16/7/1991,2810
512,2013,1440,16/7/1991,6224
512,2014,1751,16/7/1991,4012
512,2015,1098,16/7/1991,2614
512,2016,1813,16/7/1991,8341
512,2017,1766,16/7/1991,4327
513,2001,566,5/9/2001,1150
513,2002,1735,5/9/2001,3648
513,2003,690,5/9/2001,3353
513,2004,211,5/9/2001,596
513,2005,246,5/9/2001,679
513,2006,601,5/9/2001,1579
513,2007,167,5/9/2001,299
513,2008,1152,5/9/2001,4483
513,2009,1550,5/9/2001,7450
513,2010,1458,5/9/2001,1923
513,2011,1278,5/9/2001,2476
513,2012,1918,5/9/2001,8523
513,2013,906,5/9/2001,3054
513,2014,1271,5/9/2001,3738
513,2015,1314,5/9/2001,2129
513,2016,572,5/9/2001,813
513,2017,292,5/9/2001,1282
514,1991,208,18/10/1991,928
514,1992,1438,18/10/1991,4556
514,1993,1401,18/10/1991,5916
514,1994,940,18/10/1991,4551
514,1995,1328,18/10/1991,6278
514,1996,1070,18/10/1991,2055
514,1997,212,18/10/1991,899
514,1998,532,18/10/1991,922
514,1999,966,18/10/1991,1586
514,2000,927,18/10/1991,2056
514,2001,97,18/10/1991,277
514,2002,953,18/10/1991,4163
514,2003,1490,18/10/1991,6918
514,2004,1231,18/10/1991,3872
514,2005,985,18/10/1991,3267
514,2006,1841,18/10/1991,3663
514,2007,1804,18/10/1991,6399
514,2008,519,18/10/1991,1975
514,2009,1085,18/10/1991,2028
514,2010,1595,18/10/1991,3278
514,2011,556,18/10/1991,1703
514,2012,1311,18/10/1991,5960
514,2013,1591,18/10/1991,7165
514,2014,956,18/10/1991,1381
514,2015,1878,18/10/1991,2887
514,2016,1385,18/10/1991,4370
514,2017,1106,18/10/1991,4948
515,2013,96,26/10/2013,443
515,2014,1398,26/10/2013,1974
515,2015,466,26/10/2013,2238
515,2016,1304,26/10/2013,6271
515,2017,345,26/10/2013,355
516,2006,161,11/11/2006,487
516,2007,1844,11/11/2006,4541
516,2008,738,11/11/2006,828
516,2009,200,11/11/2006,448
516,2010,1170,11/11/2006,5752
516,2011,1203,11/11/2006,5547
516,2012,118,11/11/2006,295
516,2013,1731,11/11/2006,7415
516,2014,1442,11/11/2006,4215
516,2015,1059,11/11/2006,2704
516,2016,326,11/11/2006,1408
516,2017,604,11/11/2006,2471
517,2010,407,22/10/2010,1163
517,2011,1661,22/10/2010,6419
517,2012,358,22/10/2010,1341
517,2013,1897,22/10/2010,5030
517,2014,349,22/10/2010,1459
517,2015,1422,22/10/2010,2034
517,2016,1265,22/10/2010,3635
517,2017,1418,22/10/2010,4012
518,2013,1271,20/2/2013,4211
518,2014,846,20/2/2013,1403
518,2015,576,20/2/2013,816
518,2016,1593,20/2/2013,3467
518,2017,947,20/2/2013,1445
519,1997,420,4/7/1997,475
519,1998,785,4/7/1997,1951
519,1999,1504,4/7/1997,2215
519,2000,1267,4/7/1997,1528
519,2001,1695,4/7/1997,3906
519,2002,1535,4/7/1997,2939
519,2003,1074,4/7/1997,1211
519,2004,1106,4/7/1997,2102
519,2005,221,4/7/1997,814
519,2006,953,4/7/1997,1081
519,2007,395,4/7/1997,626
519,2008,390,4/7/1997,1437
519,2009,1235,4/7/1997,5479
519,2010,552,4/7/1997,799
519,2011,1570,4/7/1997,2463
519,2012,1241,4/7/1997,4747
519,2013,551,4/7/1997,2184
519,2014,315,4/7/1997,1434
519,2015,1901,4/7/1997,4789
519,2016,1292,4/7/1997,2268
519,2017,1252,4/7/1997,1366
520,2011,254,24/8/2011,361
520,2012,744,24/8/2011,1945
520,2013,839,24/8/2011,2674
520,2014,1328,24/8/2011,4602
520,2015,651,24/8/2011,2265
520,2016,979,24/8/2011,983
520,2017,323,24/8/2011,1355
521,1995,248,10/8/1995,315
521,1996,1448,10/8/1995,5571
521,1997,871,10/8/1995,1940
521,1998,1054,10/8/1995,5219
521,1999,1439,10/8/1995,6513
521,2000,1829,10/8/1995,7002
521,2001,1832,10/8/1995,1998
521,2002,612,10/8/1995,2666
521,2003,1844,10/8/1995,2284
521,2004,126,10/8/1995,490
521,2005,851,10/8/1995,1995
521,2006,1813,10/8/1995,8652
521,2007,1287,10/8/1995,6197
521,2008,868,10/8/1995,1873
521,2009,1200,10/8/1995,1634
521,2010,1039,10/8/1995,3503
521,2011,281,10/8/1995,991
521,2012,1786,10/8/1995,4283
521,2013,544,10/8/1995,878
521,2014,578,10/8/1995,1945
521,2015,1035,10/8/1995,3892
521,2016,579,10/8/1995,615
521,2017,623,10/8/1995,963
522,1997,314,11/3/1997,884
522,1998,948,11/3/1997,1754
522,1999,581,11/3/1997,2565
522,2000,884,11/3/1997,1413
522,2001,690,11/3/1997,1969
522,2002,549,11/3/1997,2292
522,2003,1136,11/3/1997,2497
522,2004,569,11/3/1997,938
522,2005,165,11/3/1997,606
522,2006,1199,11/3/1997,2467
522,2007,854,11/3/1997,3593
522,2008,237,11/3/1997,468
522,2009,1336,11/3/1997,4370
522,2010,970,11/3/1997,2864
522,2011,502,11/3/1997,1303
522,2012,624,11/3/1997,1523
522,2013,1266,11/3/1997,1294
522,2014,1454,11/3/1997,2577
522,2015,328,11/3/1997,585
522,2016,719,11/3/1997,3537
522,2017,1772,11/3/1997,4069
523,1995,212,14/3/1995,640
523,1996,1345,14/3/1995,3756
523,1997,1733,14/3/1995,7203
523,1998,268,14/3/1995,565
523,1999,1545,14/3/1995,4588
523,2000,1436,14/3/1995,4561
523,2001,1522,14/3/1995,6308
523,2002,984,14/3/1995,4838
523,2003,1706,14/3/1995,7301
523,2004,723,14/3/1995,3341
523,2005,1712,14/3/1995,5554
523,2006,717,14/3/1995,1063
523,2007,566,14/3/1995,2428
523,2008,1476,14/3/1995,3076
523,2009,645,14/3/1995,859
523,2010,522,14/3/1995,572
523,2011,981,14/3/1995,4656
523,2012,1582,14/3/1995,3658
523,2013,474,14/3/1995,1728
523,2014,614,14/3/1995,815
523,2015,647,14/3/1995,3013
523,2016,491,14/3/1995,1743
523,2017,1061,14/3/1995,2733
524,2003,212,22/3/2003,357
524,2004,1743,22/3/2003,7023
524,2005,666,22/3/2003,1792
524,2006,746,22/3/2003,1445
524,2007,326,22/3/2003,456
524,2008,1766,22/3/2003,4045
524,2009,1598,22/3/2003,7467
524,2010,662,22/3/2003,1509
524,2011,987,22/3/2003,4897
524,2012,1873,22/3/2003,3767
524,2013,1225,22/3/2003,5985
524,2014,1576,22/3/2003,6746
524,2015,740,22/3/2003,2838
524,2016,1102,22/3/2003,3640
524,2017,691,22/3/2003,1713
525,2002,1413,23/1/2002,6986
525,2003,121,23/1/2002,280
525,2004,1770,23/1/2002,1909
525,2005,1280,23/1/2002,6336
525,2006,1258,23/1/2002,1935
525,2007,256,23/1/2002,860
525,2008,1098,23/1/2002,1872
525,2009,1407,23/1/2002,5548
525,2010,584,23/1/2002,2094
525,2011,1553,23/1/2002,2719
525,2012,1461,23/1/2002,7016
525,2013,645,23/1/2002,2732
525,2014,678,23/1/2002,2590
525,2015,1749,23/1/2002,5011
525,2016,1025,23/1/2002,1037
525,2017,302,23/1/2002,967
526,2009,822,1/2/2009,3969
526,2010,1113,1/2/2009,4625
526,2011,798,1/2/2009,3896
526,2012,1845,1/2/2009,8249
526,2013,150,1/2/2009,480
526,2014,766,1/2/2009,3673
526,2015,1402,1/2/2009,6775
526,2016,825,1/2/2009,3828
526,2017,1749,1/2/2009,8305
527,2008,1350,27/1/2008,3612
527,2009,714,27/1/2008,2142
527,2010,1456,27/1/2008,1913
527,2011,495,27/1/2008,1545
527,2012,1741,27/1/2008,5038
527,2013,220,27/1/2008,761
527,2014,1458,27/1/2008,5714
527,2015,914,27/1/2008,1946
527,2016,1442,27/1/2008,4306
527,2017,610,27/1/2008,634
528,1991,578,24/6/1991,1882
528,1992,933,24/6/1991,4482
528,1993,572,24/6/1991,2654
528,1994,1883,24/6/1991,2678
528,1995,122,24/6/1991,400
528,1996,305,24/6/1991,1522
528,1997,1294,24/6/1991,4643
528,1998,305,24/6/1991,900
528,1999,1385,24/6/1991,6698
528,2000,1243,24/6/1991,3636
528,2001,1484,24/6/1991,2088
528,2002,1074,24/6/1991,1998
528,2003,619,24/6/1991,2018
528,2004,989,24/6/1991,3507
528,2005,1179,24/6/1991,1435
528,2006,1564,24/6/1991,7058
528,2007,1813,24/6/1991,4100
528,2008,574,24/6/1991,2062
528,2009,1470,24/6/1991,2202
528,2010,409,24/6/1991,1136
528,2011,909,24/6/1991,4509
528,2012,1109,24/6/1991,5370
528,2013,1186,24/6/1991,4905
528,2014,745,24/6/1991,2399
528,2015,1701,24/6/1991,2508
528,2016,807,24/6/1991,2683
528,2017,122,24/6/1991,178
529,1996,362,6/9/1996,1462
529,1997,1697,6/9/1996,8090
529,1998,350,6/9/1996,938
529,1999,1159,6/9/1996,2525
529,2000,1852,6/9/1996,4302
529,2001,1005,6/9/1996,1868
529,2002,1723,6/9/1996,5751
529,2003,686,6/9/1996,2881
529,2004,125,6/9/1996,387
529,2005,1567,6/9/1996,5306
529,2006,1587,6/9/1996,3910
529,2007,1175,6/9/1996,4317
529,2008,1146,6/9/1996,1965
529,2009,1223,6/9/1996,4807
529,2010,1278,6/9/1996,3142
529,2011,311,6/9/1996,1200
529,2012,1020,6/9/1996,4978
529,2013,1410,6/9/1996,5063
529,2014,1158,6/9/1996,2424
529,2015,1286,6/9/1996,3424
529,2016,546,6/9/1996,1228
529,2017,1543,6/9/1996,2063
530,2004,1156,20/2/2004,4194
530,2005,201,20/2/2004,743
530,2006,674,20/2/2004,1290
530,2007,1422,20/2/2004,6580
530,2008,1258,20/2/2004,4810
530,2009,1396,20/2/2004,2057
530,2010,1723,20/2/2004,3066
530,2011,755,20/2/2004,2152
530,2012,180,20/2/2004,786
530,2013,960,20/2/2004,2078
530,2014,660,20/2/2004,1226
530,2015,338,20/2/2004,1538
530,2016,183,20/2/2004,598
530,2017,1718,20/2/2004,2835
531,1999,173,26/9/1999,298
531,2000,347,26/9/1999,1311
531,2001,1558,26/9/1999,4521
531,2002,1843,26/9/1999,8189
531,2003,1475,26/9/1999,1953
531,2004,1334,26/9/1999,5720
531,2005,1559,26/9/1999,6566
531,2006,892,26/9/1999,4207
531,2007,1066,26/9/1999,4142
531,2008,1143,26/9/1999,2172
531,2009,1096,26/9/1999,3207
531,2010,612,26/9/1999,2300
531,2011,447,26/9/1999,596
531,2012,1735,26/9/1999,3738
531,2013,1397,26/9/1999,1979
531,2014,1379,26/9/1999,5163
531,2015,901,26/9/1999,1070
531,2016,942,26/9/1999,2256
531,2017,704,26/9/1999,3005
532,1996,1418,7/3/1996,2213
532,1997,728,7/3/1996,914
532,1998,1903,7/3/1996,6841
532,1999,1019,7/3/1996,3731
532,2000,1601,7/3/1996,4625
532,2001,507,7/3/1996,893
532,2002,1115,7/3/1996,1140
532,2003,867,7/3/1996,4289
532,2004,1614,7/3/1996,2678
532,2005,392,7/3/1996,687
532,2006,892,7/3/1996,4417
532,2007,435,7/3/1996,595
532,2008,671,7/3/1996,758
532,2009,1916,7/3/1996,4072
532,2010,1189,7/3/1996,5022
532,2011,989,7/3/1996,1138
532,2012,1278,7/3/1996,5339
532,2013,684,7/3/1996,2943
532,2014,1858,7/3/1996,2578
532,2015,1560,7/3/1996,5786
532,2016,1126,7/3/1996,2942
532,2017,1033,7/3/1996,1473
533,2016,292,28/11/2016,904
533,2017,1453,28/11/2016,4581
534,2011,52,23/12/2011,247
534,2012,284,23/12/2011,1345
534,2013,1669,23/12/2011,5511
534,2014,275,23/12/2011,718
534,2015,1561,23/12/2011,2511
534,2016,877,23/12/2011,1181
534,2017,369,23/12/2011,1630
535,2002,820,2/7/2002,1859
535,2003,217,2/7/2002,387
535,2004,289,2/7/2002,763
535,2005,770,2/7/2002,2769
535,2006,1783,2/7/2002,7217
535,2007,623,2/7/2002,2640
535,2008,885,2/7/2002,1890
535,2009,1287,2/7/2002,5161
535,2010,1428,2/7/2002,5764
535,2011,831,2/7/2002,3671
535,2012,1498,2/7/2002,2002
535,2013,770,2/7/2002,942
535,2014,1053,2/7/2002,2314
535,2015,500,2/7/2002,1685
535,2016,1818,2/7/2002,8697
535,2017,1851,2/7/2002,7159
536,2005,699,19/7/2005,1121
536,2006,1063,19/7/2005,3517
536,2007,343,19/7/2005,811
536,2008,306,19/7/2005,782
536,2009,1263,19/7/2005,6222
536,2010,478,19/7/2005,728
536,2011,747,19/7/2005,1328
536,2012,1688,19/7/2005,4302
536,2013,1773,19/7/2005,4834
536,2014,623,19/7/2005,2528
536,2015,1028,19/7/2005,4013
536,2016,187,19/7/2005,844
536,2017,207,19/7/2005,326
537,1999,575,18/8/1999,1655
537,2000,714,18/8/1999,944
537,2001,1841,18/8/1999,5576
537,2002,1335,18/8/1999,1643
537,2003,1273,18/8/1999,3227
537,2004,1021,18/8/1999,3234
537,2005,1098,18/8/1999,5237
537,2006,1707,18/8/1999,1813
537,2007,1581,18/8/1999,1966
537,2008,382,18/8/1999,869
537,2009,1093,18/8/1999,3403
537,2010,694,18/8/1999,3117
537,2011,118,18/8/1999,523
537,2012,328,18/8/1999,1485
537,2013,718,18/8/1999,740
537,2014,1022,18/8/1999,1682
537,2015,900,18/8/1999,2201
537,2016,1305,18/8/1999,6122
537,2017,345,18/8/1999,1397
538,2002,757,28/8/2002,2387
538,2003,473,28/8/2002,834
538,2004,1872,28/8/2002,9279
538,2005,812,28/8/2002,3098
538,2006,561,28/8/2002,2515
538,2007,1121,28/8/2002,1159
538,2008,664,28/8/2002,1565
538,2009,448,28/8/2002,1052
538,2010,628,28/8/2002,1101
538,2011,1531,28/8/2002,6306
538,2012,1358,28/8/2002,3320
538,2013,633,28/8/2002,1048
538,2014,1024,28/8/2002,4233
538,2015,1068,28/8/2002,3856
538,2016,1107,28/8/2002,4857
538,2017,485,28/8/2002,1044
539,2002,547,10/6/2002,1321
539,2003,627,10/6/2002,1362
539,2004,139,10/6/2002,649
539,2005,1287,10/6/2002,1463
539,2006,1659,10/6/2002,4965
539,2007,1016,10/6/2002,2877
539,2008,1486,10/6/2002,5806
539,2009,1646,10/6/2002,1890
539,2010,182,10/6/2002,858
539,2011,322,10/6/2002,1200
539,2012,1324,10/6/2002,3471
539,2013,540,10/6/2002,2194
539,2014,838,10/6/2002,2621
539,2015,1878,10/6/2002,8510
539,2016,295,10/6/2002,1393
539,2017,254,10/6/2002,416
540,1998,133,20/12/1998,460
540,1999,183,20/12/1998,735
540,2000,590,20/12/1998,1886
540,2001,1666,20/12/1998,6049
540,2002,1548,20/12/1998,7626
540,2003,608,20/12/1998,2947
540,2004,1428,20/12/1998,1936
540,2005,1508,20/12/1998,4494
540,2006,1462,20/12/1998,5394
540,2007,1208,20/12/1998,1526
540,2008,263,20/12/1998,353
540,2009,1275,20/12/1998,4378
540,2010,674,20/12/1998,2085
540,2011,919,20/12/1998,2656
540,2012,1019,20/12/1998,1570
540,2013,1772,20/12/1998,5026
540,2014,197,20/12/1998,388
540,2015,1594,20/12/1998,7824
540,2016,763,20/12/1998,2925
540,2017,560,20/12/1998,2224
541,2012,29,14/10/2012,117
541,2013,696,14/10/2012,968
541,2014,289,14/10/2012,1324
541,2015,1406,14/10/2012,4128
541,2016,1572,14/10/2012,7378
541,2017,1828,14/10/2012,4423
542,2011,29,24/12/2011,68
542,2012,1693,24/12/2011,6109
542,2013,1482,24/12/2011,3485
542,2014,672,24/12/2011,2815
542,2015,1324,24/12/2011,1535
542,2016,1540,24/12/2011,7617
542,2017,689,24/12/2011,2852
543,1998,1585,18/2/1998,1593
543,1999,495,18/2/1998,1266
543,2000,1107,18/2/1998,4880
543,2001,495,18/2/1998,2433
543,2002,684,18/2/1998,778
543,2003,1486,18/2/1998,2080
543,2004,1544,18/2/1998,1656
543,2005,765,18/2/1998,1950
543,2006,908,18/2/1998,2269
543,2007,1765,18/2/1998,5167
543,2008,1447,18/2/1998,5698
543,2009,1369,18/2/1998,3653
543,2010,920,18/2/1998,4214
543,2011,1315,18/2/1998,2430
543,2012,1500,18/2/1998,1579
543,2013,1025,18/2/1998,2103
543,2014,750,18/2/1998,2647
543,2015,864,18/2/1998,2497
543,2016,1603,18/2/1998,7500
543,2017,751,18/2/1998,2540
544,2005,86,10/11/2005,130
544,2006,1455,10/11/2005,4204
544,2007,1491,10/11/2005,6217
544,2008,1807,10/11/2005,5177
544,2009,1831,10/11/2005,4657
544,2010,1126,10/11/2005,1237
544,2011,1335,10/11/2005,4943
544,2012,524,10/11/2005,1696
544,2013,1366,10/11/2005,2541
544,2014,1776,10/11/2005,5381
544,2015,1598,10/11/2005,7364
544,2016,861,10/11/2005,1088
544,2017,1118,10/11/2005,2759
545,2016,191,27/6/2016,592
545,2017,1226,27/6/2016,3249
546,1999,12,4/12/1999,36
546,2000,1370,4/12/1999,4364
546,2001,425,4/12/1999,728
546,2002,1435,4/12/1999,3633
546,2003,367,4/12/1999,686
546,2004,1627,4/12/1999,3350
546,2005,1834,4/12/1999,2024
546,2006,1524,4/12/1999,4410
546,2007,956,4/12/1999,1753
546,2008,1090,4/12/1999,2353
546,2009,584,4/12/1999,2849
546,2010,1094,4/12/1999,1974
546,2011,116,4/12/1999,220
546,2012,381,4/12/1999,700
546,2013,1907,4/12/1999,5443
546,2014,1331,4/12/1999,4994
546,2015,1792,4/12/1999,7622
546,2016,1851,4/12/1999,3988
546,2017,1499,4/12/1999,7132
547,1998,1659,24/2/1998,1935
547,1999,1166,24/2/1998,1386
547,2000,1089,24/2/1998,2990
547,2001,133,24/2/1998,429
547,2002,1524,24/2/1998,4600
547,2003,1086,24/2/1998,1554
547,2004,1548,24/2/1998,3448
547,2005,1853,24/2/1998,3446
547,2006,149,24/2/1998,372
547,2007,1888,24/2/1998,8348
547,2008,970,24/2/1998,2992
547,2009,1425,24/2/1998,5944
547,2010,142,24/2/1998,384
547,2011,1470,24/2/1998,3089
547,2012,1663,24/2/1998,4623
547,2013,1496,24/2/1998,5814
547,2014,1230,24/2/1998,6081
547,2015,1627,24/2/1998,7190
547,2016,873,24/2/1998,2023
547,2017,1874,24/2/1998,4590
548,2002,254,10/10/2002,904
548,2003,1397,10/10/2002,5301
548,2004,247,10/10/2002,1205
548,2005,1683,10/10/2002,6494
548,2006,154,10/10/2002,583
548,2007,501,10/10/2002,1637
548,2008,910,10/10/2002,1255
548,2009,1301,10/10/2002,1441
548,2010,414,10/10/2002,1030
548,2011,126,10/10/2002,549
548,2012,463,10/10/2002,1768
548,2013,156,10/10/2002,537
548,2014,602,10/10/2002,1913
548,2015,1016,10/10/2002,4373
548,2016,842,10/10/2002,2892
548,2017,1349,10/10/2002,5626
549,2008,445,26/10/2008,1841
549,2009,1373,26/10/2008,5774
549,2010,536,26/10/2008,594
549,2011,813,26/10/2008,906
549,2012,654,26/10/2008,1782
549,2013,1618,26/10/2008,5136
549,2014,1112,26/10/2008,5088
549,2015,137,26/10/2008,640
549,2016,1742,26/10/2008,6555
549,2017,1307,26/10/2008,4489
550,1994,186,3/10/1994,661
550,1995,527,3/10/1994,639
550,1996,1083,3/10/1994,4260
550,1997,1065,3/10/1994,4404
550,1998,1741,3/10/1994,7151
550,1999,1640,3/10/1994,4021
550,2000,233,3/10/1994,699
550,2001,1118,3/10/1994,1153
550,2002,417,3/10/1994,1103
550,2003,710,3/10/1994,2234
550,2004,531,3/10/1994,2025
550,2005,1256,3/10/1994,1416
550,2006,1851,3/10/1994,3912
550,2007,595,3/10/1994,1079
550,2008,240,3/10/1994,1123
550,2009,492,3/10/1994,954
550,2010,1382,3/10/1994,3532
550,2011,416,3/10/1994,1241
550,2012,331,3/10/1994,1075
550,2013,1237,3/10/1994,1426
550,2014,245,3/10/1994,831
550,2015,1881,3/10/1994,8005
550,2016,586,3/10/1994,1394
550,2017,1244,3/10/1994,5327
551,2008,185,21/10/2008,912
551,2009,937,21/10/2008,3001
551,2010,1588,21/10/2008,7189
551,2011,1589,21/10/2008,7816
551,2012,1877,21/10/2008,3105
551,2013,416,21/10/2008,1848
551,2014,851,21/10/2008,2796
551,2015,1045,21/10/2008,2676
551,2016,1466,21/10/2008,5369
551,2017,525,21/10/2008,631
552,2013,484,16/4/2013,2284
552,2014,1142,16/4/2013,1691
552,2015,300,16/4/2013,1376
552,2016,181,16/4/2013,867
552,2017,203,16/4/2013,699
553,1996,228,10/2/1996,441
553,1997,1599,10/2/1996,2389
553,1998,1535,10/2/1996,2507
553,1999,328,10/2/1996,465
553,2000,1039,10/2/1996,4410
553,2001,1213,10/2/1996,4342
553,2002,1489,10/2/1996,3789
553,2003,241,10/2/1996,787
553,2004,693,10/2/1996,728
553,2005,1766,10/2/1996,2600
553,2006,1453,10/2/1996,3424
553,2007,958,10/2/1996,4733
553,2008,1638,10/2/1996,7542
553,2009,158,10/2/1996,515
553,2010,142,10/2/1996,600
553,2011,431,10/2/1996,1598
553,2012,1650,10/2/1996,3483
553,2013,132,10/2/1996,406
553,2014,947,10/2/1996,1836
553,2015,1887,10/2/1996,9074
553,2016,1089,10/2/1996,1394
553,2017,1207,10/2/1996,3979
554,2002,48,7/8/2002,237
554,2003,977,7/8/2002,2289
554,2004,1081,7/8/2002,4603
554,2005,920,7/8/2002,4265
554,2006,1462,7/8/2002,5149
554,2007,556,7/8/2002,2165
554,2008,950,7/8/2002,2421
554,2009,1467,7/8/2002,3116
554,2010,1153,7/8/2002,1509
554,2011,639,7/8/2002,652
554,2012,711,7/8/2002,1705
554,2013,1465,7/8/2002,6822
554,2014,384,7/8/2002,922
554,2015,1066,7/8/2002,3982
554,2016,1309,7/8/2002,3535
554,2017,201,7/8/2002,233
555,2014,1532,4/1/2014,1988
555,2015,1022,4/1/2014,4901
555,2016,840,4/1/2014,1114
555,2017,1845,4/1/2014,8550
556,2016,170,2/8/2016,640
556,2017,345,2/8/2016,715
557,2013,98,10/12/2013,138
557,2014,202,10/12/2013,635
557,2015,1831,10/12/2013,3031
557,2016,1438,10/12/2013,2915
557,2017,690,10/12/2013,1315
558,2003,366,14/10/2003,1668
558,2004,1168,14/10/2003,2018
558,2005,484,14/10/2003,1426
558,2006,744,14/10/2003,3459
558,2007,592,14/10/2003,1426
558,2008,1004,14/10/2003,1154
558,2009,264,14/10/2003,428
558,2010,1661,14/10/2003,5920
558,2011,942,14/10/2003,1532
558,2012,199,14/10/2003,524
558,2013,1038,14/10/2003,1405
558,2014,810,14/10/2003,2717
558,2015,1137,14/10/2003,2195
558,2016,1496,14/10/2003,2937
558,2017,1153,14/10/2003,4428
559,2002,187,10/8/2002,577
559,2003,1529,10/8/2002,7365
559,2004,1591,10/8/2002,6268
559,2005,1289,10/8/2002,6300
559,2006,1278,10/8/2002,3800
559,2007,140,10/8/2002,466
559,2008,1592,10/8/2002,7330
559,2009,1276,10/8/2002,6373
559,2010,163,10/8/2002,506
559,2011,1085,10/8/2002,2754
559,2012,580,10/8/2002,1037
559,2013,1690,10/8/2002,5992
559,2014,1695,10/8/2002,5704
559,2015,97,10/8/2002,302
559,2016,1898,10/8/2002,4312
559,2017,590,10/8/2002,2037
560,2009,33,14/9/2009,59
560,2010,639,14/9/2009,1454
560,2011,1423,14/9/2009,2737
560,2012,1568,14/9/2009,2512
560,2013,829,14/9/2009,1745
560,2014,762,14/9/2009,3203
560,2015,1849,14/9/2009,6804
560,2016,485,14/9/2009,1493
560,2017,1763,14/9/2009,3789
561,2003,1318,11/4/2003,6491
561,2004,1518,11/4/2003,3813
561,2005,1837,11/4/2003,8161
561,2006,795,11/4/2003,2458
561,2007,505,11/4/2003,812
561,2008,1452,11/4/2003,3006
561,2009,1367,11/4/2003,4153
561,2010,1279,11/4/2003,4962
561,2011,689,11/4/2003,2302
561,2012,975,11/4/2003,2324
561,2013,516,11/4/2003,1053
561,2014,1052,11/4/2003,4341
561,2015,1775,11/4/2003,8799
561,2016,374,11/4/2003,510
561,2017,985,11/4/2003,4378
562,2013,1091,6/4/2013,1243
562,2014,1355,6/4/2013,2244
562,2015,167,6/4/2013,444
562,2016,1550,6/4/2013,4650
562,2017,1026,6/4/2013,5061
563,2003,459,27/6/2003,1632
563,2004,1202,27/6/2003,2358
563,2005,1453,27/6/2003,5433
563,2006,1368,27/6/2003,6637
563,2007,1182,27/6/2003,5732
563,2008,1122,27/6/2003,1328
563,2009,426,27/6/2003,1070
563,2010,1085,27/6/2003,1561
563,2011,1427,27/6/2003,6415
563,2012,430,27/6/2003,1407
563,2013,1512,27/6/2003,6275
563,2014,1613,27/6/2003,3474
563,2015,801,27/6/2003,1046
563,2016,1675,27/6/2003,8312
563,2017,1450,27/6/2003,2335
564,2016,563,23/1/2016,887
564,2017,1780,23/1/2016,4735
565,2013,173,28/10/2013,328
565,2014,1617,28/10/2013,5753
565,2015,396,28/10/2013,874
565,2016,831,28/10/2013,3118
565,2017,1119,28/10/2013,4091
566,1993,662,22/8/1993,2855
566,1994,292,22/8/1993,908
566,1995,636,22/8/1993,2592
566,1996,718,22/8/1993,1472
566,1997,277,22/8/1993,498
566,1998,1194,22/8/1993,1359
566,1999,1309,22/8/1993,6280
566,2000,1623,22/8/1993,3653
566,2001,1091,22/8/1993,3327
566,2002,752,22/8/1993,2380
566,2003,374,22/8/1993,1294
566,2004,1114,22/8/1993,3632
566,2005,1239,22/8/1993,6005
566,2006,1418,22/8/1993,4679
566,2007,1848,22/8/1993,7170
566,2008,1565,22/8/1993,3697
566,2009,950,22/8/1993,2986
566,2010,285,22/8/1993,1155
566,2011,1296,22/8/1993,6404
566,2012,387,22/8/1993,1202
566,2013,1586,22/8/1993,5705
566,2014,1270,22/8/1993,2440
566,2015,984,22/8/1993,3907
566,2016,529,22/8/1993,2239
566,2017,1799,22/8/1993,4111
567,2016,200,9/7/2016,253
567,2017,1186,9/7/2016,2448
568,1998,437,2/9/1998,2040
568,1999,1063,2/9/1998,4077
568,2000,1256,2/9/1998,3654
568,2001,1053,2/9/1998,2209
568,2002,459,2/9/1998,1471
568,2003,1307,2/9/1998,4113
568,2004,798,2/9/1998,3837
568,2005,1181,2/9/1998,2311
568,2006,1300,2/9/1998,2664
568,2007,963,2/9/1998,2126
568,2008,1748,2/9/1998,3362
568,2009,792,2/9/1998,1659
568,2010,728,2/9/1998,2033
568,2011,1650,2/9/1998,4344
568,2012,336,2/9/1998,1287
568,2013,1637,2/9/1998,7122
568,2014,304,2/9/1998,1028
568,2015,1109,2/9/1998,1201
568,2016,1584,2/9/1998,4075
568,2017,143,2/9/1998,593
569,2003,1059,16/3/2003,4159
569,2004,1260,16/3/2003,2777
569,2005,1123,16/3/2003,3619
569,2006,431,16/3/2003,1989
569,2007,1410,16/3/2003,3062
569,2008,1878,16/3/2003,4202
569,2009,316,16/3/2003,1561
569,2010,1308,16/3/2003,4159
569,2011,1544,16/3/2003,2149
569,2012,1901,16/3/2003,4763
569,2013,1033,16/3/2003,2826
569,2014,839,16/3/2003,2711
569,2015,1011,16/3/2003,1368
569,2016,611,16/3/2003,1147
569,2017,1214,16/3/2003,3528
570,1990,1248,17/5/1990,1392
570,1991,1531,17/5/1990,6432
570,1992,1748,17/5/1990,8472
570,1993,188,17/5/1990,487
570,1994,350,17/5/1990,956
570,1995,265,17/5/1990,630
570,1996,896,17/5/1990,3422
570,1997,1367,17/5/1990,2329
570,1998,1131,17/5/1990,2326
570,1999,1920,17/5/1990,5610
570,2000,433,17/5/1990,1631
570,2001,764,17/5/1990,2756
570,2002,1096,17/5/1990,2043
570,2003,651,17/5/1990,2604
570,2004,1581,17/5/1990,3262
570,2005,117,17/5/1990,461
570,2006,1598,17/5/1990,5397
570,2007,816,17/5/1990,2638
570,2008,812,17/5/1990,4035
570,2009,1161,17/5/1990,1772
570,2010,777,17/5/1990,2022
570,2011,1561,17/5/1990,6930
570,2012,620,17/5/1990,655
570,2013,192,17/5/1990,430
570,2014,1352,17/5/1990,3505
570,2015,1298,17/5/1990,2853
570,2016,1502,17/5/1990,1615
570,2017,1434,17/5/1990,5891
571,2013,267,28/6/2013,459
571,2014,1780,28/6/2013,3920
571,2015,746,28/6/2013,2098
571,2016,1458,28/6/2013,2965
571,2017,1893,28/6/2013,2573
572,2010,444,28/6/2010,1748
572,2011,958,28/6/2010,3661
572,2012,1347,28/6/2010,4666
572,2013,172,28/6/2010,622
572,2014,1367,28/6/2010,5340
572,2015,1474,28/6/2010,2466
572,2016,1024,28/6/2010,1981
572,2017,696,28/6/2010,1909
573,2006,931,12/4/2006,3898
573,2007,1397,12/4/2006,1531
573,2008,1234,12/4/2006,2753
573,2009,526,12/4/2006,1717
573,2010,1280,12/4/2006,3179
573,2011,421,12/4/2006,1548
573,2012,665,12/4/2006,1055
573,2013,1703,12/4/2006,8423
573,2014,190,12/4/2006,880
573,2015,353,12/4/2006,1265
573,2016,1445,12/4/2006,4811
573,2017,1808,12/4/2006,2626
574,2012,1728,13/1/2012,6839
574,2013,699,13/1/2012,2234
574,2014,484,13/1/2012,2266
574,2015,432,13/1/2012,1231
574,2016,1411,13/1/2012,3279
574,2017,1640,13/1/2012,2059
575,2003,1238,17/5/2003,2822
575,2004,823,17/5/2003,1250
575,2005,271,17/5/2003,1144
575,2006,939,17/5/2003,1389
575,2007,1001,17/5/2003,2892
575,2008,267,17/5/2003,1013
575,2009,1697,17/5/2003,7747
575,2010,215,17/5/2003,288
575,2011,263,17/5/2003,616
575,2012,579,17/5/2003,2033
575,2013,1792,17/5/2003,8542
575,2014,1873,17/5/2003,7023
575,2015,499,17/5/2003,1779
575,2016,533,17/5/2003,1021
575,2017,946,17/5/2003,3971
576,2002,623,16/2/2002,746
576,2003,763,16/2/2002,3618
576,2004,521,16/2/2002,1286
576,2005,1153,16/2/2002,1880
576,2006,1384,16/2/2002,5833
576,2007,451,16/2/2002,736
576,2008,753,16/2/2002,3695
576,2009,966,16/2/2002,2531
576,2010,1371,16/2/2002,3225
576,2011,772,16/2/2002,1565
576,2012,340,16/2/2002,405
576,2013,1421,16/2/2002,3428
576,2014,216,16/2/2002,511
576,2015,1070,16/2/2002,3149
576,2016,1864,16/2/2002,6758
576,2017,1677,16/2/2002,6733
577,2014,590,26/6/2014,1723
577,2015,1715,26/6/2014,8340
577,2016,1315,26/6/2014,5520
577,2017,1438,26/6/2014,1465
578,1999,651,20/6/1999,1724
578,2000,526,20/6/1999,716
578,2001,1414,20/6/1999,4567
578,2002,938,20/6/1999,2188
578,2003,1703,20/6/1999,2711
578,2004,683,20/6/1999,3330
578,2005,647,20/6/1999,1309
578,2006,1763,20/6/1999,8287
578,2007,1130,20/6/1999,2506
578,2008,1094,20/6/1999,2871
578,2009,118,20/6/1999,522
578,2010,1166,20/6/1999,4755
578,2011,1050,20/6/1999,4305
578,2012,1158,20/6/1999,1941
578,2013,181,20/6/1999,467
578,2014,634,20/6/1999,1114
578,2015,630,20/6/1999,2793
578,2016,1855,20/6/1999,6288
578,2017,435,20/6/1999,1770
579,1993,269,26/5/1993,492
579,1994,1605,26/5/1993,7640
579,1995,1883,26/5/1993,7766
579,1996,144,26/5/1993,257
579,1997,1386,26/5/1993,5174
579,1998,245,26/5/1993,418
579,1999,1594,26/5/1993,3909
579,2000,633,26/5/1993,1003
579,2001,996,26/5/1993,4416
579,2002,1085,26/5/1993,4863
579,2003,761,26/5/1993,2967
579,2004,1018,26/5/1993,3159
579,2005,1513,26/5/1993,4862
579,2006,1635,26/5/1993,1685
579,2007,1697,26/5/1993,3141
579,2008,326,26/5/1993,1424
579,2009,512,26/5/1993,2205
579,2010,1552,26/5/1993,6259
579,2011,1126,26/5/1993,3635
579,2012,1196,26/5/1993,1333
579,2013,1064,26/5/1993,5053
579,2014,563,26/5/1993,1886
579,2015,1575,26/5/1993,2430
579,2016,1061,26/5/1993,1890
579,2017,1318,26/5/1993,1726
580,1995,953,22/7/1995,4542
580,1996,1526,22/7/1995,1583
580,1997,1709,22/7/1995,6103
580,1998,892,22/7/1995,3921
580,1999,898,22/7/1995,2108
580,2000,1128,22/7/1995,1775
580,2001,256,22/7/1995,1249
580,2002,806,22/7/1995,996
580,2003,256,22/7/1995,494
580,2004,287,22/7/1995,1314
580,2005,126,22/7/1995,366
580,2006,403,22/7/1995,538
580,2007,484,22/7/1995,2025
580,2008,1400,22/7/1995,3924
580,2009,1224,22/7/1995,2661
580,2010,1057,22/7/1995,2019
580,2011,1590,22/7/1995,3031
580,2012,1475,22/7/1995,3356
580,2013,908,22/7/1995,1908
580,2014,452,22/7/1995,1387
580,2015,656,22/7/1995,2284
580,2016,173,22/7/1995,534
580,2017,126,22/7/1995,175
581,1993,439,8/7/1993,577
581,1994,580,8/7/1993,1776
581,1995,99,8/7/1993,410
581,1996,515,8/7/1993,1403
581,1997,1064,8/7/1993,5234
581,1998,233,8/7/1993,642
581,1999,1903,8/7/1993,2118
581,2000,1641,8/7/1993,4535
581,2001,1894,8/7/1993,2832
581,2002,1498,8/7/1993,7141
581,2003,1016,8/7/1993,3739
581,2004,832,8/7/1993,1628
581,2005,837,8/7/1993,2199
581,2006,1574,8/7/1993,6722
581,2007,1534,8/7/1993,5719
581,2008,1567,8/7/1993,7009
581,2009,417,8/7/1993,1637
581,2010,199,8/7/1993,715
581,2011,1791,8/7/1993,5380
581,2012,183,8/7/1993,613
581,2013,1059,8/7/1993,1524
581,2014,1413,8/7/1993,5029
581,2015,1820,8/7/1993,5485
581,2016,1813,8/7/1993,6731
581,2017,934,8/7/1993,3984
582,1995,1572,19/3/1995,2233
582,1996,167,19/3/1995,364
582,1997,735,19/3/1995,1932
582,1998,1335,19/3/1995,3014
582,1999,1632,19/3/1995,5653
582,2000,1476,19/3/1995,5878
582,2001,1804,19/3/1995,8516
582,2002,438,19/3/1995,2169
582,2003,312,19/3/1995,1237
582,2004,1741,19/3/1995,2897
582,2005,1116,19/3/1995,3736
582,2006,1882,19/3/1995,5058
582,2007,1427,19/3/1995,6576
582,2008,1295,19/3/1995,4342
582,2009,941,19/3/1995,1971
582,2010,746,19/3/1995,2310
582,2011,1760,19/3/1995,5757
582,2012,733,19/3/1995,1174
582,2013,607,19/3/1995,1879
582,2014,969,19/3/1995,4433
582,2015,141,19/3/1995,570
582,2016,1779,19/3/1995,4311
582,2017,226,19/3/1995,1059
583,1996,89,6/12/1996,129
583,1997,1426,6/12/1996,1836
583,1998,1727,6/12/1996,2716
583,1999,1417,6/12/1996,5092
583,2000,1232,6/12/1996,1258
583,2001,1036,6/12/1996,2355
583,2002,398,6/12/1996,1409
583,2003,834,6/12/1996,2071
583,2004,654,6/12/1996,2015
583,2005,318,6/12/1996,336
583,2006,1519,6/12/1996,4670
583,2007,461,6/12/1996,929
583,2008,1334,6/12/1996,6003
583,2009,503,6/12/1996,1180
583,2010,902,6/12/1996,4219
583,2011,406,6/12/1996,616
583,2012,403,6/12/1996,1781
583,2013,172,6/12/1996,812
583,2014,1275,6/12/1996,4973
583,2015,1311,6/12/1996,4146
583,2016,549,6/12/1996,1949
583,2017,1592,6/12/1996,6520
